cell_id,longitude,latitude,stress_score,urbanization_component,vegetation_component,water_component,evidence_strength,stress_quartile,rank
C_052_166,79.701092,13.310472,0.6771,0.5,1.0,0.5312,High (Multi-Source Convergence),Q4: Higher Relative Stress,1
C_035_064,78.778702,13.463186,0.6761,0.496,0.7934,0.7388,High (Multi-Source Convergence),Q4: Higher Relative Stress,2
C_052_169,79.728042,13.310472,0.667,0.5276,0.9962,0.4771,High (Multi-Source Convergence),Q4: Higher Relative Stress,3
C_047_044,78.599039,13.355388,0.661,0.9099,1.0,0.073,High (Multi-Source Convergence),Q4: Higher Relative Stress,4
C_038_055,78.697854,13.436236,0.6559,0.804,0.7897,0.374,High (Multi-Source Convergence),Q4: Higher Relative Stress,5
C_045_166,79.701092,13.373354,0.6415,0.4104,0.5141,1.0,High (Multi-Source Convergence),Q4: Higher Relative Stress,6
C_042_054,78.688871,13.400304,0.6192,0.4148,0.4427,1.0,High (Multi-Source Convergence),Q4: Higher Relative Stress,7
C_040_056,78.706837,13.41827,0.6184,0.4804,0.6508,0.7241,High (Multi-Source Convergence),Q4: Higher Relative Stress,8
C_055_047,78.625988,13.283523,0.6163,0.6956,1.0,0.1533,High (Multi-Source Convergence),Q4: Higher Relative Stress,9
C_073_102,79.120062,13.121826,0.6112,0.8461,0.8529,0.1346,High (Multi-Source Convergence),Q4: Higher Relative Stress,10
C_069_054,78.688871,13.157759,0.6075,0.7147,0.7905,0.3173,High (Multi-Source Convergence),Q4: Higher Relative Stress,11
C_053_166,79.701092,13.301489,0.6071,0.3731,0.6491,0.799,High (Multi-Source Convergence),Q4: Higher Relative Stress,12
C_050_169,79.728042,13.328439,0.5978,0.4206,0.6652,0.7077,High (Multi-Source Convergence),Q4: Higher Relative Stress,13
C_047_043,78.590056,13.355388,0.5967,0.7471,0.8002,0.243,High (Multi-Source Convergence),Q4: Higher Relative Stress,14
C_042_068,78.814635,13.400304,0.5953,0.5959,0.6287,0.5613,High (Multi-Source Convergence),Q4: Higher Relative Stress,15
C_045_169,79.728042,13.373354,0.5923,0.3483,0.6988,0.7299,High (Multi-Source Convergence),Q4: Higher Relative Stress,16
C_065_059,78.733786,13.193691,0.5873,0.6528,0.6493,0.4598,High (Multi-Source Convergence),Q4: Higher Relative Stress,17
C_051_165,79.692109,13.319455,0.5848,0.3889,0.6973,0.6682,High (Multi-Source Convergence),Q4: Higher Relative Stress,18
C_066_070,78.832601,13.184708,0.5833,0.7783,0.7242,0.2472,High (Multi-Source Convergence),Q4: Higher Relative Stress,19
C_044_054,78.688871,13.382338,0.5819,0.5641,0.994,0.1876,High (Multi-Source Convergence),Q4: Higher Relative Stress,20
C_051_161,79.656176,13.319455,0.5817,0.4095,0.699,0.6365,High (Multi-Source Convergence),Q4: Higher Relative Stress,21
C_046_042,78.581073,13.364371,0.5804,0.6718,0.7524,0.317,High (Multi-Source Convergence),Q4: Higher Relative Stress,22
C_049_162,79.66516,13.337422,0.5795,0.2597,0.4789,1.0,High (Multi-Source Convergence),Q4: Higher Relative Stress,23
C_051_162,79.66516,13.319455,0.5794,0.27,0.4682,1.0,High (Multi-Source Convergence),Q4: Higher Relative Stress,24
C_039_166,79.701092,13.427253,0.578,0.2545,0.4795,1.0,High (Multi-Source Convergence),Q4: Higher Relative Stress,25
C_024_067,78.805652,13.562001,0.5775,0.477,0.2556,1.0,High (Multi-Source Convergence),Q4: Higher Relative Stress,26
C_063_061,78.751753,13.211658,0.5764,0.5727,0.8543,0.3023,High (Multi-Source Convergence),Q4: Higher Relative Stress,27
C_039_167,79.710075,13.427253,0.5746,0.2168,0.5845,0.9225,High (Multi-Source Convergence),Q4: Higher Relative Stress,28
C_041_054,78.688871,13.409287,0.5728,0.4809,0.4871,0.7503,High (Multi-Source Convergence),Q4: Higher Relative Stress,29
C_050_053,78.679887,13.328439,0.5711,0.6745,0.8837,0.1549,High (Multi-Source Convergence),Q4: Higher Relative Stress,30
C_043_040,78.563106,13.391321,0.5702,0.7493,0.7563,0.205,High (Multi-Source Convergence),Q4: Higher Relative Stress,31
C_044_041,78.57209,13.382338,0.5677,0.5722,0.9897,0.1411,High (Multi-Source Convergence),Q4: Higher Relative Stress,32
C_050_037,78.536157,13.328439,0.5674,0.4981,0.8971,0.3068,High (Multi-Source Convergence),Q4: Higher Relative Stress,33
C_054_053,78.679887,13.292506,0.5672,0.835,0.779,0.0878,High (Multi-Source Convergence),Q4: Higher Relative Stress,34
C_064_056,78.706837,13.202674,0.565,0.5015,0.9609,0.2325,High (Multi-Source Convergence),Q4: Higher Relative Stress,35
C_044_169,79.728042,13.382338,0.5643,0.2351,0.4579,1.0,High (Multi-Source Convergence),Q4: Higher Relative Stress,36
C_063_058,78.724803,13.211658,0.5636,0.7102,0.689,0.2915,High (Multi-Source Convergence),Q4: Higher Relative Stress,37
C_047_168,79.719059,13.355388,0.5633,0.3948,0.6859,0.6091,High (Multi-Source Convergence),Q4: Higher Relative Stress,38
C_050_166,79.701092,13.328439,0.563,0.3541,0.3758,0.9592,High (Multi-Source Convergence),Q4: Higher Relative Stress,39
C_051_169,79.728042,13.319455,0.5628,0.3196,0.561,0.8079,High (Multi-Source Convergence),Q4: Higher Relative Stress,40
C_037_053,78.679887,13.44522,0.5622,0.4605,0.6621,0.5639,High (Multi-Source Convergence),Q4: Higher Relative Stress,41
C_062_059,78.733786,13.220641,0.5605,0.6608,0.7985,0.222,High (Multi-Source Convergence),Q4: Higher Relative Stress,42
C_049_165,79.692109,13.337422,0.5601,0.2367,0.4437,1.0,High (Multi-Source Convergence),Q4: Higher Relative Stress,43
C_087_030,78.473275,12.996062,0.5599,0.6788,0.8099,0.191,High (Multi-Source Convergence),Q4: Higher Relative Stress,44
C_064_063,78.769719,13.202674,0.5592,0.6994,0.9344,0.0439,High (Multi-Source Convergence),Q4: Higher Relative Stress,45
C_114_005,78.248696,12.753517,0.5587,0.6519,1.0,0.0242,High (Multi-Source Convergence),Q4: Higher Relative Stress,46
C_048_166,79.701092,13.346405,0.5587,0.2954,0.3807,1.0,High (Multi-Source Convergence),Q4: Higher Relative Stress,47
C_050_167,79.710075,13.328439,0.5555,0.3596,0.6287,0.6782,High (Multi-Source Convergence),Q4: Higher Relative Stress,48
C_051_034,78.509207,13.319455,0.5549,0.5563,1.0,0.1084,High (Multi-Source Convergence),Q4: Higher Relative Stress,49
C_055_053,78.679887,13.283523,0.5543,0.6152,0.9356,0.112,High (Multi-Source Convergence),Q4: Higher Relative Stress,50
C_067_055,78.697854,13.175725,0.5517,0.5023,0.7932,0.3596,High (Multi-Source Convergence),Q4: Higher Relative Stress,51
C_038_167,79.710075,13.436236,0.5514,0.1555,0.4986,1.0,Moderate (Compound Moisture/Vegetation Stress),Q4: Higher Relative Stress,52
C_051_036,78.527174,13.319455,0.5502,0.5889,1.0,0.0616,High (Multi-Source Convergence),Q4: Higher Relative Stress,53
C_035_065,78.787685,13.463186,0.5495,0.6172,1.0,0.0314,High (Multi-Source Convergence),Q4: Higher Relative Stress,54
C_042_070,78.832601,13.400304,0.5491,0.5006,0.9776,0.169,Moderate (Same-Sensor Spectral Agreement),Q4: Higher Relative Stress,55
C_063_060,78.742769,13.211658,0.5485,0.7094,0.6913,0.2446,High (Multi-Source Convergence),Q4: Higher Relative Stress,56
C_066_060,78.742769,13.184708,0.5485,0.7064,0.8557,0.0832,High (Multi-Source Convergence),Q4: Higher Relative Stress,57
C_050_168,79.719059,13.328439,0.5484,0.2597,0.4727,0.9127,High (Multi-Source Convergence),Q4: Higher Relative Stress,58
C_042_069,78.823618,13.400304,0.5483,0.5641,0.723,0.3579,High (Multi-Source Convergence),Q4: Higher Relative Stress,59
C_046_168,79.719059,13.364371,0.5483,0.225,0.5229,0.897,High (Multi-Source Convergence),Q4: Higher Relative Stress,60
C_043_039,78.554123,13.391321,0.5472,0.6806,0.8475,0.1136,High (Multi-Source Convergence),Q4: Higher Relative Stress,61
C_048_168,79.719059,13.346405,0.5461,0.2218,0.4612,0.9553,High (Multi-Source Convergence),Q4: Higher Relative Stress,62
C_048_169,79.728042,13.346405,0.5455,0.212,0.4246,1.0,High (Multi-Source Convergence),Q4: Higher Relative Stress,63
C_050_036,78.527174,13.328439,0.5445,0.5944,1.0,0.039,High (Multi-Source Convergence),Q4: Higher Relative Stress,64
C_045_038,78.54514,13.373354,0.5413,0.6161,0.8666,0.1411,High (Multi-Source Convergence),Q4: Higher Relative Stress,65
C_053_050,78.652938,13.301489,0.5412,0.5428,0.9901,0.0907,High (Multi-Source Convergence),Q4: Higher Relative Stress,66
C_074_102,79.120062,13.112843,0.5397,0.6155,0.9202,0.0835,High (Multi-Source Convergence),Q4: Higher Relative Stress,67
C_045_168,79.719059,13.373354,0.5397,0.1572,0.5462,0.9156,Moderate (Compound Moisture/Vegetation Stress),Q4: Higher Relative Stress,68
C_045_035,78.518191,13.373354,0.5396,0.5147,0.9391,0.1651,High (Multi-Source Convergence),Q4: Higher Relative Stress,69
C_045_036,78.527174,13.373354,0.5376,0.5499,1.0,0.0629,High (Multi-Source Convergence),Q4: Higher Relative Stress,70
C_046_035,78.518191,13.364371,0.5375,0.6538,0.8557,0.1028,High (Multi-Source Convergence),Q4: Higher Relative Stress,71
C_046_043,78.590056,13.364371,0.537,0.399,0.6781,0.5338,High (Multi-Source Convergence),Q4: Higher Relative Stress,72
C_050_158,79.629227,13.328439,0.5365,0.4759,0.5861,0.5475,High (Multi-Source Convergence),Q4: Higher Relative Stress,73
C_050_165,79.692109,13.328439,0.5361,0.21,0.3982,1.0,High (Multi-Source Convergence),Q4: Higher Relative Stress,74
C_066_055,78.697854,13.184708,0.5349,0.7254,0.6199,0.2594,High (Multi-Source Convergence),Q4: Higher Relative Stress,75
C_062_060,78.742769,13.220641,0.5344,0.617,0.6462,0.3399,High (Multi-Source Convergence),Q4: Higher Relative Stress,76
C_049_170,79.737025,13.337422,0.5335,0.225,0.7265,0.6491,High (Multi-Source Convergence),Q4: Higher Relative Stress,77
C_051_035,78.518191,13.319455,0.5335,0.557,1.0,0.0436,High (Multi-Source Convergence),Q4: Higher Relative Stress,78
C_052_034,78.509207,13.310472,0.5328,0.4599,0.9759,0.1624,High (Multi-Source Convergence),Q4: Higher Relative Stress,79
C_052_155,79.602278,13.310472,0.5317,0.6705,0.7598,0.1647,High (Multi-Source Convergence),Q4: Higher Relative Stress,80
C_041_166,79.701092,13.409287,0.5315,0.2284,0.3984,0.9677,High (Multi-Source Convergence),Q4: Higher Relative Stress,81
C_050_162,79.66516,13.328439,0.5303,0.4314,0.644,0.5155,High (Multi-Source Convergence),Q4: Higher Relative Stress,82
C_040_057,78.71582,13.41827,0.5296,0.5247,0.7388,0.3252,High (Multi-Source Convergence),Q4: Higher Relative Stress,83
C_053_039,78.554123,13.301489,0.5294,0.5613,0.9607,0.0662,High (Multi-Source Convergence),Q4: Higher Relative Stress,84
C_045_087,78.985315,13.373354,0.5293,0.5369,1.0,0.0511,High (Multi-Source Convergence),Q4: Higher Relative Stress,85
C_041_070,78.832601,13.409287,0.5287,0.5683,0.8522,0.1657,High (Multi-Source Convergence),Q4: Higher Relative Stress,86
C_045_040,78.563106,13.373354,0.5284,0.5784,0.9074,0.0996,High (Multi-Source Convergence),Q4: Higher Relative Stress,87
C_043_054,78.688871,13.391321,0.5279,0.5325,1.0,0.0511,High (Multi-Source Convergence),Q4: Higher Relative Stress,88
C_042_163,79.674143,13.400304,0.5271,0.1922,0.3892,1.0,Moderate (Compound Moisture/Vegetation Stress),Q4: Higher Relative Stress,89
C_065_132,79.389556,13.193691,0.5261,0.4553,0.3863,0.7368,High (Multi-Source Convergence),Q4: Higher Relative Stress,90
C_045_043,78.590056,13.373354,0.5258,0.4515,1.0,0.1258,High (Multi-Source Convergence),Q4: Higher Relative Stress,91
C_050_035,78.518191,13.328439,0.5257,0.5034,1.0,0.0737,High (Multi-Source Convergence),Q4: Higher Relative Stress,92
C_040_166,79.701092,13.41827,0.5255,0.2704,0.3283,0.9778,High (Multi-Source Convergence),Q4: Higher Relative Stress,93
C_062_061,78.751753,13.220641,0.5254,0.6586,0.5686,0.3491,High (Multi-Source Convergence),Q4: Higher Relative Stress,94
C_071_127,79.344641,13.139792,0.5223,0.5239,1.0,0.0431,High (Multi-Source Convergence),Q4: Higher Relative Stress,95
C_043_041,78.57209,13.391321,0.5218,0.472,0.9848,0.1087,High (Multi-Source Convergence),Q4: Higher Relative Stress,96
C_044_044,78.599039,13.382338,0.5209,0.5461,0.8953,0.1215,High (Multi-Source Convergence),Q4: Higher Relative Stress,97
C_050_164,79.683126,13.328439,0.52,0.3603,0.4552,0.7444,High (Multi-Source Convergence),Q4: Higher Relative Stress,98
C_048_038,78.54514,13.346405,0.5197,0.4618,0.9842,0.113,High (Multi-Source Convergence),Q4: Higher Relative Stress,99
C_053_152,79.575328,13.301489,0.5196,0.4036,0.8992,0.2561,High (Multi-Source Convergence),Q4: Higher Relative Stress,100
C_045_048,78.634972,13.373354,0.5186,0.4711,1.0,0.0848,High (Multi-Source Convergence),Q4: Higher Relative Stress,101
C_054_054,78.688871,13.292506,0.5181,0.5304,0.8582,0.1657,High (Multi-Source Convergence),Q4: Higher Relative Stress,102
C_063_055,78.697854,13.211658,0.5165,0.4879,0.9346,0.1271,Moderate (Same-Sensor Spectral Agreement),Q4: Higher Relative Stress,103
C_116_007,78.266662,12.735551,0.5163,0.5,1.0,0.0488,Moderate (Same-Sensor Spectral Agreement),Q4: Higher Relative Stress,104
C_061_167,79.710075,13.229624,0.5159,0.2422,0.3054,1.0,High (Multi-Source Convergence),Q4: Higher Relative Stress,105
C_068_094,79.048197,13.166742,0.5158,0.5943,0.7277,0.2253,High (Multi-Source Convergence),Q4: Higher Relative Stress,106
C_024_068,78.814635,13.562001,0.5153,0.5744,0.7203,0.2512,High (Multi-Source Convergence),Q4: Higher Relative Stress,107
C_048_161,79.656176,13.346405,0.5153,0.2912,0.5225,0.7322,High (Multi-Source Convergence),Q4: Higher Relative Stress,108
C_046_044,78.599039,13.364371,0.5152,0.4615,0.8741,0.2099,High (Multi-Source Convergence),Q4: Higher Relative Stress,109
C_051_033,78.500224,13.319455,0.5149,0.4817,0.9819,0.0812,High (Multi-Source Convergence),Q4: Higher Relative Stress,110
C_066_059,78.733786,13.184708,0.5146,0.5278,0.7205,0.2954,High (Multi-Source Convergence),Q4: Higher Relative Stress,111
C_044_037,78.536157,13.382338,0.5145,0.4221,0.9253,0.1962,High (Multi-Source Convergence),Q4: Higher Relative Stress,112
C_058_056,78.706837,13.256573,0.5143,0.5592,0.8559,0.1277,High (Multi-Source Convergence),Q4: Higher Relative Stress,113
C_040_058,78.724803,13.41827,0.5137,0.5705,0.9064,0.0642,High (Multi-Source Convergence),Q4: Higher Relative Stress,114
C_046_164,79.683126,13.364371,0.5128,0.187,0.3513,1.0,Moderate (Compound Moisture/Vegetation Stress),Q4: Higher Relative Stress,115
C_119_017,78.356494,12.708601,0.5115,0.594,0.2865,0.654,High (Multi-Source Convergence),Q4: Higher Relative Stress,116
C_046_046,78.617005,13.364371,0.5115,0.6118,0.7701,0.1526,High (Multi-Source Convergence),Q4: Higher Relative Stress,117
C_052_168,79.719059,13.310472,0.5112,0.2946,0.5857,0.6533,High (Multi-Source Convergence),Q4: Higher Relative Stress,118
C_051_163,79.674143,13.319455,0.511,0.154,0.3791,1.0,Moderate (Compound Moisture/Vegetation Stress),Q4: Higher Relative Stress,119
C_046_163,79.674143,13.364371,0.5106,0.2649,0.4361,0.8308,High (Multi-Source Convergence),Q4: Higher Relative Stress,120
C_035_063,78.769719,13.463186,0.5104,0.3073,0.661,0.5629,High (Multi-Source Convergence),Q4: Higher Relative Stress,121
C_033_042,78.581073,13.481152,0.5101,0.4604,1.0,0.0701,High (Multi-Source Convergence),Q4: Higher Relative Stress,122
C_055_048,78.634972,13.283523,0.5097,0.4587,1.0,0.0704,High (Multi-Source Convergence),Q4: Higher Relative Stress,123
C_047_169,79.728042,13.355388,0.5093,0.2332,0.5444,0.7504,High (Multi-Source Convergence),Q4: Higher Relative Stress,124
C_049_163,79.674143,13.337422,0.5091,0.1865,0.3406,1.0,Moderate (Compound Moisture/Vegetation Stress),Q4: Higher Relative Stress,125
C_055_054,78.688871,13.283523,0.5083,0.4919,0.9558,0.0773,High (Multi-Source Convergence),Q4: Higher Relative Stress,126
C_042_166,79.701092,13.400304,0.5076,0.1997,0.3231,1.0,Moderate (Compound Moisture/Vegetation Stress),Q4: Higher Relative Stress,127
C_117_006,78.257679,12.726567,0.5076,0.5,1.0,0.0229,Moderate (Same-Sensor Spectral Agreement),Q4: Higher Relative Stress,128
C_061_117,79.254809,13.229624,0.5076,0.5354,0.7777,0.2096,High (Multi-Source Convergence),Q4: Higher Relative Stress,129
C_046_102,79.120062,13.364371,0.5075,0.1876,0.7337,0.6012,Moderate (Compound Moisture/Vegetation Stress),Q4: Higher Relative Stress,130
C_055_052,78.670904,13.283523,0.5061,0.581,0.75,0.1873,High (Multi-Source Convergence),Q4: Higher Relative Stress,131
C_044_088,78.994298,13.382338,0.5059,0.5913,0.5909,0.3357,High (Multi-Source Convergence),Q4: Higher Relative Stress,132
C_039_054,78.688871,13.427253,0.5042,0.4758,0.8428,0.1942,High (Multi-Source Convergence),Q4: Higher Relative Stress,133
C_115_005,78.248696,12.744534,0.5041,0.5,1.0,0.0124,Moderate (Same-Sensor Spectral Agreement),Q4: Higher Relative Stress,134
C_084_049,78.643955,13.023011,0.5039,0.5,1.0,0.0118,Moderate (Same-Sensor Spectral Agreement),Q4: Higher Relative Stress,135
C_055_159,79.63821,13.283523,0.5038,0.2186,0.7053,0.5873,High (Multi-Source Convergence),Q4: Higher Relative Stress,136
C_092_033,78.500224,12.951146,0.5036,0.6525,0.7067,0.1516,High (Multi-Source Convergence),Q4: Higher Relative Stress,137
C_066_072,78.850567,13.184708,0.5031,0.4589,0.7738,0.2764,High (Multi-Source Convergence),Q4: Higher Relative Stress,138
C_057_058,78.724803,13.265557,0.5029,0.6039,0.7539,0.151,High (Multi-Source Convergence),Q4: Higher Relative Stress,139
C_067_058,78.724803,13.175725,0.5027,0.4906,0.7866,0.2309,High (Multi-Source Convergence),Q4: Higher Relative Stress,140
C_056_051,78.661921,13.27454,0.5026,0.6598,0.724,0.1241,High (Multi-Source Convergence),Q4: Higher Relative Stress,141
C_044_052,78.670904,13.382338,0.5021,0.5082,0.8033,0.1948,High (Multi-Source Convergence),Q4: Higher Relative Stress,142
C_050_161,79.656176,13.328439,0.5011,0.3699,0.6302,0.5033,High (Multi-Source Convergence),Q4: Higher Relative Stress,143
C_045_045,78.608022,13.373354,0.5011,0.3741,0.9424,0.187,Moderate (Same-Sensor Spectral Agreement),Q4: Higher Relative Stress,144
C_082_051,78.661921,13.040978,0.5008,0.4997,1.0,0.0026,Moderate (Same-Sensor Spectral Agreement),Q4: Higher Relative Stress,145
C_060_098,79.084129,13.238607,0.5008,0.6202,0.6798,0.2024,High (Multi-Source Convergence),Q4: Higher Relative Stress,146
C_063_067,78.805652,13.211658,0.5003,0.5,1.0,0.001,Moderate (Same-Sensor Spectral Agreement),Q4: Higher Relative Stress,147
C_088_042,78.581073,12.987079,0.5002,0.5,1.0,0.0007,Moderate (Same-Sensor Spectral Agreement),Q4: Higher Relative Stress,148
C_085_040,78.563106,13.014028,0.5001,0.5,1.0,0.0003,Moderate (Same-Sensor Spectral Agreement),Q4: Higher Relative Stress,149
C_060_055,78.697854,13.238607,0.5001,0.4383,0.8526,0.2093,High (Multi-Source Convergence),Q4: Higher Relative Stress,150
C_116_006,78.257679,12.735551,0.5001,0.5,1.0,0.0003,Moderate (Same-Sensor Spectral Agreement),Q4: Higher Relative Stress,151
C_084_044,78.599039,13.023011,0.5,0.5,1.0,0.0,Moderate (Same-Sensor Spectral Agreement),Q4: Higher Relative Stress,152
C_081_042,78.581073,13.049961,0.5,0.5,1.0,0.0,Moderate (Same-Sensor Spectral Agreement),Q4: Higher Relative Stress,153
C_082_041,78.57209,13.040978,0.5,0.5,1.0,0.0,Moderate (Same-Sensor Spectral Agreement),Q4: Higher Relative Stress,154
C_086_045,78.608022,13.005045,0.5,0.5,1.0,0.0,Moderate (Same-Sensor Spectral Agreement),Q4: Higher Relative Stress,155
C_082_040,78.563106,13.040978,0.5,0.5,1.0,0.0,Moderate (Same-Sensor Spectral Agreement),Q4: Higher Relative Stress,156
C_087_044,78.599039,12.996062,0.5,0.5,1.0,0.0,Moderate (Same-Sensor Spectral Agreement),Q4: Higher Relative Stress,157
C_080_041,78.57209,13.058944,0.5,0.5,1.0,0.0,Moderate (Same-Sensor Spectral Agreement),Q4: Higher Relative Stress,158
C_081_041,78.57209,13.049961,0.5,0.5,1.0,0.0,Moderate (Same-Sensor Spectral Agreement),Q4: Higher Relative Stress,159
C_082_050,78.652938,13.040978,0.5,0.5,1.0,0.0,Moderate (Same-Sensor Spectral Agreement),Q4: Higher Relative Stress,160
C_080_040,78.563106,13.058944,0.5,0.5,1.0,0.0,Moderate (Same-Sensor Spectral Agreement),Q4: Higher Relative Stress,161
C_077_066,78.796668,13.085893,0.5,0.5,1.0,0.0,Moderate (Same-Sensor Spectral Agreement),Q4: Higher Relative Stress,162
C_073_069,78.823618,13.121826,0.5,0.5,1.0,0.0,Moderate (Same-Sensor Spectral Agreement),Q4: Higher Relative Stress,163
C_117_005,78.248696,12.726567,0.5,0.5,1.0,0.0,Moderate (Same-Sensor Spectral Agreement),Q4: Higher Relative Stress,164
C_082_042,78.581073,13.040978,0.5,0.5,1.0,0.0,Moderate (Same-Sensor Spectral Agreement),Q4: Higher Relative Stress,165
C_081_040,78.563106,13.049961,0.5,0.5,1.0,0.0,Moderate (Same-Sensor Spectral Agreement),Q4: Higher Relative Stress,166
C_084_045,78.608022,13.023011,0.5,0.4999,1.0,0.0,Moderate (Same-Sensor Spectral Agreement),Q4: Higher Relative Stress,167
C_116_005,78.248696,12.735551,0.5,0.5,1.0,0.0,Moderate (Same-Sensor Spectral Agreement),Q4: Higher Relative Stress,168
C_083_042,78.581073,13.031995,0.5,0.5,1.0,0.0,Moderate (Same-Sensor Spectral Agreement),Q4: Higher Relative Stress,169
C_083_043,78.590056,13.031995,0.5,0.5,1.0,0.0,Moderate (Same-Sensor Spectral Agreement),Q4: Higher Relative Stress,170
C_084_048,78.634972,13.023011,0.5,0.5,1.0,0.0,Moderate (Same-Sensor Spectral Agreement),Q4: Higher Relative Stress,171
C_084_043,78.590056,13.023011,0.5,0.5,1.0,0.0,Moderate (Same-Sensor Spectral Agreement),Q4: Higher Relative Stress,172
C_084_041,78.57209,13.023011,0.5,0.5,1.0,0.0,Moderate (Same-Sensor Spectral Agreement),Q4: Higher Relative Stress,173
C_083_041,78.57209,13.031995,0.5,0.5,1.0,0.0,Moderate (Same-Sensor Spectral Agreement),Q4: Higher Relative Stress,174
C_084_042,78.581073,13.023011,0.5,0.5,1.0,0.0,Moderate (Same-Sensor Spectral Agreement),Q4: Higher Relative Stress,175
C_085_044,78.599039,13.014028,0.5,0.5,1.0,0.0,Moderate (Same-Sensor Spectral Agreement),Q4: Higher Relative Stress,176
C_054_161,79.656176,13.292506,0.4999,0.2943,0.5477,0.6576,High (Multi-Source Convergence),Q4: Higher Relative Stress,177
C_046_165,79.692109,13.364371,0.4993,0.156,0.3725,0.9693,Moderate (Compound Moisture/Vegetation Stress),Q4: Higher Relative Stress,178
C_049_037,78.536157,13.337422,0.4992,0.466,0.9543,0.0773,High (Multi-Source Convergence),Q4: Higher Relative Stress,179
C_079_039,78.554123,13.067927,0.499,0.5,0.9969,0.0,Moderate (Same-Sensor Spectral Agreement),Q4: Higher Relative Stress,180
C_052_035,78.518191,13.310472,0.498,0.4975,0.9272,0.0694,High (Multi-Source Convergence),Q4: Higher Relative Stress,181
C_054_152,79.575328,13.292506,0.4976,0.2628,0.8652,0.3648,High (Multi-Source Convergence),Q4: Higher Relative Stress,182
C_050_034,78.509207,13.328439,0.4976,0.4646,1.0,0.0282,High (Multi-Source Convergence),Q4: Higher Relative Stress,183
C_085_041,78.57209,13.014028,0.4976,0.5,0.9928,0.0,Moderate (Same-Sensor Spectral Agreement),Q4: Higher Relative Stress,184
C_049_164,79.683126,13.337422,0.4973,0.1491,0.3429,1.0,Moderate (Compound Moisture/Vegetation Stress),Q4: Higher Relative Stress,185
C_044_043,78.590056,13.382338,0.4962,0.532,0.928,0.0288,High (Multi-Source Convergence),Q4: Higher Relative Stress,186
C_045_165,79.692109,13.373354,0.4961,0.2667,0.2217,1.0,High (Multi-Source Convergence),Q4: Higher Relative Stress,187
C_053_165,79.692109,13.301489,0.4956,0.21,0.3725,0.9042,High (Multi-Source Convergence),Q4: Higher Relative Stress,188
C_049_169,79.728042,13.337422,0.4952,0.2761,0.6977,0.5118,High (Multi-Source Convergence),Q4: Higher Relative Stress,189
C_063_051,78.661921,13.211658,0.4942,0.408,0.7242,0.3504,High (Multi-Source Convergence),Q4: Higher Relative Stress,190
C_054_162,79.66516,13.292506,0.4937,0.1892,0.2918,1.0,Moderate (Compound Moisture/Vegetation Stress),Q4: Higher Relative Stress,191
C_040_048,78.634972,13.41827,0.4935,0.4599,0.8111,0.2096,High (Multi-Source Convergence),Q4: Higher Relative Stress,192
C_048_044,78.599039,13.346405,0.4934,0.4575,0.9029,0.1199,High (Multi-Source Convergence),Q4: Higher Relative Stress,193
C_053_153,79.584311,13.301489,0.4929,0.5788,0.7683,0.1316,High (Multi-Source Convergence),Q4: Higher Relative Stress,194
C_035_073,78.85955,13.463186,0.4929,0.3914,0.6075,0.4798,High (Multi-Source Convergence),Q4: Higher Relative Stress,195
C_051_168,79.719059,13.319455,0.4928,0.3861,0.7183,0.374,High (Multi-Source Convergence),Q4: Higher Relative Stress,196
C_118_006,78.257679,12.717584,0.4927,0.4672,1.0,0.0108,Moderate (Same-Sensor Spectral Agreement),Q4: Higher Relative Stress,197
C_119_006,78.257679,12.708601,0.4923,0.4774,0.9995,0.0,Moderate (Same-Sensor Spectral Agreement),Q4: Higher Relative Stress,198
C_080_033,78.500224,13.058944,0.4921,0.746,0.5819,0.1484,High (Multi-Source Convergence),Q4: Higher Relative Stress,199
C_044_040,78.563106,13.382338,0.4918,0.6648,0.696,0.1146,High (Multi-Source Convergence),Q4: Higher Relative Stress,200
C_080_038,78.54514,13.058944,0.4918,0.5356,0.8473,0.0923,High (Multi-Source Convergence),Q4: Higher Relative Stress,201
C_044_164,79.683126,13.382338,0.4918,0.1509,0.3243,1.0,Moderate (Compound Moisture/Vegetation Stress),Q4: Higher Relative Stress,202
C_065_057,78.71582,13.193691,0.4917,0.5609,0.6617,0.2525,High (Multi-Source Convergence),Q4: Higher Relative Stress,203
C_070_054,78.688871,13.148776,0.4917,0.4233,0.7372,0.3147,High (Multi-Source Convergence),Q4: Higher Relative Stress,204
C_054_039,78.554123,13.292506,0.4915,0.453,0.9523,0.0691,High (Multi-Source Convergence),Q4: Higher Relative Stress,205
C_052_162,79.66516,13.310472,0.4907,0.2029,0.2692,1.0,High (Multi-Source Convergence),Q4: Higher Relative Stress,206
C_083_051,78.661921,13.031995,0.4903,0.5,0.9697,0.0012,Moderate (Same-Sensor Spectral Agreement),Q4: Higher Relative Stress,207
C_048_040,78.563106,13.346405,0.49,0.4071,1.0,0.0629,High (Multi-Source Convergence),Q4: Higher Relative Stress,208
C_047_045,78.608022,13.355388,0.49,0.4768,0.9057,0.0874,High (Multi-Source Convergence),Q4: Higher Relative Stress,209
C_044_038,78.54514,13.382338,0.4898,0.5023,0.8319,0.1352,High (Multi-Source Convergence),Q4: Higher Relative Stress,210
C_108_018,78.365477,12.807416,0.4896,0.6824,0.4589,0.3275,High (Multi-Source Convergence),Q4: Higher Relative Stress,211
C_050_163,79.674143,13.328439,0.4895,0.2429,0.4419,0.7837,High (Multi-Source Convergence),Q4: Higher Relative Stress,212
C_091_029,78.464292,12.960129,0.4891,0.5528,0.7193,0.1952,High (Multi-Source Convergence),Q4: Higher Relative Stress,213
C_043_087,78.985315,13.391321,0.4889,0.6108,0.6475,0.2083,High (Multi-Source Convergence),Q4: Higher Relative Stress,214
C_105_013,78.320561,12.834365,0.4888,0.6908,0.5956,0.1801,High (Multi-Source Convergence),Q4: Higher Relative Stress,215
C_042_165,79.692109,13.400304,0.4886,0.2941,0.4654,0.7063,High (Multi-Source Convergence),Q4: Higher Relative Stress,216
C_049_168,79.719059,13.337422,0.4886,0.1949,0.271,1.0,Moderate (Compound Moisture/Vegetation Stress),Q4: Higher Relative Stress,217
C_088_033,78.500224,12.987079,0.4884,0.707,0.6063,0.1519,High (Multi-Source Convergence),Q4: Higher Relative Stress,218
C_044_163,79.674143,13.382338,0.4882,0.1634,0.3013,1.0,Moderate (Compound Moisture/Vegetation Stress),Q4: Higher Relative Stress,219
C_037_052,78.670904,13.44522,0.4878,0.4289,0.808,0.2266,High (Multi-Source Convergence),Q4: Higher Relative Stress,220
C_079_035,78.518191,13.067927,0.4874,0.5736,0.7006,0.1879,High (Multi-Source Convergence),Q4: Higher Relative Stress,221
C_090_032,78.491241,12.969113,0.4874,0.6149,0.73,0.1172,High (Multi-Source Convergence),Q4: Higher Relative Stress,222
C_046_169,79.728042,13.364371,0.4873,0.2212,0.4229,0.8177,High (Multi-Source Convergence),Q4: Higher Relative Stress,223
C_050_033,78.500224,13.328439,0.4871,0.3974,1.0,0.064,Moderate (Same-Sensor Spectral Agreement),Q4: Higher Relative Stress,224
C_044_166,79.701092,13.382338,0.4866,0.2508,0.3009,0.9081,High (Multi-Source Convergence),Q4: Higher Relative Stress,225
C_112_007,78.266662,12.771483,0.486,0.6963,0.6302,0.1316,High (Multi-Source Convergence),Q4: Higher Relative Stress,226
C_090_039,78.554123,12.969113,0.4856,0.5522,0.6495,0.2551,High (Multi-Source Convergence),Q4: Higher Relative Stress,227
C_072_069,78.823618,13.130809,0.4853,0.4559,1.0,0.0,Moderate (Same-Sensor Spectral Agreement),Q4: Higher Relative Stress,228
C_066_071,78.841584,13.184708,0.4849,0.5684,0.5802,0.3062,High (Multi-Source Convergence),Q4: Higher Relative Stress,229
C_043_168,79.719059,13.391321,0.4844,0.1717,0.4089,0.8726,Moderate (Compound Moisture/Vegetation Stress),Q4: Higher Relative Stress,230
C_049_038,78.54514,13.337422,0.4837,0.4599,0.915,0.0763,High (Multi-Source Convergence),Q4: Higher Relative Stress,231
C_047_162,79.66516,13.355388,0.4834,0.2546,0.5666,0.6291,High (Multi-Source Convergence),Q4: Higher Relative Stress,232
C_046_166,79.701092,13.364371,0.4831,0.1996,0.2496,1.0,Moderate (Compound Moisture/Vegetation Stress),Q4: Higher Relative Stress,233
C_056_166,79.701092,13.27454,0.4826,0.1825,0.2653,1.0,Moderate (Compound Moisture/Vegetation Stress),Q4: Higher Relative Stress,234
C_079_040,78.563106,13.067927,0.4825,0.5,0.9475,0.0,Moderate (Same-Sensor Spectral Agreement),Q4: Higher Relative Stress,235
C_052_036,78.527174,13.310472,0.482,0.3986,0.8695,0.1778,Moderate (Same-Sensor Spectral Agreement),Q4: Higher Relative Stress,236
C_061_100,79.102096,13.229624,0.482,0.5593,0.5635,0.3232,High (Multi-Source Convergence),Q4: Higher Relative Stress,237
C_046_038,78.54514,13.364371,0.4818,0.4786,0.7613,0.2057,High (Multi-Source Convergence),Q4: Higher Relative Stress,238
C_049_157,79.620244,13.337422,0.4818,0.451,0.7166,0.2777,High (Multi-Source Convergence),Q4: Higher Relative Stress,239
C_082_039,78.554123,13.040978,0.4813,0.5,0.944,0.0,Moderate (Same-Sensor Spectral Agreement),Q4: Higher Relative Stress,240
C_045_042,78.581073,13.373354,0.481,0.4885,0.7868,0.1677,High (Multi-Source Convergence),Q4: Higher Relative Stress,241
C_044_051,78.661921,13.382338,0.4809,0.4656,0.8111,0.166,High (Multi-Source Convergence),Q4: Higher Relative Stress,242
C_055_093,79.039214,13.283523,0.4803,0.635,0.5454,0.2603,High (Multi-Source Convergence),Q4: Higher Relative Stress,243
C_089_032,78.491241,12.978096,0.4801,0.6084,0.6067,0.2253,High (Multi-Source Convergence),Q4: Higher Relative Stress,244
C_077_060,78.742769,13.085893,0.4801,0.4399,1.0,0.0003,Moderate (Same-Sensor Spectral Agreement),Q4: Higher Relative Stress,245
C_044_165,79.692109,13.382338,0.48,0.1521,0.2879,1.0,Moderate (Compound Moisture/Vegetation Stress),Q4: Higher Relative Stress,246
C_046_040,78.563106,13.364371,0.4799,0.6085,0.7158,0.1153,High (Multi-Source Convergence),Q4: Higher Relative Stress,247
C_086_041,78.57209,13.005045,0.4799,0.5,0.9397,0.0,Moderate (Same-Sensor Spectral Agreement),Q4: Higher Relative Stress,248
C_055_166,79.701092,13.283523,0.4798,0.2152,0.3663,0.858,High (Multi-Source Convergence),Q4: Higher Relative Stress,249
C_048_165,79.692109,13.346405,0.4798,0.1215,0.318,1.0,Moderate (Compound Moisture/Vegetation Stress),Q4: Higher Relative Stress,250
C_062_043,78.590056,13.220641,0.4797,0.4056,0.4629,0.5708,High (Multi-Source Convergence),Q4: Higher Relative Stress,251
C_046_167,79.710075,13.364371,0.4794,0.175,0.4472,0.8161,Moderate (Compound Moisture/Vegetation Stress),Q4: Higher Relative Stress,252
C_044_111,79.20091,13.382338,0.4792,0.563,0.5546,0.3199,High (Multi-Source Convergence),Q4: Higher Relative Stress,253
C_083_040,78.563106,13.031995,0.4789,0.5,0.9339,0.0026,Moderate (Same-Sensor Spectral Agreement),Q4: Higher Relative Stress,254
C_062_101,79.111079,13.220641,0.4782,0.6291,0.5621,0.2433,High (Multi-Source Convergence),Q4: Higher Relative Stress,255
C_069_059,78.733786,13.157759,0.478,0.4483,0.7152,0.2705,High (Multi-Source Convergence),Q4: Higher Relative Stress,256
C_048_043,78.590056,13.346405,0.4774,0.6522,0.6699,0.11,High (Multi-Source Convergence),Q4: Higher Relative Stress,257
C_055_049,78.643955,13.283523,0.4773,0.4489,0.899,0.0842,High (Multi-Source Convergence),Q4: Higher Relative Stress,258
C_050_154,79.593294,13.328439,0.4771,0.5776,0.617,0.2368,High (Multi-Source Convergence),Q4: Higher Relative Stress,259
C_118_015,78.338528,12.717584,0.4768,0.6393,0.3635,0.4277,High (Multi-Source Convergence),Q4: Higher Relative Stress,260
C_045_044,78.599039,13.373354,0.4768,0.3474,0.7584,0.3245,High (Multi-Source Convergence),Q4: Higher Relative Stress,261
C_052_165,79.692109,13.310472,0.4764,0.1515,0.3556,0.9222,Moderate (Compound Moisture/Vegetation Stress),Q4: Higher Relative Stress,262
C_081_108,79.173961,13.049961,0.4757,0.5064,0.7199,0.2007,High (Multi-Source Convergence),Q4: Higher Relative Stress,263
C_051_032,78.491241,13.319455,0.4755,0.532,0.8551,0.0393,High (Multi-Source Convergence),Q4: Higher Relative Stress,264
C_063_059,78.733786,13.211658,0.4752,0.6365,0.5252,0.2639,High (Multi-Source Convergence),Q4: Higher Relative Stress,265
C_087_031,78.482258,12.996062,0.4751,0.473,0.7771,0.1752,High (Multi-Source Convergence),Q4: Higher Relative Stress,266
C_092_029,78.464292,12.951146,0.475,0.6255,0.6436,0.1559,High (Multi-Source Convergence),Q4: Higher Relative Stress,267
C_126_016,78.347511,12.645719,0.4749,0.5,0.9246,0.0,Moderate (Same-Sensor Spectral Agreement),Q4: Higher Relative Stress,268
C_055_163,79.674143,13.283523,0.4749,0.1782,0.2885,0.9579,Moderate (Compound Moisture/Vegetation Stress),Q4: Higher Relative Stress,269
C_061_101,79.111079,13.229624,0.4749,0.6255,0.566,0.2332,High (Multi-Source Convergence),Q4: Higher Relative Stress,270
C_033_038,78.54514,13.481152,0.4745,0.5238,0.7428,0.157,High (Multi-Source Convergence),Q4: Higher Relative Stress,271
C_087_046,78.617005,12.996062,0.4743,0.4431,0.9796,0.0,Moderate (Same-Sensor Spectral Agreement),Q4: Higher Relative Stress,272
C_049_166,79.701092,13.337422,0.474,0.2079,0.4198,0.7941,High (Multi-Source Convergence),Q4: Higher Relative Stress,273
C_084_040,78.563106,13.023011,0.4737,0.5,0.9212,0.0,Moderate (Same-Sensor Spectral Agreement),Q4: Higher Relative Stress,274
C_042_039,78.554123,13.400304,0.4736,0.5518,0.7368,0.1323,High (Multi-Source Convergence),Q4: Higher Relative Stress,275
C_035_087,78.985315,13.463186,0.4734,0.5,0.9202,0.0,Moderate (Same-Sensor Spectral Agreement),Q4: Higher Relative Stress,276
C_088_030,78.473275,12.987079,0.4733,0.4901,0.7471,0.1826,High (Multi-Source Convergence),Q4: Higher Relative Stress,277
C_059_058,78.724803,13.24759,0.4724,0.4274,0.6668,0.3229,High (Multi-Source Convergence),Q4: Higher Relative Stress,278
C_051_160,79.647193,13.319455,0.4722,0.398,0.5602,0.4585,High (Multi-Source Convergence),Q4: Higher Relative Stress,279
C_055_165,79.692109,13.283523,0.4721,0.1577,0.2585,1.0,Moderate (Compound Moisture/Vegetation Stress),Q4: Higher Relative Stress,280
C_046_039,78.554123,13.364371,0.4715,0.6318,0.6333,0.1493,High (Multi-Source Convergence),Q4: Higher Relative Stress,281
C_074_076,78.8865,13.112843,0.4715,0.479,0.9341,0.0013,Moderate (Same-Sensor Spectral Agreement),Q4: Higher Relative Stress,282
C_119_015,78.338528,12.708601,0.4711,0.6271,0.3266,0.4595,High (Multi-Source Convergence),Q4: Higher Relative Stress,283
C_062_099,79.093112,13.220641,0.471,0.6704,0.6477,0.095,High (Multi-Source Convergence),Q4: Higher Relative Stress,284
C_091_031,78.482258,12.960129,0.471,0.488,0.6176,0.3075,High (Multi-Source Convergence),Q4: Higher Relative Stress,285
C_037_035,78.518191,13.44522,0.4709,0.4037,1.0,0.0088,High (Multi-Source Convergence),Q4: Higher Relative Stress,286
C_053_159,79.63821,13.301489,0.4704,0.1939,0.3828,0.8344,Moderate (Compound Moisture/Vegetation Stress),Q4: Higher Relative Stress,287
C_041_045,78.608022,13.409287,0.4702,0.3798,0.7683,0.2626,High (Multi-Source Convergence),Q4: Higher Relative Stress,288
C_044_087,78.985315,13.382338,0.4702,0.5229,0.7036,0.184,High (Multi-Source Convergence),Q4: Higher Relative Stress,289
C_083_050,78.652938,13.031995,0.4701,0.4458,0.9638,0.0007,Moderate (Same-Sensor Spectral Agreement),Q4: Higher Relative Stress,290
C_045_164,79.683126,13.373354,0.4699,0.1158,0.2939,1.0,Moderate (Compound Moisture/Vegetation Stress),Q4: Higher Relative Stress,291
C_059_165,79.692109,13.24759,0.4699,0.1696,0.2401,1.0,Moderate (Compound Moisture/Vegetation Stress),Q4: Higher Relative Stress,292
C_052_163,79.674143,13.310472,0.4692,0.2605,0.4089,0.7381,High (Multi-Source Convergence),Q4: Higher Relative Stress,293
C_049_155,79.602278,13.337422,0.4691,0.294,0.4429,0.6703,High (Multi-Source Convergence),Q4: Higher Relative Stress,294
C_108_019,78.37446,12.807416,0.4686,0.6451,0.3342,0.4264,High (Multi-Source Convergence),Q4: Higher Relative Stress,295
C_085_043,78.590056,13.014028,0.4683,0.5,0.9045,0.0003,Moderate (Same-Sensor Spectral Agreement),Q4: Higher Relative Stress,296
C_052_164,79.683126,13.310472,0.4682,0.1343,0.2704,1.0,Moderate (Compound Moisture/Vegetation Stress),Q4: Higher Relative Stress,297
C_080_042,78.581073,13.058944,0.4678,0.5,0.9014,0.002,Moderate (Same-Sensor Spectral Agreement),Q4: Higher Relative Stress,298
C_059_059,78.733786,13.24759,0.4677,0.4435,0.6333,0.3262,High (Multi-Source Convergence),Q4: Higher Relative Stress,299
C_053_162,79.66516,13.301489,0.4675,0.1252,0.2772,1.0,Moderate (Compound Moisture/Vegetation Stress),Q4: Higher Relative Stress,300
C_060_056,78.706837,13.238607,0.4675,0.4338,0.8201,0.1487,High (Multi-Source Convergence),Q4: Higher Relative Stress,301
C_049_159,79.63821,13.337422,0.4673,0.485,0.6328,0.2839,High (Multi-Source Convergence),Q4: Higher Relative Stress,302
C_086_032,78.491241,13.005045,0.4666,0.6941,0.5567,0.149,High (Multi-Source Convergence),Q4: Higher Relative Stress,303
C_061_059,78.733786,13.229624,0.4664,0.4833,0.7234,0.1926,High (Multi-Source Convergence),Q4: Higher Relative Stress,304
C_065_119,79.272775,13.193691,0.4663,0.4707,0.7983,0.13,High (Multi-Source Convergence),Q4: Higher Relative Stress,305
C_049_167,79.710075,13.337422,0.4662,0.226,0.6808,0.4919,High (Multi-Source Convergence),Q4: Higher Relative Stress,306
C_062_057,78.71582,13.220641,0.4659,0.3997,0.7928,0.2053,High (Multi-Source Convergence),Q4: Higher Relative Stress,307
C_049_160,79.647193,13.337422,0.4659,0.3441,0.4161,0.6376,High (Multi-Source Convergence),Q4: Higher Relative Stress,308
C_051_150,79.557362,13.319455,0.4659,0.4273,0.4023,0.5682,High (Multi-Source Convergence),Q4: Higher Relative Stress,309
C_045_046,78.617005,13.373354,0.4649,0.3143,0.7277,0.3527,High (Multi-Source Convergence),Q4: Higher Relative Stress,310
C_060_053,78.679887,13.238607,0.4645,0.2934,0.8934,0.2066,High (Multi-Source Convergence),Q4: Higher Relative Stress,311
C_060_061,78.751753,13.238607,0.4644,0.3913,0.5258,0.4762,High (Multi-Source Convergence),Q4: Higher Relative Stress,312
C_047_040,78.563106,13.355388,0.4643,0.3264,0.9481,0.1182,High (Multi-Source Convergence),Q4: Higher Relative Stress,313
C_042_048,78.634972,13.400304,0.4643,0.6074,0.6396,0.1457,High (Multi-Source Convergence),Q4: Higher Relative Stress,314
C_060_054,78.688871,13.238607,0.4642,0.4633,0.7839,0.1454,High (Multi-Source Convergence),Q4: Higher Relative Stress,315
C_093_041,78.57209,12.942163,0.4641,0.5028,0.6818,0.2076,High (Multi-Source Convergence),Q4: Higher Relative Stress,316
C_063_098,79.084129,13.211658,0.4639,0.4907,0.6164,0.2846,High (Multi-Source Convergence),Q4: Higher Relative Stress,317
C_032_042,78.581073,13.490135,0.4636,0.4203,0.8234,0.147,High (Multi-Source Convergence),Q4: Higher Relative Stress,318
C_066_056,78.706837,13.184708,0.4635,0.3753,0.6567,0.3586,High (Multi-Source Convergence),Q4: Higher Relative Stress,319
C_056_057,78.71582,13.27454,0.4635,0.5293,0.7477,0.1136,High (Multi-Source Convergence),Q4: Higher Relative Stress,320
C_048_164,79.683126,13.346405,0.4635,0.132,0.2585,1.0,Moderate (Compound Moisture/Vegetation Stress),Q4: Higher Relative Stress,321
C_050_055,78.697854,13.328439,0.4633,0.4317,0.8588,0.0992,High (Multi-Source Convergence),Q4: Higher Relative Stress,322
C_045_163,79.674143,13.373354,0.4633,0.1581,0.3351,0.8966,Moderate (Compound Moisture/Vegetation Stress),Q4: Higher Relative Stress,323
C_048_167,79.710075,13.346405,0.4629,0.1708,0.3527,0.8652,Moderate (Compound Moisture/Vegetation Stress),Q4: Higher Relative Stress,324
C_115_006,78.257679,12.744534,0.4626,0.5,0.871,0.0167,Moderate (Same-Sensor Spectral Agreement),Q4: Higher Relative Stress,325
C_040_055,78.697854,13.41827,0.4623,0.4343,0.8782,0.0743,High (Multi-Source Convergence),Q4: Higher Relative Stress,326
C_054_149,79.548379,13.292506,0.462,0.0944,0.9821,0.3095,Moderate (Compound Moisture/Vegetation Stress),Q4: Higher Relative Stress,327
C_043_048,78.634972,13.391321,0.4617,0.3915,0.8557,0.1379,High (Multi-Source Convergence),Q4: Higher Relative Stress,328
C_045_167,79.710075,13.373354,0.4616,0.0622,0.3225,1.0,Moderate (Compound Moisture/Vegetation Stress),Q4: Higher Relative Stress,329
C_052_156,79.611261,13.310472,0.4611,0.613,0.6386,0.1316,High (Multi-Source Convergence),Q4: Higher Relative Stress,330
C_034_037,78.536157,13.472169,0.461,0.5136,0.8162,0.0531,High (Multi-Source Convergence),Q4: Higher Relative Stress,331
C_051_158,79.629227,13.319455,0.461,0.4039,0.5662,0.4129,High (Multi-Source Convergence),Q4: Higher Relative Stress,332
C_085_045,78.608022,13.014028,0.4609,0.4818,0.9008,0.0,Moderate (Same-Sensor Spectral Agreement),Q4: Higher Relative Stress,333
C_047_164,79.683126,13.355388,0.4606,0.1784,0.3334,0.8701,Moderate (Compound Moisture/Vegetation Stress),Q4: Higher Relative Stress,334
C_119_023,78.410393,12.708601,0.4603,0.6105,0.2988,0.4716,High (Multi-Source Convergence),Q4: Higher Relative Stress,335
C_052_151,79.566345,13.310472,0.4601,0.2741,0.312,0.7941,High (Multi-Source Convergence),Q4: Higher Relative Stress,336
C_114_004,78.239713,12.753517,0.4591,0.4942,0.879,0.0039,High (Multi-Source Convergence),Q4: Higher Relative Stress,337
C_033_047,78.625988,13.481152,0.459,0.6424,0.6075,0.1271,High (Multi-Source Convergence),Q4: Higher Relative Stress,338
C_078_045,78.608022,13.07691,0.4589,0.548,0.4999,0.3288,High (Multi-Source Convergence),Q4: Higher Relative Stress,339
C_074_101,79.111079,13.112843,0.4588,0.4642,0.6964,0.2158,High (Multi-Source Convergence),Q4: Higher Relative Stress,340
C_044_042,78.581073,13.382338,0.4587,0.3473,0.9518,0.077,High (Multi-Source Convergence),Q4: Higher Relative Stress,341
C_052_049,78.643955,13.310472,0.4583,0.4387,0.6343,0.3019,High (Multi-Source Convergence),Q4: Higher Relative Stress,342
C_057_095,79.05718,13.265557,0.4582,0.5444,0.6149,0.2152,High (Multi-Source Convergence),Q4: Higher Relative Stress,343
C_090_031,78.482258,12.969113,0.458,0.3387,0.6512,0.3841,High (Multi-Source Convergence),Q4: Higher Relative Stress,344
C_065_136,79.431598,13.193691,0.4576,0.4376,0.8621,0.0731,High (Multi-Source Convergence),Q4: Higher Relative Stress,345
C_074_067,78.805652,13.112843,0.4573,0.3718,1.0,0.0,Moderate (Same-Sensor Spectral Agreement),Q4: Higher Relative Stress,346
C_087_045,78.608022,12.996062,0.4572,0.5,0.8712,0.0003,Moderate (Same-Sensor Spectral Agreement),Q4: Higher Relative Stress,347
C_049_161,79.656176,13.337422,0.4571,0.3378,0.6184,0.4149,High (Multi-Source Convergence),Q4: Higher Relative Stress,348
C_062_167,79.710075,13.220641,0.457,0.143,0.2282,1.0,Moderate (Compound Moisture/Vegetation Stress),Q4: Higher Relative Stress,349
C_044_047,78.625988,13.382338,0.4567,0.3473,0.8603,0.1624,High (Multi-Source Convergence),Q4: Higher Relative Stress,350
C_069_053,78.679887,13.157759,0.4567,0.5783,0.5264,0.2653,High (Multi-Source Convergence),Q4: Higher Relative Stress,351
C_065_062,78.760736,13.193691,0.4566,0.5828,0.6843,0.1028,High (Multi-Source Convergence),Q4: Higher Relative Stress,352
C_060_059,78.733786,13.238607,0.4563,0.4026,0.617,0.3494,High (Multi-Source Convergence),Q4: Higher Relative Stress,353
C_071_070,78.832601,13.139792,0.456,0.368,1.0,0.0,Moderate (Same-Sensor Spectral Agreement),Q4: Higher Relative Stress,354
C_063_119,79.272775,13.211658,0.4555,0.43,0.8004,0.1362,Moderate (Same-Sensor Spectral Agreement),Q4: Higher Relative Stress,355
C_047_163,79.674143,13.355388,0.4555,0.1364,0.2301,1.0,Moderate (Compound Moisture/Vegetation Stress),Q4: Higher Relative Stress,356
C_022_079,78.913449,13.579967,0.4555,0.1494,1.0,0.217,Moderate (Compound Moisture/Vegetation Stress),Q4: Higher Relative Stress,357
C_045_134,79.407523,13.373354,0.4537,0.3579,0.6532,0.3501,High (Multi-Source Convergence),Q4: Higher Relative Stress,358
C_056_046,78.617005,13.27454,0.4536,0.5398,0.7084,0.1127,High (Multi-Source Convergence),Q4: Higher Relative Stress,359
C_037_040,78.563106,13.44522,0.4535,0.4953,0.8245,0.0406,High (Multi-Source Convergence),Q4: Higher Relative Stress,360
C_045_039,78.554123,13.373354,0.4531,0.368,0.8471,0.1441,High (Multi-Source Convergence),Q4: Higher Relative Stress,361
C_115_004,78.239713,12.744534,0.453,0.5,0.8534,0.0057,Moderate (Same-Sensor Spectral Agreement),Q4: Higher Relative Stress,362
C_064_065,78.787685,13.202674,0.4529,0.4432,0.9105,0.0049,Moderate (Same-Sensor Spectral Agreement),Q4: Higher Relative Stress,363
C_093_030,78.473275,12.942163,0.4525,0.5527,0.5563,0.2486,High (Multi-Source Convergence),Q4: Higher Relative Stress,364
C_064_062,78.760736,13.202674,0.452,0.5649,0.4902,0.301,High (Multi-Source Convergence),Q4: Higher Relative Stress,365
C_068_108,79.173961,13.166742,0.452,0.2185,0.6158,0.5217,High (Multi-Source Convergence),Q4: Higher Relative Stress,366
C_070_126,79.335658,13.148776,0.4519,0.4579,0.6316,0.2662,High (Multi-Source Convergence),Q4: Higher Relative Stress,367
C_062_115,79.236843,13.220641,0.4517,0.5348,0.6094,0.2109,High (Multi-Source Convergence),Q4: Higher Relative Stress,368
C_051_166,79.701092,13.319455,0.4515,0.2056,0.4182,0.7306,High (Multi-Source Convergence),Q4: Higher Relative Stress,369
C_076_067,78.805652,13.094877,0.4513,0.3624,0.9905,0.001,Moderate (Same-Sensor Spectral Agreement),Q4: Higher Relative Stress,370
C_087_043,78.590056,12.996062,0.4512,0.4846,0.8685,0.0003,Moderate (Same-Sensor Spectral Agreement),Q4: Higher Relative Stress,371
C_060_062,78.760736,13.238607,0.4508,0.406,0.658,0.2885,High (Multi-Source Convergence),Q4: Higher Relative Stress,372
C_102_022,78.40141,12.861315,0.4507,0.6105,0.3511,0.3907,High (Multi-Source Convergence),Q4: Higher Relative Stress,373
C_033_041,78.57209,13.481152,0.4506,0.3375,0.9533,0.0609,High (Multi-Source Convergence),Q4: Higher Relative Stress,374
C_052_033,78.500224,13.310472,0.4501,0.4181,0.8522,0.0799,High (Multi-Source Convergence),Q4: Higher Relative Stress,375
C_064_132,79.389556,13.202674,0.4501,0.5304,0.567,0.2528,High (Multi-Source Convergence),Q4: Higher Relative Stress,376
C_115_017,78.356494,12.744534,0.45,0.5435,0.1863,0.6202,Moderate (Compound Urban/Water Signal),Q4: Higher Relative Stress,377
C_036_040,78.563106,13.454203,0.45,0.6591,0.519,0.1719,High (Multi-Source Convergence),Q4: Higher Relative Stress,378
C_068_059,78.733786,13.166742,0.4499,0.4597,0.6685,0.2214,High (Multi-Source Convergence),Q4: Higher Relative Stress,379
C_074_044,78.599039,13.112843,0.4498,0.4417,0.6501,0.2574,High (Multi-Source Convergence),Q4: Higher Relative Stress,380
C_058_165,79.692109,13.256573,0.4497,0.1082,0.2639,0.977,Moderate (Compound Moisture/Vegetation Stress),Q4: Higher Relative Stress,381
C_054_047,78.625988,13.292506,0.4496,0.345,0.8831,0.1208,High (Multi-Source Convergence),Q4: Higher Relative Stress,382
C_054_037,78.536157,13.292506,0.4493,0.4082,0.8039,0.1359,Moderate (Same-Sensor Spectral Agreement),Q4: Higher Relative Stress,383
C_094_041,78.57209,12.93318,0.449,0.485,0.6975,0.1644,High (Multi-Source Convergence),Q4: Higher Relative Stress,384
C_044_069,78.823618,13.382338,0.4488,0.4888,0.6722,0.1854,High (Multi-Source Convergence),Q4: Higher Relative Stress,385
C_097_019,78.37446,12.90623,0.4485,0.4928,0.1506,0.7021,Moderate (Compound Urban/Water Signal),Q4: Higher Relative Stress,386
C_049_135,79.422614,13.337422,0.4484,0.4752,0.3749,0.4951,High (Multi-Source Convergence),Q4: Higher Relative Stress,387
C_064_058,78.724803,13.202674,0.4483,0.6075,0.6104,0.1271,High (Multi-Source Convergence),Q4: Higher Relative Stress,388
C_077_067,78.805652,13.085893,0.4481,0.4883,0.856,0.0,Moderate (Same-Sensor Spectral Agreement),Q4: Higher Relative Stress,389
C_043_069,78.823618,13.391321,0.4478,0.495,0.6613,0.187,High (Multi-Source Convergence),Q4: Higher Relative Stress,390
C_071_071,78.841584,13.139792,0.4476,0.3385,1.0,0.0043,Moderate (Same-Sensor Spectral Agreement),Q4: Higher Relative Stress,391
C_062_168,79.719059,13.220641,0.4475,0.0928,0.2498,1.0,Moderate (Compound Moisture/Vegetation Stress),Q4: Higher Relative Stress,392
C_077_042,78.581073,13.085893,0.4475,0.5633,0.5588,0.2204,High (Multi-Source Convergence),Q4: Higher Relative Stress,393
C_052_048,78.634972,13.310472,0.4471,0.4186,0.85,0.0727,High (Multi-Source Convergence),Q4: Higher Relative Stress,394
C_065_045,78.608022,13.193691,0.4471,0.6224,0.5958,0.1231,High (Multi-Source Convergence),Q4: Higher Relative Stress,395
C_055_046,78.617005,13.283523,0.4469,0.3969,0.7866,0.1572,High (Multi-Source Convergence),Q4: Higher Relative Stress,396
C_065_061,78.751753,13.193691,0.4468,0.5207,0.6921,0.1277,High (Multi-Source Convergence),Q4: Higher Relative Stress,397
C_055_051,78.661921,13.283523,0.4468,0.349,0.7689,0.2224,High (Multi-Source Convergence),Q4: Higher Relative Stress,398
C_040_053,78.679887,13.41827,0.4462,0.4051,0.5725,0.3609,High (Multi-Source Convergence),Q4: Higher Relative Stress,399
C_051_156,79.611261,13.319455,0.446,0.2669,0.5139,0.5574,High (Multi-Source Convergence),Q4: Higher Relative Stress,400
C_119_022,78.40141,12.708601,0.4459,0.589,0.2301,0.5187,High (Multi-Source Convergence),Q4: Higher Relative Stress,401
C_040_167,79.710075,13.41827,0.4456,0.2097,0.3542,0.773,High (Multi-Source Convergence),Q4: Higher Relative Stress,402
C_064_052,78.670904,13.202674,0.4456,0.5004,0.6448,0.1916,High (Multi-Source Convergence),Q4: Higher Relative Stress,403
C_043_042,78.581073,13.391321,0.4455,0.4898,0.8148,0.0321,High (Multi-Source Convergence),Q4: Higher Relative Stress,404
C_066_073,78.85955,13.184708,0.4453,0.3525,0.3682,0.6153,High (Multi-Source Convergence),Q4: Higher Relative Stress,405
C_060_065,78.787685,13.238607,0.4452,0.3804,0.7201,0.2351,High (Multi-Source Convergence),Q4: Higher Relative Stress,406
C_038_166,79.701092,13.436236,0.4449,0.1023,0.2326,1.0,Moderate (Compound Moisture/Vegetation Stress),Q4: Higher Relative Stress,407
C_060_051,78.661921,13.238607,0.4448,0.5167,0.6228,0.1948,High (Multi-Source Convergence),Q4: Higher Relative Stress,408
C_078_066,78.796668,13.07691,0.4447,0.5,0.8341,0.0,Moderate (Same-Sensor Spectral Agreement),Q4: Higher Relative Stress,409
C_051_054,78.688871,13.319455,0.4445,0.3759,0.731,0.2266,High (Multi-Source Convergence),Q4: Higher Relative Stress,410
C_044_046,78.617005,13.382338,0.4441,0.358,0.7481,0.2263,High (Multi-Source Convergence),Q4: Higher Relative Stress,411
C_057_124,79.317691,13.265557,0.4434,0.1466,0.1953,0.9883,Low (Single Evidence Family),Q4: Higher Relative Stress,412
C_046_137,79.440581,13.364371,0.4433,0.4564,0.7812,0.0923,High (Multi-Source Convergence),Q4: Higher Relative Stress,413
C_036_049,78.643955,13.454203,0.4432,0.5275,0.7117,0.0904,High (Multi-Source Convergence),Q4: Higher Relative Stress,414
C_039_165,79.692109,13.427253,0.4431,0.1228,0.2064,1.0,Moderate (Compound Moisture/Vegetation Stress),Q4: Higher Relative Stress,415
C_039_048,78.634972,13.427253,0.443,0.3446,0.7516,0.2328,High (Multi-Source Convergence),Q4: Higher Relative Stress,416
C_051_164,79.683126,13.319455,0.4427,0.2759,0.6012,0.4509,High (Multi-Source Convergence),Q4: Higher Relative Stress,417
C_065_058,78.724803,13.193691,0.4426,0.5827,0.5234,0.2217,High (Multi-Source Convergence),Q4: Higher Relative Stress,418
C_034_038,78.54514,13.472169,0.4425,0.5444,0.6964,0.0868,High (Multi-Source Convergence),Q4: Higher Relative Stress,419
C_063_093,79.039214,13.211658,0.4423,0.6262,0.5019,0.199,High (Multi-Source Convergence),Q4: Higher Relative Stress,420
C_060_063,78.769719,13.238607,0.4422,0.4017,0.4396,0.4853,High (Multi-Source Convergence),Q4: Higher Relative Stress,421
C_116_004,78.239713,12.735551,0.4416,0.4819,0.843,0.0,Moderate (Same-Sensor Spectral Agreement),Q4: Higher Relative Stress,422
C_048_039,78.554123,13.346405,0.4413,0.2825,0.906,0.1356,High (Multi-Source Convergence),Q4: Higher Relative Stress,423
C_076_045,78.608022,13.094877,0.4412,0.6454,0.5462,0.132,High (Multi-Source Convergence),Q4: Higher Relative Stress,424
C_075_058,78.724803,13.10386,0.4411,0.388,0.935,0.0003,Moderate (Same-Sensor Spectral Agreement),Q4: Higher Relative Stress,425
C_092_031,78.482258,12.951146,0.441,0.3971,0.845,0.0809,Moderate (Same-Sensor Spectral Agreement),Q4: Higher Relative Stress,426
C_044_036,78.527174,13.382338,0.4405,0.4153,0.8326,0.0736,High (Multi-Source Convergence),Q4: Higher Relative Stress,427
C_044_045,78.608022,13.382338,0.4403,0.3204,0.7248,0.2757,High (Multi-Source Convergence),Q4: Higher Relative Stress,428
C_048_163,79.674143,13.346405,0.4403,0.2818,0.4923,0.5469,High (Multi-Source Convergence),Q4: Higher Relative Stress,429
C_059_126,79.335658,13.24759,0.4402,0.3613,0.5495,0.4097,High (Multi-Source Convergence),Q4: Higher Relative Stress,430
C_118_016,78.347511,12.717584,0.44,0.3743,0.1651,0.7807,Moderate (Compound Urban/Water Signal),Q4: Higher Relative Stress,431
C_068_055,78.697854,13.166742,0.4399,0.3033,0.6221,0.3943,High (Multi-Source Convergence),Q4: Higher Relative Stress,432
C_046_034,78.509207,13.364371,0.4398,0.3007,0.9274,0.0914,High (Multi-Source Convergence),Q4: Higher Relative Stress,433
C_114_017,78.356494,12.753517,0.4396,0.5674,0.3015,0.45,High (Multi-Source Convergence),Q4: Higher Relative Stress,434
C_056_047,78.625988,13.27454,0.4395,0.4148,0.7216,0.1821,High (Multi-Source Convergence),Q4: Higher Relative Stress,435
C_111_008,78.275646,12.780466,0.4395,0.4898,0.5728,0.2558,High (Multi-Source Convergence),Q4: Higher Relative Stress,436
C_061_045,78.608022,13.229624,0.4395,0.0966,1.0,0.222,Moderate (Compound Moisture/Vegetation Stress),Q4: Higher Relative Stress,437
C_054_034,78.509207,13.292506,0.4394,0.3953,0.8477,0.0754,Moderate (Same-Sensor Spectral Agreement),Q4: Higher Relative Stress,438
C_053_149,79.548379,13.301489,0.4392,0.2745,0.4157,0.6274,High (Multi-Source Convergence),Q4: Higher Relative Stress,439
C_052_031,78.482258,13.310472,0.439,0.4147,0.8881,0.0141,High (Multi-Source Convergence),Q4: Higher Relative Stress,440
C_096_038,78.54514,12.915214,0.439,0.4373,0.7036,0.1762,High (Multi-Source Convergence),Q4: Higher Relative Stress,441
C_036_036,78.527174,13.454203,0.4389,0.393,0.5493,0.3743,High (Multi-Source Convergence),Q4: Higher Relative Stress,442
C_072_124,79.317691,13.130809,0.4385,0.5227,0.4701,0.3226,High (Multi-Source Convergence),Q4: Higher Relative Stress,443
C_113_015,78.338528,12.7625,0.4384,0.5066,0.2414,0.5672,High (Multi-Source Convergence),Q4: Higher Relative Stress,444
C_070_101,79.111079,13.148776,0.4383,0.5884,0.5081,0.2184,High (Multi-Source Convergence),Q4: Higher Relative Stress,445
C_053_164,79.683126,13.301489,0.4382,0.1164,0.2934,0.9047,Moderate (Compound Moisture/Vegetation Stress),Q4: Higher Relative Stress,446
C_046_097,79.075146,13.364371,0.4381,0.4081,0.334,0.5721,High (Multi-Source Convergence),Q4: Higher Relative Stress,447
C_097_022,78.40141,12.90623,0.4376,0.263,0.1232,0.9265,Moderate (Compound Urban/Water Signal),Q4: Higher Relative Stress,448
C_065_088,78.994298,13.193691,0.4375,0.3964,0.2247,0.6913,High (Multi-Source Convergence),Q4: Higher Relative Stress,449
C_074_068,78.814635,13.112843,0.4374,0.3122,1.0,0.0,Moderate (Same-Sensor Spectral Agreement),Q4: Higher Relative Stress,450
C_051_154,79.593294,13.319455,0.4373,0.4877,0.4589,0.3651,High (Multi-Source Convergence),Q4: Higher Relative Stress,451
C_063_172,79.754991,13.211658,0.4371,0.197,0.265,0.8492,Moderate (Compound Moisture/Vegetation Stress),Q4: Higher Relative Stress,452
C_086_044,78.599039,13.005045,0.4361,0.5,0.8084,0.0,Moderate (Same-Sensor Spectral Agreement),Q4: Higher Relative Stress,453
C_062_172,79.754991,13.220641,0.436,0.1824,0.3018,0.8237,Moderate (Compound Moisture/Vegetation Stress),Q4: Higher Relative Stress,454
C_052_041,78.57209,13.310472,0.4359,0.4524,0.7782,0.0771,High (Multi-Source Convergence),Q4: Higher Relative Stress,455
C_087_032,78.491241,12.996062,0.4357,0.6249,0.4641,0.2181,High (Multi-Source Convergence),Q4: Higher Relative Stress,456
C_061_049,78.643955,13.229624,0.4354,0.3761,0.644,0.2862,High (Multi-Source Convergence),Q4: Higher Relative Stress,457
C_051_125,79.326674,13.319455,0.4353,0.4647,0.4801,0.3612,High (Multi-Source Convergence),Q4: Higher Relative Stress,458
C_053_167,79.710075,13.301489,0.4353,0.1095,0.2696,0.9268,Moderate (Compound Moisture/Vegetation Stress),Q4: Higher Relative Stress,459
C_091_033,78.500224,12.960129,0.435,0.5339,0.4826,0.2885,High (Multi-Source Convergence),Q4: Higher Relative Stress,460
C_115_007,78.266662,12.744534,0.4349,0.5,0.7915,0.0131,Moderate (Same-Sensor Spectral Agreement),Q4: Higher Relative Stress,461
C_055_126,79.335658,13.283523,0.4348,0.4655,0.4991,0.3399,High (Multi-Source Convergence),Q4: Higher Relative Stress,462
C_054_159,79.63821,13.292506,0.4347,0.1429,0.1798,0.9814,Low (Single Evidence Family),Q4: Higher Relative Stress,463
C_040_064,78.778702,13.41827,0.4347,0.5,0.8041,0.0,Moderate (Same-Sensor Spectral Agreement),Q4: Higher Relative Stress,464
C_085_032,78.491241,13.014028,0.4347,0.5889,0.582,0.1333,High (Multi-Source Convergence),Q4: Higher Relative Stress,465
C_050_155,79.602278,13.328439,0.4346,0.3999,0.6287,0.2751,High (Multi-Source Convergence),Q4: Higher Relative Stress,466
C_042_083,78.949382,13.400304,0.4345,0.4409,0.7366,0.1261,High (Multi-Source Convergence),Q4: Higher Relative Stress,467
C_050_159,79.63821,13.328439,0.4343,0.3976,0.7086,0.1968,High (Multi-Source Convergence),Q4: Higher Relative Stress,468
C_066_057,78.71582,13.184708,0.4343,0.5124,0.5104,0.28,High (Multi-Source Convergence),Q4: Higher Relative Stress,469
C_050_054,78.688871,13.328439,0.4342,0.3688,0.6361,0.2977,High (Multi-Source Convergence),Q4: Higher Relative Stress,470
C_065_044,78.599039,13.193691,0.4341,0.6165,0.5686,0.1172,High (Multi-Source Convergence),Q4: Higher Relative Stress,471
C_046_086,78.976331,13.364371,0.4341,0.4413,0.8146,0.0465,Moderate (Same-Sensor Spectral Agreement),Q4: Higher Relative Stress,472
C_072_127,79.344641,13.130809,0.4341,0.3189,0.8947,0.0887,High (Multi-Source Convergence),Q4: Higher Relative Stress,473
C_088_040,78.563106,12.987079,0.4339,0.3631,0.6026,0.336,High (Multi-Source Convergence),Q4: Higher Relative Stress,474
C_054_153,79.584311,13.292506,0.4339,0.4721,0.6816,0.148,High (Multi-Source Convergence),Q4: Higher Relative Stress,475
C_053_161,79.656176,13.301489,0.4338,0.2108,0.3779,0.7126,High (Multi-Source Convergence),Q4: Higher Relative Stress,476
C_074_069,78.823618,13.112843,0.4335,0.3533,0.9471,0.0,Moderate (Same-Sensor Spectral Agreement),Q4: Higher Relative Stress,477
C_048_159,79.63821,13.346405,0.4335,0.4255,0.673,0.2021,High (Multi-Source Convergence),Q4: Higher Relative Stress,478
C_035_066,78.796668,13.463186,0.4334,0.5098,0.7339,0.0567,High (Multi-Source Convergence),Q4: Higher Relative Stress,479
C_052_161,79.656176,13.310472,0.4334,0.1877,0.3746,0.7378,Moderate (Compound Moisture/Vegetation Stress),Q4: Higher Relative Stress,480
C_054_166,79.701092,13.292506,0.4333,0.1657,0.4163,0.7178,Moderate (Compound Moisture/Vegetation Stress),Q4: Higher Relative Stress,481
C_109_018,78.365477,12.798433,0.4331,0.6415,0.4398,0.2181,High (Multi-Source Convergence),Q4: Higher Relative Stress,482
C_088_032,78.491241,12.987079,0.4328,0.5302,0.5713,0.1968,High (Multi-Source Convergence),Q4: Higher Relative Stress,483
C_049_154,79.593294,13.337422,0.4323,0.4769,0.5942,0.226,High (Multi-Source Convergence),Q4: Higher Relative Stress,484
C_040_054,78.688871,13.41827,0.4318,0.3253,0.6565,0.3137,High (Multi-Source Convergence),Q4: Higher Relative Stress,485
C_043_086,78.976331,13.391321,0.4312,0.4431,0.502,0.3484,High (Multi-Source Convergence),Q4: Higher Relative Stress,486
C_014_094,79.048197,13.651832,0.4311,0.6233,0.4559,0.2142,High (Multi-Source Convergence),Q4: Higher Relative Stress,487
C_065_043,78.590056,13.193691,0.431,0.5986,0.4587,0.2358,High (Multi-Source Convergence),Q4: Higher Relative Stress,488
C_035_059,78.733786,13.463186,0.4309,0.3008,0.5135,0.4784,High (Multi-Source Convergence),Q4: Higher Relative Stress,489
C_076_046,78.617005,13.094877,0.4309,0.4797,0.6563,0.1565,High (Multi-Source Convergence),Q4: Higher Relative Stress,490
C_112_014,78.329544,12.771483,0.4309,0.5356,0.1292,0.6278,Moderate (Compound Urban/Water Signal),Q4: Higher Relative Stress,491
C_055_094,79.048197,13.283523,0.4307,0.2513,0.8648,0.1759,High (Multi-Source Convergence),Q4: Higher Relative Stress,492
C_038_065,78.787685,13.436236,0.4306,0.5,0.7917,0.0,Moderate (Same-Sensor Spectral Agreement),Q4: Higher Relative Stress,493
C_087_033,78.500224,12.996062,0.4302,0.6601,0.5157,0.1146,High (Multi-Source Convergence),Q4: Higher Relative Stress,494
C_073_063,78.769719,13.121826,0.4299,0.3885,0.4415,0.4598,High (Multi-Source Convergence),Q4: Higher Relative Stress,495
C_069_113,79.218877,13.157759,0.4295,0.4766,0.4207,0.3914,High (Multi-Source Convergence),Q4: Higher Relative Stress,496
C_049_156,79.611261,13.337422,0.4293,0.4083,0.3968,0.4827,High (Multi-Source Convergence),Q4: Higher Relative Stress,497
C_115_016,78.347511,12.744534,0.4292,0.57,0.3616,0.356,High (Multi-Source Convergence),Q4: Higher Relative Stress,498
C_040_114,79.22786,13.41827,0.429,0.2632,0.7987,0.225,High (Multi-Source Convergence),Q4: Higher Relative Stress,499
C_046_045,78.608022,13.364371,0.4287,0.3297,0.6092,0.3471,High (Multi-Source Convergence),Q4: Higher Relative Stress,500
C_061_058,78.724803,13.229624,0.4287,0.4323,0.6189,0.2348,High (Multi-Source Convergence),Q4: Higher Relative Stress,501
C_047_167,79.710075,13.355388,0.4286,0.1318,0.1541,1.0,Low (Single Evidence Family),Q4: Higher Relative Stress,502
C_066_044,78.599039,13.184708,0.4286,0.6087,0.5106,0.1667,High (Multi-Source Convergence),Q4: Higher Relative Stress,503
C_046_087,78.985315,13.364371,0.4285,0.5,0.7856,0.0,Moderate (Same-Sensor Spectral Agreement),Q4: Higher Relative Stress,504
C_056_102,79.120062,13.27454,0.4282,0.5446,0.3318,0.4084,High (Multi-Source Convergence),Q4: Higher Relative Stress,505
C_065_096,79.066163,13.193691,0.4274,0.3835,0.6516,0.2472,High (Multi-Source Convergence),Q4: Higher Relative Stress,506
C_038_165,79.692109,13.436236,0.4272,0.1092,0.2028,0.9696,Moderate (Compound Moisture/Vegetation Stress),Q4: Higher Relative Stress,507
C_045_047,78.625988,13.373354,0.4271,0.3773,0.631,0.2731,High (Multi-Source Convergence),Q4: Higher Relative Stress,508
C_050_160,79.647193,13.328439,0.4269,0.3079,0.4515,0.5213,High (Multi-Source Convergence),Q4: Higher Relative Stress,509
C_032_075,78.877517,13.490135,0.4269,0.2219,0.6286,0.43,High (Multi-Source Convergence),Q4: Higher Relative Stress,510
C_073_059,78.733786,13.121826,0.4268,0.392,0.6658,0.2227,High (Multi-Source Convergence),Q4: Higher Relative Stress,511
C_061_168,79.719059,13.229624,0.4265,0.1138,0.1657,1.0,Low (Single Evidence Family),Q4: Higher Relative Stress,512
C_048_036,78.527174,13.346405,0.4264,0.4371,0.7053,0.1369,High (Multi-Source Convergence),Q4: Higher Relative Stress,513
C_034_050,78.652938,13.472169,0.4264,0.5332,0.4226,0.3234,High (Multi-Source Convergence),Q4: Higher Relative Stress,514
C_091_034,78.509207,12.960129,0.4263,0.3779,0.6715,0.2296,High (Multi-Source Convergence),Q4: Higher Relative Stress,515
C_055_120,79.281759,13.283523,0.4263,0.0937,0.1852,1.0,Low (Single Evidence Family),Q4: Higher Relative Stress,516
C_077_046,78.617005,13.085893,0.4262,0.4543,0.5162,0.3082,High (Multi-Source Convergence),Q4: Higher Relative Stress,517
C_052_045,78.608022,13.310472,0.4262,0.392,0.6748,0.2119,High (Multi-Source Convergence),Q4: Higher Relative Stress,518
C_066_119,79.272775,13.184708,0.4259,0.2288,0.9337,0.1153,High (Multi-Source Convergence),Q4: Higher Relative Stress,519
C_072_070,78.832601,13.130809,0.4259,0.2776,1.0,0.0,Moderate (Same-Sensor Spectral Agreement),Q4: Higher Relative Stress,520
C_049_033,78.500224,13.337422,0.4257,0.3982,0.8103,0.0686,High (Multi-Source Convergence),Q4: Higher Relative Stress,521
C_048_135,79.422614,13.346405,0.4255,0.3672,0.4454,0.464,High (Multi-Source Convergence),Q4: Higher Relative Stress,522
C_044_039,78.554123,13.382338,0.4255,0.5987,0.6127,0.0652,High (Multi-Source Convergence),Q4: Higher Relative Stress,523
C_080_037,78.536157,13.058944,0.4254,0.6047,0.5528,0.1189,High (Multi-Source Convergence),Q4: Higher Relative Stress,524
C_054_048,78.634972,13.292506,0.4254,0.3668,0.8065,0.1028,High (Multi-Source Convergence),Q4: Higher Relative Stress,525
C_049_036,78.527174,13.337422,0.4252,0.4214,0.7934,0.0609,High (Multi-Source Convergence),Q4: Higher Relative Stress,526
C_112_005,78.248696,12.771483,0.425,0.5977,0.5853,0.092,High (Multi-Source Convergence),Q4: Higher Relative Stress,527
C_078_084,78.958365,13.07691,0.4248,0.4259,0.1764,0.6723,Moderate (Compound Urban/Water Signal),Q4: Higher Relative Stress,528
C_043_166,79.701092,13.391321,0.4248,0.0704,0.2188,0.9851,Moderate (Compound Moisture/Vegetation Stress),Q4: Higher Relative Stress,529
C_095_037,78.536157,12.924197,0.4246,0.4032,0.583,0.2875,High (Multi-Source Convergence),Q4: Higher Relative Stress,530
C_049_043,78.590056,13.337422,0.4246,0.4377,0.7053,0.1307,High (Multi-Source Convergence),Q4: Higher Relative Stress,531
C_064_097,79.075146,13.202674,0.4245,0.217,0.1978,0.8586,Moderate (Compound Urban/Water Signal),Q4: Higher Relative Stress,532
C_041_043,78.590056,13.409287,0.4245,0.5397,0.5779,0.1559,High (Multi-Source Convergence),Q4: Higher Relative Stress,533
C_064_093,79.039214,13.202674,0.4244,0.5212,0.1048,0.6474,Moderate (Compound Urban/Water Signal),Q4: Higher Relative Stress,534
C_054_046,78.617005,13.292506,0.4241,0.3911,0.6475,0.2338,High (Multi-Source Convergence),Q4: Higher Relative Stress,535
C_090_029,78.464292,12.969113,0.4238,0.6418,0.502,0.1277,High (Multi-Source Convergence),Q4: Higher Relative Stress,536
C_116_018,78.365477,12.735551,0.4235,0.2278,0.1698,0.8731,Moderate (Compound Urban/Water Signal),Q4: Higher Relative Stress,537
C_061_061,78.751753,13.229624,0.4233,0.4458,0.4721,0.352,High (Multi-Source Convergence),Q4: Higher Relative Stress,538
C_043_167,79.710075,13.391321,0.4232,0.1306,0.1389,1.0,Low (Single Evidence Family),Q4: Higher Relative Stress,539
C_076_059,78.733786,13.094877,0.4232,0.2695,1.0,0.0,Moderate (Same-Sensor Spectral Agreement),Q4: Higher Relative Stress,540
C_052_160,79.647193,13.310472,0.4231,0.3021,0.5818,0.3854,High (Multi-Source Convergence),Q4: Higher Relative Stress,541
C_066_075,78.877517,13.184708,0.4227,0.3457,0.5164,0.4061,High (Multi-Source Convergence),Q4: Higher Relative Stress,542
C_060_100,79.102096,13.238607,0.4224,0.6142,0.4336,0.2194,High (Multi-Source Convergence),Q4: Higher Relative Stress,543
C_046_047,78.625988,13.364371,0.4223,0.4389,0.696,0.132,High (Multi-Source Convergence),Q4: Higher Relative Stress,544
C_049_133,79.39854,13.337422,0.4222,0.312,0.4925,0.4621,High (Multi-Source Convergence),Q4: Higher Relative Stress,545
C_048_162,79.66516,13.346405,0.4214,0.1077,0.1566,1.0,Low (Single Evidence Family),Q4: Higher Relative Stress,546
C_068_062,78.760736,13.166742,0.4208,0.4839,0.5244,0.2541,High (Multi-Source Convergence),Q4: Higher Relative Stress,547
C_048_136,79.431598,13.346405,0.4207,0.4395,0.4654,0.3572,High (Multi-Source Convergence),Q4: Higher Relative Stress,548
C_061_050,78.652938,13.229624,0.4207,0.3261,0.7432,0.1929,High (Multi-Source Convergence),Q4: Higher Relative Stress,549
C_085_030,78.473275,13.014028,0.42,0.43,0.5151,0.315,High (Multi-Source Convergence),Q4: Higher Relative Stress,550
C_082_035,78.518191,13.040978,0.42,0.5916,0.4816,0.1867,High (Multi-Source Convergence),Q4: Higher Relative Stress,551
C_051_041,78.57209,13.319455,0.42,0.4835,0.645,0.1316,High (Multi-Source Convergence),Q4: Higher Relative Stress,552
C_052_131,79.380573,13.310472,0.4197,0.1901,0.4047,0.6642,Moderate (Compound Moisture/Vegetation Stress),Q4: Higher Relative Stress,553
C_047_039,78.554123,13.355388,0.4192,0.5664,0.5409,0.1503,High (Multi-Source Convergence),Q4: Higher Relative Stress,554
C_081_038,78.54514,13.049961,0.4191,0.5,0.7574,0.0,Moderate (Same-Sensor Spectral Agreement),Q4: Higher Relative Stress,555
C_057_166,79.701092,13.265557,0.4187,0.1241,0.3295,0.8026,Moderate (Compound Moisture/Vegetation Stress),Q4: Higher Relative Stress,556
C_049_054,78.688871,13.337422,0.4187,0.1927,1.0,0.0635,Low (Single Evidence Family),Q4: Higher Relative Stress,557
C_043_047,78.625988,13.391321,0.4186,0.4814,0.7127,0.0616,High (Multi-Source Convergence),Q4: Higher Relative Stress,558
C_047_136,79.431598,13.355388,0.4186,0.3989,0.5619,0.2949,High (Multi-Source Convergence),Q4: Higher Relative Stress,559
C_033_039,78.554123,13.481152,0.4185,0.4863,0.5989,0.1703,High (Multi-Source Convergence),Q4: Higher Relative Stress,560
C_055_057,78.71582,13.283523,0.4183,0.4521,0.7041,0.0989,High (Multi-Source Convergence),Q4: Higher Relative Stress,561
C_052_042,78.581073,13.310472,0.4177,0.5215,0.6598,0.0717,High (Multi-Source Convergence),Q4: Higher Relative Stress,562
C_064_092,79.03023,13.202674,0.4176,0.5222,0.1587,0.5721,Moderate (Compound Urban/Water Signal),Q4: Higher Relative Stress,563
C_064_059,78.733786,13.202674,0.4173,0.4463,0.4466,0.3589,High (Multi-Source Convergence),Q4: Higher Relative Stress,564
C_049_158,79.629227,13.337422,0.417,0.2099,0.455,0.5862,High (Multi-Source Convergence),Q4: Higher Relative Stress,565
C_051_110,79.191927,13.319455,0.417,0.1929,0.8695,0.1886,Low (Single Evidence Family),Q4: Higher Relative Stress,566
C_060_103,79.129045,13.238607,0.4168,0.5453,0.6236,0.0815,High (Multi-Source Convergence),Q4: Higher Relative Stress,567
C_052_050,78.652938,13.310472,0.4164,0.4073,0.724,0.1179,High (Multi-Source Convergence),Q4: Higher Relative Stress,568
C_061_113,79.218877,13.229624,0.4164,0.3128,0.7796,0.1569,High (Multi-Source Convergence),Q4: Higher Relative Stress,569
C_050_156,79.611261,13.328439,0.4162,0.3923,0.4423,0.4139,High (Multi-Source Convergence),Q4: Higher Relative Stress,570
C_047_166,79.701092,13.355388,0.4162,0.0608,0.1879,1.0,Low (Single Evidence Family),Q4: Higher Relative Stress,571
C_053_154,79.593294,13.301489,0.4161,0.1574,1.0,0.091,Low (Single Evidence Family),Q4: Higher Relative Stress,572
C_052_043,78.590056,13.310472,0.4161,0.4216,0.6956,0.131,High (Multi-Source Convergence),Q4: Higher Relative Stress,573
C_042_041,78.57209,13.400304,0.416,0.3753,0.7888,0.0838,High (Multi-Source Convergence),Q4: Higher Relative Stress,574
C_117_008,78.275646,12.726567,0.4158,0.5351,0.5367,0.1755,High (Multi-Source Convergence),Q4: Higher Relative Stress,575
C_114_014,78.329544,12.753517,0.4155,0.3019,0.7452,0.1994,High (Multi-Source Convergence),Q4: Higher Relative Stress,576
C_023_073,78.85955,13.570984,0.4155,0.4265,0.5386,0.2813,High (Multi-Source Convergence),Q4: Higher Relative Stress,577
C_050_132,79.389556,13.328439,0.4153,0.3709,0.5396,0.3353,High (Multi-Source Convergence),Q4: Higher Relative Stress,578
C_066_061,78.751753,13.184708,0.4153,0.3488,0.7602,0.1369,High (Multi-Source Convergence),Q4: Higher Relative Stress,579
C_047_165,79.692109,13.355388,0.4152,0.0954,0.234,0.9163,Moderate (Compound Moisture/Vegetation Stress),Q4: Higher Relative Stress,580
C_054_086,78.976331,13.292506,0.4152,0.1846,0.9309,0.13,Low (Single Evidence Family),Q4: Higher Relative Stress,581
C_066_099,79.093112,13.184708,0.4149,0.5118,0.5952,0.1379,High (Multi-Source Convergence),Q4: Higher Relative Stress,582
C_045_049,78.643955,13.373354,0.4148,0.4574,0.7306,0.0563,High (Multi-Source Convergence),Q4: Higher Relative Stress,583
C_036_053,78.679887,13.454203,0.4148,0.4518,0.6203,0.1723,High (Multi-Source Convergence),Q4: Higher Relative Stress,584
C_072_112,79.209893,13.130809,0.4142,0.1537,0.7971,0.2918,Moderate (Compound Moisture/Vegetation Stress),Q4: Higher Relative Stress,585
C_047_046,78.617005,13.355388,0.4142,0.436,0.7259,0.0809,High (Multi-Source Convergence),Q4: Higher Relative Stress,586
C_062_096,79.066163,13.220641,0.4141,0.5524,0.5141,0.1759,High (Multi-Source Convergence),Q4: Higher Relative Stress,587
C_035_038,78.54514,13.463186,0.4141,0.3814,0.8086,0.0524,High (Multi-Source Convergence),Q4: Higher Relative Stress,588
C_042_049,78.643955,13.400304,0.4139,0.4101,0.7218,0.1097,High (Multi-Source Convergence),Q4: Higher Relative Stress,589
C_048_037,78.536157,13.346405,0.4139,0.3415,0.7528,0.1474,High (Multi-Source Convergence),Q4: Higher Relative Stress,590
C_083_047,78.625988,13.031995,0.4138,0.3805,0.8325,0.0285,Moderate (Same-Sensor Spectral Agreement),Q4: Higher Relative Stress,591
C_066_069,78.823618,13.184708,0.4138,0.4466,0.702,0.0927,High (Multi-Source Convergence),Q4: Higher Relative Stress,592
C_060_169,79.728042,13.238607,0.4138,0.2828,0.0764,0.8822,Moderate (Compound Urban/Water Signal),Q4: Higher Relative Stress,593
C_055_050,78.652938,13.283523,0.4137,0.3942,0.7119,0.1349,High (Multi-Source Convergence),Q4: Higher Relative Stress,594
C_107_019,78.37446,12.816399,0.4136,0.595,0.2289,0.4169,High (Multi-Source Convergence),Q4: Higher Relative Stress,595
C_071_052,78.670904,13.139792,0.4135,0.2564,0.6345,0.3497,High (Multi-Source Convergence),Q4: Higher Relative Stress,596
C_041_101,79.111079,13.409287,0.4135,0.3736,0.6481,0.2188,High (Multi-Source Convergence),Q4: Higher Relative Stress,597
C_040_042,78.581073,13.41827,0.4134,0.4307,0.6901,0.1195,High (Multi-Source Convergence),Q4: Higher Relative Stress,598
C_040_052,78.670904,13.41827,0.4133,0.3638,0.6224,0.2538,High (Multi-Source Convergence),Q4: Higher Relative Stress,599
C_025_064,78.778702,13.553017,0.4133,0.4688,0.5734,0.1978,High (Multi-Source Convergence),Q4: Higher Relative Stress,600
C_075_045,78.608022,13.10386,0.4131,0.4456,0.6001,0.1935,High (Multi-Source Convergence),Q4: Higher Relative Stress,601
C_054_052,78.670904,13.292506,0.4131,0.4953,0.4686,0.2754,High (Multi-Source Convergence),Q4: Higher Relative Stress,602
C_044_099,79.093112,13.382338,0.413,0.6032,0.3344,0.3013,High (Multi-Source Convergence),Q4: Higher Relative Stress,603
C_068_070,78.832601,13.166742,0.4129,0.4242,0.8129,0.0016,Moderate (Same-Sensor Spectral Agreement),Q4: Higher Relative Stress,604
C_027_062,78.760736,13.535051,0.4126,0.4609,0.5637,0.2132,High (Multi-Source Convergence),Q4: Higher Relative Stress,605
C_079_046,78.617005,13.067927,0.4123,0.3855,0.3665,0.485,High (Multi-Source Convergence),Q4: Higher Relative Stress,606
C_054_163,79.674143,13.292506,0.4119,0.1219,0.2376,0.8762,Moderate (Compound Moisture/Vegetation Stress),Q4: Higher Relative Stress,607
C_048_160,79.647193,13.346405,0.4119,0.1738,0.6263,0.4355,Moderate (Compound Moisture/Vegetation Stress),Q4: Higher Relative Stress,608
C_044_049,78.643955,13.382338,0.4119,0.3524,0.753,0.1303,High (Multi-Source Convergence),Q4: Higher Relative Stress,609
C_041_040,78.563106,13.409287,0.4119,0.3974,0.6117,0.2266,High (Multi-Source Convergence),Q4: Higher Relative Stress,610
C_040_165,79.692109,13.41827,0.4117,0.1354,0.3633,0.7364,Moderate (Compound Moisture/Vegetation Stress),Q4: Higher Relative Stress,611
C_064_133,79.39854,13.202674,0.4117,0.4493,0.5153,0.2705,High (Multi-Source Convergence),Q4: Higher Relative Stress,612
C_041_167,79.710075,13.409287,0.4117,0.049,0.1862,1.0,Low (Single Evidence Family),Q4: Higher Relative Stress,613
C_094_027,78.446325,12.93318,0.4115,0.4275,0.5526,0.2545,High (Multi-Source Convergence),Q4: Higher Relative Stress,614
C_079_038,78.54514,13.067927,0.4114,0.5,0.7201,0.0141,Moderate (Same-Sensor Spectral Agreement),Q4: Higher Relative Stress,615
C_119_019,78.37446,12.708601,0.4112,0.5561,0.2494,0.428,High (Multi-Source Convergence),Q4: Higher Relative Stress,616
C_122_016,78.347511,12.681652,0.411,0.5403,0.207,0.4856,High (Multi-Source Convergence),Q4: Higher Relative Stress,617
C_042_040,78.563106,13.400304,0.411,0.3818,0.7213,0.1297,High (Multi-Source Convergence),Q4: Higher Relative Stress,618
C_039_052,78.670904,13.427253,0.4105,0.3394,0.4557,0.4365,High (Multi-Source Convergence),Q4: Higher Relative Stress,619
C_026_062,78.760736,13.544034,0.4105,0.3664,0.6946,0.1706,High (Multi-Source Convergence),Q4: Higher Relative Stress,620
C_019_102,79.120062,13.606916,0.4105,0.4656,0.7529,0.0131,Moderate (Same-Sensor Spectral Agreement),Q4: Higher Relative Stress,621
C_042_052,78.670904,13.400304,0.4105,0.3457,0.5361,0.3497,High (Multi-Source Convergence),Q4: Higher Relative Stress,622
C_086_031,78.482258,13.005045,0.4103,0.5547,0.569,0.1071,High (Multi-Source Convergence),Q4: Higher Relative Stress,623
C_024_064,78.778702,13.562001,0.4103,0.4451,0.5145,0.2712,High (Multi-Source Convergence),Q4: Higher Relative Stress,624
C_111_017,78.356494,12.780466,0.4103,0.4965,0.3171,0.4172,High (Multi-Source Convergence),Q4: Higher Relative Stress,625
C_068_054,78.688871,13.166742,0.4102,0.4872,0.5359,0.2076,High (Multi-Source Convergence),Q4: Higher Relative Stress,626
C_061_047,78.625988,13.229624,0.4102,0.325,0.7004,0.2053,High (Multi-Source Convergence),Q4: Higher Relative Stress,627
C_073_068,78.814635,13.121826,0.4099,0.3599,0.8697,0.0,Moderate (Same-Sensor Spectral Agreement),Q4: Higher Relative Stress,628
C_037_049,78.643955,13.44522,0.4095,0.5171,0.5168,0.1945,High (Multi-Source Convergence),Q4: Higher Relative Stress,629
C_051_053,78.679887,13.319455,0.4093,0.3981,0.7168,0.113,High (Multi-Source Convergence),Q4: Higher Relative Stress,630
C_054_165,79.692109,13.292506,0.4088,0.2777,0.4915,0.4572,High (Multi-Source Convergence),Q4: Higher Relative Stress,631
C_066_058,78.724803,13.184708,0.4087,0.5722,0.4384,0.2155,High (Multi-Source Convergence),Q4: Higher Relative Stress,632
C_085_029,78.464292,13.014028,0.4087,0.4435,0.6646,0.1179,High (Multi-Source Convergence),Q4: Higher Relative Stress,633
C_064_079,78.913449,13.202674,0.4084,0.5206,0.6047,0.0999,High (Multi-Source Convergence),Q4: Higher Relative Stress,634
C_054_154,79.593294,13.292506,0.4079,0.472,0.6964,0.0553,High (Multi-Source Convergence),Q4: Higher Relative Stress,635
C_062_117,79.254809,13.220641,0.4079,0.2972,0.5454,0.3812,High (Multi-Source Convergence),Q4: Higher Relative Stress,636
C_046_104,79.138028,13.364371,0.4077,0.359,0.7559,0.1081,High (Multi-Source Convergence),Q4: Higher Relative Stress,637
C_058_102,79.120062,13.256573,0.4077,0.531,0.5065,0.1857,High (Multi-Source Convergence),Q4: Higher Relative Stress,638
C_034_080,78.922433,13.472169,0.4074,0.2847,0.7473,0.1903,High (Multi-Source Convergence),Q4: Higher Relative Stress,639
C_045_054,78.688871,13.373354,0.4074,0.3356,0.6948,0.1919,High (Multi-Source Convergence),Q4: Higher Relative Stress,640
C_069_101,79.111079,13.157759,0.4073,0.2991,0.5065,0.4162,High (Multi-Source Convergence),Q4: Higher Relative Stress,641
C_053_034,78.509207,13.301489,0.4073,0.3995,0.7366,0.0858,High (Multi-Source Convergence),Q4: Higher Relative Stress,642
C_061_042,78.581073,13.229624,0.4071,0.3937,0.4709,0.3566,High (Multi-Source Convergence),Q4: Higher Relative Stress,643
C_043_163,79.674143,13.391321,0.4069,0.0843,0.1364,1.0,Low (Single Evidence Family),Q4: Higher Relative Stress,644
C_122_023,78.410393,12.681652,0.4069,0.4935,0.1869,0.5403,Moderate (Compound Urban/Water Signal),Q4: Higher Relative Stress,645
C_096_039,78.554123,12.915214,0.4068,0.4243,0.6071,0.189,High (Multi-Source Convergence),Q4: Higher Relative Stress,646
C_052_054,78.688871,13.310472,0.4067,0.3821,0.6954,0.1425,High (Multi-Source Convergence),Q4: Higher Relative Stress,647
C_041_036,78.527174,13.409287,0.406,0.3937,0.7779,0.0463,High (Multi-Source Convergence),Q4: Higher Relative Stress,648
C_039_092,79.03023,13.427253,0.4058,0.4169,0.5186,0.282,High (Multi-Source Convergence),Q4: Higher Relative Stress,649
C_053_131,79.380573,13.301489,0.4057,0.2272,0.5651,0.4247,High (Multi-Source Convergence),Q4: Higher Relative Stress,650
C_060_175,79.781941,13.238607,0.4053,0.0769,0.1391,1.0,Low (Single Evidence Family),Q4: Higher Relative Stress,651
C_059_060,78.742769,13.24759,0.4053,0.3607,0.5555,0.2996,High (Multi-Source Convergence),Q4: Higher Relative Stress,652
C_031_040,78.563106,13.499119,0.4053,0.5451,0.4756,0.1952,High (Multi-Source Convergence),Q4: Higher Relative Stress,653
C_066_042,78.581073,13.184708,0.4052,0.4141,0.6433,0.1582,High (Multi-Source Convergence),Q4: Higher Relative Stress,654
C_059_114,79.22786,13.24759,0.4051,0.3677,0.5413,0.3065,High (Multi-Source Convergence),Q4: Higher Relative Stress,655
C_090_028,78.455309,12.969113,0.4047,0.4526,0.6995,0.0619,High (Multi-Source Convergence),Q4: Higher Relative Stress,656
C_040_089,79.003281,13.41827,0.4044,0.2828,0.4503,0.4801,High (Multi-Source Convergence),Q4: Higher Relative Stress,657
C_057_123,79.308708,13.265557,0.4038,0.2749,0.4886,0.448,High (Multi-Source Convergence),Q4: Higher Relative Stress,658
C_060_050,78.652938,13.238607,0.4036,0.3331,0.6897,0.188,High (Multi-Source Convergence),Q4: Higher Relative Stress,659
C_051_167,79.710075,13.319455,0.4035,0.3232,0.447,0.4405,High (Multi-Source Convergence),Q4: Higher Relative Stress,660
C_053_042,78.581073,13.301489,0.4033,0.3646,0.6894,0.1559,High (Multi-Source Convergence),Q4: Higher Relative Stress,661
C_062_062,78.760736,13.220641,0.4032,0.3948,0.5783,0.2364,High (Multi-Source Convergence),Q4: Higher Relative Stress,662
C_056_086,78.976331,13.27454,0.403,0.3464,0.5666,0.296,High (Multi-Source Convergence),Q4: Higher Relative Stress,663
C_052_154,79.593294,13.310472,0.4029,0.4233,0.6049,0.1804,High (Multi-Source Convergence),Q4: Higher Relative Stress,664
C_040_050,78.652938,13.41827,0.4026,0.4127,0.6487,0.1464,High (Multi-Source Convergence),Q4: Higher Relative Stress,665
C_067_108,79.173961,13.175725,0.4025,0.1745,0.454,0.579,Moderate (Compound Moisture/Vegetation Stress),Q4: Higher Relative Stress,666
C_119_018,78.365477,12.708601,0.4022,0.5216,0.1994,0.4856,Moderate (Compound Urban/Water Signal),Q4: Higher Relative Stress,667
C_044_168,79.719059,13.382338,0.402,0.0537,0.1523,1.0,Low (Single Evidence Family),Q4: Higher Relative Stress,668
C_083_048,78.634972,13.031995,0.402,0.4334,0.7726,0.0,Moderate (Same-Sensor Spectral Agreement),Q4: Higher Relative Stress,669
C_060_119,79.272775,13.238607,0.4019,0.3142,0.7205,0.1709,High (Multi-Source Convergence),Q4: Higher Relative Stress,670
C_069_119,79.272775,13.157759,0.4017,0.3098,0.5025,0.3928,High (Multi-Source Convergence),Q4: Higher Relative Stress,671
C_058_164,79.683126,13.256573,0.4017,0.1639,0.3807,0.6605,Moderate (Compound Moisture/Vegetation Stress),Q4: Higher Relative Stress,672
C_103_024,78.419376,12.852332,0.4017,0.4395,0.19,0.5757,Moderate (Compound Urban/Water Signal),Q4: Higher Relative Stress,673
C_052_039,78.554123,13.310472,0.4014,0.39,0.7699,0.0442,High (Multi-Source Convergence),Q4: Higher Relative Stress,674
C_109_008,78.275646,12.798433,0.4011,0.5916,0.4614,0.1503,High (Multi-Source Convergence),Q4: Higher Relative Stress,675
C_034_058,78.724803,13.472169,0.4009,0.4037,0.4546,0.3445,High (Multi-Source Convergence),Q4: Higher Relative Stress,676
C_053_168,79.719059,13.301489,0.4008,0.0287,0.1737,1.0,Low (Single Evidence Family),Q4: Higher Relative Stress,677
C_053_122,79.299725,13.301489,0.4006,0.3054,0.2389,0.6576,High (Multi-Source Convergence),Q4: Higher Relative Stress,678
C_106_021,78.392426,12.825382,0.4002,0.5865,0.3513,0.2626,High (Multi-Source Convergence),Q4: Higher Relative Stress,679
C_045_037,78.536157,13.373354,0.4,0.2671,0.7886,0.1444,High (Multi-Source Convergence),Q4: Higher Relative Stress,680
C_043_088,78.994298,13.391321,0.3997,0.4186,0.4768,0.3036,High (Multi-Source Convergence),Q4: Higher Relative Stress,681
C_038_054,78.688871,13.436236,0.3997,0.5214,0.5734,0.1045,High (Multi-Source Convergence),Q4: Higher Relative Stress,682
C_059_169,79.728042,13.24759,0.3997,0.1453,0.0537,1.0,Low (Single Evidence Family),Q4: Higher Relative Stress,683
C_070_052,78.670904,13.148776,0.3995,0.6269,0.4036,0.168,High (Multi-Source Convergence),Q4: Higher Relative Stress,684
C_056_048,78.634972,13.27454,0.3995,0.3875,0.7098,0.1012,High (Multi-Source Convergence),Q4: Higher Relative Stress,685
C_053_037,78.536157,13.301489,0.3994,0.3544,0.6769,0.167,High (Multi-Source Convergence),Q4: Higher Relative Stress,686
C_062_120,79.281759,13.220641,0.3994,0.3579,0.5964,0.244,High (Multi-Source Convergence),Q4: Higher Relative Stress,687
C_075_103,79.129045,13.10386,0.3992,0.3012,0.737,0.1595,High (Multi-Source Convergence),Q4: Higher Relative Stress,688
C_044_133,79.39854,13.382338,0.3991,0.191,0.5668,0.4395,Moderate (Compound Moisture/Vegetation Stress),Q4: Higher Relative Stress,689
C_056_056,78.706837,13.27454,0.3991,0.4562,0.6927,0.0485,High (Multi-Source Convergence),Q4: Higher Relative Stress,690
C_065_040,78.563106,13.193691,0.3989,0.3808,0.5721,0.2439,High (Multi-Source Convergence),Q4: Higher Relative Stress,691
C_047_132,79.389556,13.355388,0.3989,0.2115,0.2435,0.7417,High (Multi-Source Convergence),Q4: Higher Relative Stress,692
C_070_107,79.164978,13.148776,0.3988,0.3224,0.5345,0.3396,High (Multi-Source Convergence),Q4: Higher Relative Stress,693
C_034_066,78.796668,13.472169,0.3987,0.4157,0.5857,0.1945,High (Multi-Source Convergence),Q4: Higher Relative Stress,694
C_069_055,78.697854,13.157759,0.3985,0.3801,0.6979,0.1176,High (Multi-Source Convergence),Q4: Higher Relative Stress,695
C_063_052,78.670904,13.211658,0.3983,0.4014,0.5548,0.2387,High (Multi-Source Convergence),Q4: Higher Relative Stress,696
C_046_133,79.39854,13.364371,0.3983,0.1603,0.4534,0.5813,Moderate (Compound Moisture/Vegetation Stress),Q4: Higher Relative Stress,697
C_050_131,79.380573,13.328439,0.3983,0.1875,0.2538,0.7535,Moderate (Compound Moisture/Vegetation Stress),Q4: Higher Relative Stress,698
C_050_051,78.661921,13.328439,0.3982,0.4177,0.7236,0.0534,High (Multi-Source Convergence),Q4: Higher Relative Stress,699
C_067_059,78.733786,13.175725,0.3981,0.4225,0.4511,0.3206,High (Multi-Source Convergence),Q4: Higher Relative Stress,700
C_050_133,79.39854,13.328439,0.3981,0.3633,0.3383,0.4928,High (Multi-Source Convergence),Q4: Higher Relative Stress,701
C_083_044,78.599039,13.031995,0.3979,0.4195,0.7677,0.0065,Moderate (Same-Sensor Spectral Agreement),Q4: Higher Relative Stress,702
C_057_114,79.22786,13.265557,0.3975,0.1681,0.8796,0.1447,Low (Single Evidence Family),Q4: Higher Relative Stress,703
C_022_080,78.922433,13.579967,0.3974,0.3214,0.6711,0.1996,High (Multi-Source Convergence),Q4: Higher Relative Stress,704
C_076_107,79.164978,13.094877,0.3971,0.3769,0.7448,0.0698,High (Multi-Source Convergence),Q4: Higher Relative Stress,705
C_098_041,78.57209,12.897247,0.397,0.4276,0.4221,0.3412,High (Multi-Source Convergence),Q4: Higher Relative Stress,706
C_065_094,79.048197,13.193691,0.3968,0.3486,0.5612,0.2806,High (Multi-Source Convergence),Q4: Higher Relative Stress,707
C_063_120,79.281759,13.211658,0.3968,0.3839,0.7197,0.0868,Moderate (Same-Sensor Spectral Agreement),Q4: Higher Relative Stress,708
C_051_047,78.625988,13.319455,0.3968,0.4347,0.6501,0.1054,High (Multi-Source Convergence),Q4: Higher Relative Stress,709
C_105_030,78.473275,12.834365,0.3968,0.497,0.4723,0.221,High (Multi-Source Convergence),Q4: Higher Relative Stress,710
C_045_108,79.173961,13.373354,0.3968,0.3941,0.3114,0.485,High (Multi-Source Convergence),Q4: Higher Relative Stress,711
C_050_157,79.620244,13.328439,0.3968,0.3233,0.5468,0.3203,High (Multi-Source Convergence),Q4: Higher Relative Stress,712
C_055_055,78.697854,13.283523,0.3967,0.3621,0.7481,0.0799,High (Multi-Source Convergence),Q4: Higher Relative Stress,713
C_048_154,79.593294,13.346405,0.3966,0.3817,0.5641,0.244,High (Multi-Source Convergence),Q4: Higher Relative Stress,714
C_062_136,79.431598,13.220641,0.3966,0.5087,0.3735,0.3075,High (Multi-Source Convergence),Q4: Higher Relative Stress,715
C_041_049,78.643955,13.409287,0.3965,0.4164,0.6752,0.0979,High (Multi-Source Convergence),Q4: Higher Relative Stress,716
C_032_039,78.554123,13.490135,0.3965,0.4199,0.7131,0.0563,High (Multi-Source Convergence),Q4: Higher Relative Stress,717
C_042_045,78.608022,13.400304,0.3964,0.3981,0.6868,0.1045,High (Multi-Source Convergence),Q4: Higher Relative Stress,718
C_041_165,79.692109,13.409287,0.3964,0.0966,0.2139,0.8788,Moderate (Compound Moisture/Vegetation Stress),Q4: Higher Relative Stress,719
C_112_017,78.356494,12.771483,0.3963,0.4449,0.2739,0.4699,High (Multi-Source Convergence),Q4: Higher Relative Stress,720
C_054_160,79.647193,13.292506,0.3961,0.1966,0.4113,0.5804,Moderate (Compound Moisture/Vegetation Stress),Q4: Higher Relative Stress,721
C_066_106,79.155994,13.184708,0.3961,0.2818,0.6578,0.2489,High (Multi-Source Convergence),Q4: Higher Relative Stress,722
C_081_039,78.554123,13.049961,0.3961,0.5,0.688,0.0003,Moderate (Same-Sensor Spectral Agreement),Q4: Higher Relative Stress,723
C_052_149,79.548379,13.310472,0.3959,0.3304,0.5048,0.3524,High (Multi-Source Convergence),Q4: Higher Relative Stress,724
C_054_116,79.245826,13.292506,0.3959,0.2672,0.4604,0.4601,High (Multi-Source Convergence),Q4: Higher Relative Stress,725
C_061_173,79.763974,13.229624,0.3957,0.0576,0.1295,1.0,Low (Single Evidence Family),Q4: Higher Relative Stress,726
C_057_102,79.120062,13.265557,0.3957,0.6105,0.5073,0.0694,High (Multi-Source Convergence),Q4: Higher Relative Stress,727
C_050_046,78.617005,13.328439,0.3957,0.4784,0.5824,0.1264,High (Multi-Source Convergence),Q4: Higher Relative Stress,728
C_061_108,79.173961,13.229624,0.3956,0.3544,0.3313,0.501,High (Multi-Source Convergence),Q4: Higher Relative Stress,729
C_043_096,79.066163,13.391321,0.3955,0.2324,0.857,0.0973,High (Multi-Source Convergence),Q4: Higher Relative Stress,730
C_108_008,78.275646,12.807416,0.3954,0.4917,0.3585,0.336,High (Multi-Source Convergence),Q4: Higher Relative Stress,731
C_077_041,78.57209,13.085893,0.3948,0.4805,0.5454,0.1585,High (Multi-Source Convergence),Q4: Higher Relative Stress,732
C_054_129,79.362607,13.292506,0.3946,0.3105,0.788,0.0851,High (Multi-Source Convergence),Q4: Higher Relative Stress,733
C_039_047,78.625988,13.427253,0.3946,0.408,0.6254,0.1503,High (Multi-Source Convergence),Q4: Higher Relative Stress,734
C_053_129,79.362607,13.301489,0.3944,0.1966,0.3801,0.6065,Moderate (Compound Moisture/Vegetation Stress),Q4: Higher Relative Stress,735
C_023_076,78.8865,13.570984,0.3943,0.1551,0.6351,0.3926,Moderate (Compound Moisture/Vegetation Stress),Q4: Higher Relative Stress,736
C_023_078,78.904466,13.570984,0.3939,0.2454,0.5497,0.3868,High (Multi-Source Convergence),Q4: Higher Relative Stress,737
C_120_018,78.365477,12.699618,0.3938,0.4356,0.1681,0.5777,Moderate (Compound Urban/Water Signal),Q4: Higher Relative Stress,738
C_113_017,78.356494,12.7625,0.3936,0.5413,0.1963,0.4431,Moderate (Compound Urban/Water Signal),Q4: Higher Relative Stress,739
C_026_079,78.913449,13.544034,0.3935,0.6497,0.3921,0.1389,High (Multi-Source Convergence),Q4: Higher Relative Stress,740
C_056_049,78.643955,13.27454,0.3935,0.3772,0.7176,0.0858,High (Multi-Source Convergence),Q4: Higher Relative Stress,741
C_065_056,78.706837,13.193691,0.3934,0.5098,0.5392,0.1313,High (Multi-Source Convergence),Q4: Higher Relative Stress,742
C_047_098,79.084129,13.355388,0.3933,0.4233,0.5505,0.206,High (Multi-Source Convergence),Q4: Higher Relative Stress,743
C_053_128,79.353624,13.301489,0.393,0.1236,0.1585,0.897,Low (Single Evidence Family),Q4: Higher Relative Stress,744
C_060_060,78.742769,13.238607,0.3927,0.3165,0.5501,0.3114,High (Multi-Source Convergence),Q4: Higher Relative Stress,745
C_051_049,78.643955,13.319455,0.3927,0.4839,0.5682,0.1261,High (Multi-Source Convergence),Q4: Higher Relative Stress,746
C_058_103,79.129045,13.256573,0.3926,0.338,0.6518,0.188,High (Multi-Source Convergence),Q4: Higher Relative Stress,747
C_034_067,78.805652,13.472169,0.3924,0.4669,0.6119,0.0986,High (Multi-Source Convergence),Q4: Higher Relative Stress,748
C_073_046,78.617005,13.121826,0.3923,0.3935,0.6401,0.1434,High (Multi-Source Convergence),Q4: Higher Relative Stress,749
C_114_006,78.257679,12.753517,0.3922,0.3921,0.6981,0.0865,High (Multi-Source Convergence),Q4: Higher Relative Stress,750
C_056_119,79.272775,13.27454,0.3921,0.314,0.4577,0.4048,High (Multi-Source Convergence),Q4: Higher Relative Stress,751
C_094_040,78.563106,12.93318,0.392,0.436,0.5656,0.1745,High (Multi-Source Convergence),Q4: Higher Relative Stress,752
C_044_167,79.710075,13.382338,0.392,0.192,0.4077,0.5764,Moderate (Compound Moisture/Vegetation Stress),Q4: Higher Relative Stress,753
C_067_078,78.904466,13.175725,0.3918,0.2606,0.5802,0.3347,High (Multi-Source Convergence),Q4: Higher Relative Stress,754
C_061_089,79.003281,13.229624,0.391,0.3873,0.4423,0.3435,High (Multi-Source Convergence),Q4: Higher Relative Stress,755
C_086_040,78.563106,13.005045,0.3909,0.5,0.6079,0.0648,Moderate (Same-Sensor Spectral Agreement),Q4: Higher Relative Stress,756
C_061_053,78.679887,13.229624,0.3908,0.3554,0.6841,0.133,High (Multi-Source Convergence),Q4: Higher Relative Stress,757
C_047_161,79.656176,13.355388,0.3907,0.2739,0.4983,0.3999,High (Multi-Source Convergence),Q4: Higher Relative Stress,758
C_049_105,79.147011,13.337422,0.3907,0.3044,0.547,0.3206,High (Multi-Source Convergence),Q4: Higher Relative Stress,759
C_046_054,78.688871,13.364371,0.3907,0.2785,0.5645,0.3291,High (Multi-Source Convergence),Q4: Higher Relative Stress,760
C_096_037,78.536157,12.915214,0.3905,0.422,0.6207,0.1287,High (Multi-Source Convergence),Q4: Higher Relative Stress,761
C_053_123,79.308708,13.301489,0.3905,0.3716,0.2591,0.5407,High (Multi-Source Convergence),Q4: Higher Relative Stress,762
C_036_060,78.742769,13.454203,0.3902,0.3712,0.631,0.1683,High (Multi-Source Convergence),Q4: Higher Relative Stress,763
C_062_041,78.57209,13.220641,0.3899,0.2709,0.6656,0.2333,High (Multi-Source Convergence),Q4: Higher Relative Stress,764
C_037_050,78.652938,13.44522,0.3899,0.5255,0.4375,0.2066,High (Multi-Source Convergence),Q4: Higher Relative Stress,765
C_110_006,78.257679,12.789449,0.3898,0.5367,0.4876,0.1451,High (Multi-Source Convergence),Q4: Higher Relative Stress,766
C_055_127,79.344641,13.283523,0.3897,0.3446,0.6254,0.1991,High (Multi-Source Convergence),Q4: Higher Relative Stress,767
C_072_059,78.733786,13.130809,0.3897,0.3498,0.625,0.1942,High (Multi-Source Convergence),Q4: Higher Relative Stress,768
C_088_039,78.554123,12.987079,0.3895,0.444,0.5725,0.1519,High (Multi-Source Convergence),Q4: Higher Relative Stress,769
C_034_057,78.71582,13.472169,0.3895,0.6243,0.4682,0.076,High (Multi-Source Convergence),Q4: Higher Relative Stress,770
C_054_150,79.557362,13.292506,0.3893,0.1888,0.3573,0.6219,Moderate (Compound Moisture/Vegetation Stress),Q4: Higher Relative Stress,771
C_046_134,79.407523,13.364371,0.3893,0.1841,0.2799,0.7038,Moderate (Compound Moisture/Vegetation Stress),Q4: Higher Relative Stress,772
C_039_080,78.922433,13.427253,0.3889,0.4882,0.6785,0.0,Moderate (Same-Sensor Spectral Agreement),Q4: Higher Relative Stress,773
C_123_020,78.383443,12.672668,0.3889,0.5119,0.12,0.5348,Moderate (Compound Urban/Water Signal),Q4: Higher Relative Stress,774
C_101_021,78.392426,12.870298,0.3888,0.3346,0.1434,0.6884,Moderate (Compound Urban/Water Signal),Q4: Higher Relative Stress,775
C_007_093,79.039214,13.714714,0.3885,0.2586,0.7539,0.1529,High (Multi-Source Convergence),Q4: Higher Relative Stress,776
C_065_112,79.209893,13.193691,0.3885,0.2604,0.7584,0.1467,High (Multi-Source Convergence),Q4: Higher Relative Stress,777
C_057_056,78.706837,13.265557,0.3884,0.3716,0.7234,0.0701,High (Multi-Source Convergence),Q4: Higher Relative Stress,778
C_049_039,78.554123,13.337422,0.3884,0.3755,0.6137,0.1759,High (Multi-Source Convergence),Q4: Higher Relative Stress,779
C_038_056,78.706837,13.436236,0.3882,0.3932,0.5501,0.2214,High (Multi-Source Convergence),Q4: Higher Relative Stress,780
C_046_162,79.66516,13.364371,0.3881,0.2129,0.3616,0.5897,High (Multi-Source Convergence),Q4: Higher Relative Stress,781
C_061_060,78.742769,13.229624,0.388,0.3279,0.4742,0.3619,High (Multi-Source Convergence),Q4: Higher Relative Stress,782
C_041_071,78.841584,13.409287,0.3878,0.3431,0.6028,0.2174,High (Multi-Source Convergence),Q4: Higher Relative Stress,783
C_046_068,78.814635,13.364371,0.3877,0.347,0.729,0.0871,High (Multi-Source Convergence),Q4: Higher Relative Stress,784
C_070_043,78.590056,13.148776,0.3876,0.3176,0.2406,0.6045,High (Multi-Source Convergence),Q4: Higher Relative Stress,785
C_065_080,78.922433,13.193691,0.3875,0.2807,0.5195,0.3622,High (Multi-Source Convergence),Q4: Higher Relative Stress,786
C_064_057,78.71582,13.202674,0.3875,0.3868,0.6561,0.1195,High (Multi-Source Convergence),Q4: Higher Relative Stress,787
C_110_018,78.365477,12.789449,0.3874,0.6226,0.355,0.1847,High (Multi-Source Convergence),Q4: Higher Relative Stress,788
C_042_046,78.617005,13.400304,0.3873,0.3961,0.6798,0.0861,High (Multi-Source Convergence),Q4: Higher Relative Stress,789
C_078_036,78.527174,13.07691,0.3873,0.4263,0.6281,0.1074,High (Multi-Source Convergence),Q4: Higher Relative Stress,790
C_093_043,78.590056,12.942163,0.387,0.4471,0.4275,0.2865,High (Multi-Source Convergence),Q4: Higher Relative Stress,791
C_059_120,79.281759,13.24759,0.387,0.3319,0.6213,0.2076,High (Multi-Source Convergence),Q4: Higher Relative Stress,792
C_062_042,78.581073,13.220641,0.3869,0.3006,0.5464,0.3137,High (Multi-Source Convergence),Q4: Higher Relative Stress,793
C_046_067,78.805652,13.364371,0.3867,0.5385,0.5357,0.0858,High (Multi-Source Convergence),Q4: Higher Relative Stress,794
C_091_028,78.455309,12.960129,0.3867,0.3737,0.6415,0.1451,High (Multi-Source Convergence),Q4: Higher Relative Stress,795
C_054_128,79.353624,13.292506,0.3867,0.1982,0.4497,0.5122,Moderate (Compound Moisture/Vegetation Stress),Q4: Higher Relative Stress,796
C_062_058,78.724803,13.220641,0.3865,0.2465,0.5695,0.3435,High (Multi-Source Convergence),Q4: Higher Relative Stress,797
C_061_044,78.599039,13.229624,0.3865,0.0648,1.0,0.0946,Low (Single Evidence Family),Q4: Higher Relative Stress,798
C_049_171,79.746008,13.337422,0.3863,0.0918,0.403,0.6642,Moderate (Compound Moisture/Vegetation Stress),Q4: Higher Relative Stress,799
C_071_044,78.599039,13.139792,0.3861,0.4302,0.425,0.3032,High (Multi-Source Convergence),Q4: Higher Relative Stress,800
C_053_169,79.728042,13.301489,0.3859,0.0756,0.2737,0.8082,Moderate (Compound Moisture/Vegetation Stress),Q4: Higher Relative Stress,801
C_035_122,79.299725,13.463186,0.3859,0.24,0.3476,0.5701,High (Multi-Source Convergence),Q4: Higher Relative Stress,802
C_056_053,78.679887,13.27454,0.3858,0.4106,0.6964,0.0504,High (Multi-Source Convergence),Q4: Higher Relative Stress,803
C_086_030,78.473275,13.005045,0.3856,0.5207,0.4536,0.1824,High (Multi-Source Convergence),Q4: Higher Relative Stress,804
C_113_016,78.347511,12.7625,0.3856,0.4655,0.1434,0.5479,Moderate (Compound Urban/Water Signal),Q4: Higher Relative Stress,805
C_036_129,79.362607,13.454203,0.3856,0.3358,0.197,0.6242,Moderate (Compound Urban/Water Signal),Q4: Higher Relative Stress,806
C_090_036,78.527174,12.969113,0.3856,0.2644,0.3879,0.5043,High (Multi-Source Convergence),Q4: Higher Relative Stress,807
C_119_007,78.266662,12.708601,0.3854,0.415,0.7413,0.0,Moderate (Same-Sensor Spectral Agreement),Q4: Higher Relative Stress,808
C_116_017,78.356494,12.735551,0.3853,0.5017,0.1679,0.4863,Moderate (Compound Urban/Water Signal),Q4: Higher Relative Stress,809
C_059_103,79.129045,13.24759,0.3853,0.4786,0.3439,0.3334,High (Multi-Source Convergence),Q4: Higher Relative Stress,810
C_077_061,78.751753,13.085893,0.3852,0.283,0.8726,0.0,Moderate (Same-Sensor Spectral Agreement),Q4: Higher Relative Stress,811
C_051_152,79.575328,13.319455,0.3852,0.3488,0.4478,0.3589,High (Multi-Source Convergence),Q4: Higher Relative Stress,812
C_047_041,78.57209,13.355388,0.3851,0.2842,0.6166,0.2545,High (Multi-Source Convergence),Q4: Higher Relative Stress,813
C_030_040,78.563106,13.508102,0.3849,0.2522,0.7104,0.1922,Moderate (Same-Sensor Spectral Agreement),Q4: Higher Relative Stress,814
C_103_032,78.491241,12.852332,0.3849,0.1659,0.2634,0.7254,Moderate (Compound Moisture/Vegetation Stress),Q4: Higher Relative Stress,815
C_091_037,78.536157,12.960129,0.3848,0.4751,0.5289,0.1503,High (Multi-Source Convergence),Q4: Higher Relative Stress,816
C_045_110,79.191927,13.373354,0.3844,0.3384,0.2871,0.5276,High (Multi-Source Convergence),Q4: Higher Relative Stress,817
C_051_131,79.380573,13.319455,0.3843,0.2087,0.3836,0.5606,High (Multi-Source Convergence),Q4: Higher Relative Stress,818
C_054_167,79.710075,13.292506,0.384,0.1504,0.2346,0.767,Moderate (Compound Moisture/Vegetation Stress),Q4: Higher Relative Stress,819
C_109_009,78.284629,12.798433,0.3839,0.4579,0.4036,0.2901,High (Multi-Source Convergence),Q4: Higher Relative Stress,820
C_062_053,78.679887,13.220641,0.3839,0.349,0.668,0.1346,High (Multi-Source Convergence),Q4: Higher Relative Stress,821
C_088_031,78.482258,12.987079,0.3838,0.398,0.5267,0.2266,High (Multi-Source Convergence),Q4: Higher Relative Stress,822
C_064_055,78.697854,13.202674,0.3837,0.4006,0.5754,0.1752,High (Multi-Source Convergence),Q4: Higher Relative Stress,823
C_105_018,78.365477,12.834365,0.3837,0.5372,0.2334,0.3805,High (Multi-Source Convergence),Q4: Higher Relative Stress,824
C_009_096,79.066163,13.696748,0.3836,0.3703,0.6294,0.151,High (Multi-Source Convergence),Q4: Higher Relative Stress,825
C_047_135,79.422614,13.355388,0.3836,0.3221,0.3363,0.4925,High (Multi-Source Convergence),Q4: Higher Relative Stress,826
C_120_015,78.338528,12.699618,0.3835,0.3588,0.114,0.6779,Moderate (Compound Urban/Water Signal),Q4: Higher Relative Stress,827
C_088_045,78.608022,12.987079,0.3834,0.4599,0.6903,0.0,Moderate (Same-Sensor Spectral Agreement),Q4: Higher Relative Stress,828
C_059_101,79.111079,13.24759,0.3834,0.5279,0.4192,0.203,High (Multi-Source Convergence),Q4: Higher Relative Stress,829
C_060_168,79.719059,13.238607,0.3832,0.1048,0.0446,1.0,Low (Single Evidence Family),Q4: Higher Relative Stress,830
C_027_080,78.922433,13.535051,0.3832,0.1337,0.7582,0.2577,Moderate (Compound Moisture/Vegetation Stress),Q4: Higher Relative Stress,831
C_074_045,78.608022,13.112843,0.3832,0.3693,0.589,0.1912,High (Multi-Source Convergence),Q4: Higher Relative Stress,832
C_121_016,78.347511,12.690635,0.3831,0.3795,0.1142,0.6556,Moderate (Compound Urban/Water Signal),Q4: Higher Relative Stress,833
C_070_127,79.344641,13.148776,0.383,0.4094,0.5135,0.226,High (Multi-Source Convergence),Q4: Higher Relative Stress,834
C_124_023,78.410393,12.663685,0.383,0.618,0.3482,0.1827,High (Multi-Source Convergence),Q4: Higher Relative Stress,835
C_036_073,78.85955,13.454203,0.383,0.4242,0.5273,0.1975,High (Multi-Source Convergence),Q4: Higher Relative Stress,836
C_072_071,78.841584,13.130809,0.3829,0.2602,0.8885,0.0,Moderate (Same-Sensor Spectral Agreement),Q4: Higher Relative Stress,837
C_057_057,78.71582,13.265557,0.3828,0.3582,0.6065,0.1837,High (Multi-Source Convergence),Q4: Higher Relative Stress,838
C_053_116,79.245826,13.301489,0.3828,0.1761,0.4454,0.5269,Moderate (Compound Moisture/Vegetation Stress),Q4: Higher Relative Stress,839
C_106_032,78.491241,12.825382,0.3828,0.3835,0.2457,0.5191,High (Multi-Source Convergence),Q4: Higher Relative Stress,840
C_069_100,79.102096,13.157759,0.3827,0.3747,0.6028,0.1706,High (Multi-Source Convergence),Q4: Higher Relative Stress,841
C_100_022,78.40141,12.879281,0.3825,0.3655,0.2354,0.5466,High (Multi-Source Convergence),Q4: Higher Relative Stress,842
C_045_111,79.20091,13.373354,0.3825,0.3759,0.4571,0.3144,High (Multi-Source Convergence),Q4: Higher Relative Stress,843
C_086_033,78.500224,13.005045,0.3825,0.6235,0.32,0.204,High (Multi-Source Convergence),Q4: Higher Relative Stress,844
C_112_006,78.257679,12.771483,0.3825,0.4564,0.6454,0.0455,High (Multi-Source Convergence),Q4: Higher Relative Stress,845
C_074_103,79.129045,13.112843,0.3825,0.4035,0.5413,0.2027,High (Multi-Source Convergence),Q4: Higher Relative Stress,846
C_106_013,78.320561,12.825382,0.3825,0.5949,0.3966,0.1559,High (Multi-Source Convergence),Q4: Higher Relative Stress,847
C_090_030,78.473275,12.969113,0.3824,0.3905,0.6446,0.112,High (Multi-Source Convergence),Q4: Higher Relative Stress,848
C_055_156,79.611261,13.283523,0.3824,0.1219,0.2675,0.7577,Moderate (Compound Moisture/Vegetation Stress),Q4: Higher Relative Stress,849
C_056_093,79.039214,13.27454,0.382,0.3632,0.396,0.3868,High (Multi-Source Convergence),Q4: Higher Relative Stress,850
C_056_043,78.590056,13.27454,0.382,0.2771,0.5511,0.3177,High (Multi-Source Convergence),Q4: Higher Relative Stress,851
C_066_116,79.245826,13.184708,0.382,0.2434,0.6783,0.2243,High (Multi-Source Convergence),Q4: Higher Relative Stress,852
C_048_054,78.688871,13.346405,0.3818,0.3349,0.6018,0.2086,High (Multi-Source Convergence),Q4: Higher Relative Stress,853
C_043_046,78.617005,13.391321,0.3817,0.3979,0.6098,0.1375,High (Multi-Source Convergence),Q4: Higher Relative Stress,854
C_068_112,79.209893,13.166742,0.3817,0.3112,0.4701,0.3638,High (Multi-Source Convergence),Q4: Higher Relative Stress,855
C_061_054,78.688871,13.229624,0.3816,0.4105,0.5633,0.1709,High (Multi-Source Convergence),Q4: Higher Relative Stress,856
C_061_137,79.440581,13.229624,0.3816,0.534,0.4163,0.1944,High (Multi-Source Convergence),Q4: Higher Relative Stress,857
C_024_088,78.994298,13.562001,0.3816,0.5297,0.112,0.503,Moderate (Compound Urban/Water Signal),Q4: Higher Relative Stress,858
C_077_039,78.554123,13.085893,0.3813,0.2883,0.7296,0.1261,High (Multi-Source Convergence),Q4: Higher Relative Stress,859
C_093_036,78.527174,12.942163,0.3813,0.4179,0.5721,0.1539,High (Multi-Source Convergence),Q4: Higher Relative Stress,860
C_094_028,78.455309,12.93318,0.3813,0.4186,0.4991,0.2263,High (Multi-Source Convergence),Q4: Higher Relative Stress,861
C_054_057,78.71582,13.292506,0.3813,0.3713,0.5909,0.1818,High (Multi-Source Convergence),Q4: Higher Relative Stress,862
C_114_020,78.383443,12.753517,0.3812,0.4647,0.1399,0.539,Moderate (Compound Urban/Water Signal),Q4: Higher Relative Stress,863
C_065_135,79.422614,13.193691,0.3812,0.3978,0.597,0.1488,High (Multi-Source Convergence),Q4: Higher Relative Stress,864
C_042_164,79.683126,13.400304,0.3812,0.086,0.099,0.9587,Low (Single Evidence Family),Q4: Higher Relative Stress,865
C_036_123,79.308708,13.454203,0.3811,0.2409,0.4233,0.4791,High (Multi-Source Convergence),Q4: Higher Relative Stress,866
C_119_016,78.347511,12.708601,0.3811,0.2872,0.1953,0.6609,Moderate (Compound Urban/Water Signal),Q4: Higher Relative Stress,867
C_089_034,78.509207,12.978096,0.381,0.5491,0.4355,0.1585,High (Multi-Source Convergence),Q4: Higher Relative Stress,868
C_053_063,78.769719,13.301489,0.381,0.3553,0.7876,0.0,Moderate (Same-Sensor Spectral Agreement),Q4: Higher Relative Stress,869
C_025_078,78.904466,13.553017,0.3808,0.3193,0.5135,0.3098,High (Multi-Source Convergence),Q4: Higher Relative Stress,870
C_042_055,78.697854,13.400304,0.3808,0.5104,0.4703,0.1618,High (Multi-Source Convergence),Q4: Higher Relative Stress,871
C_043_165,79.692109,13.391321,0.3807,0.0738,0.2266,0.8416,Moderate (Compound Moisture/Vegetation Stress),Q4: Higher Relative Stress,872
C_023_072,78.850567,13.570984,0.3805,0.2557,0.6726,0.2132,High (Multi-Source Convergence),Q4: Higher Relative Stress,873
C_098_022,78.40141,12.897247,0.3802,0.2491,0.1986,0.6929,Moderate (Compound Urban/Water Signal),Q4: Higher Relative Stress,874
C_090_040,78.563106,12.969113,0.38,0.339,0.4696,0.3314,High (Multi-Source Convergence),Q4: Higher Relative Stress,875
C_040_059,78.733786,13.41827,0.38,0.3702,0.6674,0.1025,High (Multi-Source Convergence),Q4: Higher Relative Stress,876
C_054_122,79.299725,13.292506,0.38,0.1652,0.2116,0.7634,Moderate (Compound Moisture/Vegetation Stress),Q4: Higher Relative Stress,877
C_046_098,79.084129,13.364371,0.3799,0.5171,0.4552,0.1673,High (Multi-Source Convergence),Q4: Higher Relative Stress,878
C_093_040,78.563106,12.942163,0.3799,0.3467,0.6713,0.1218,High (Multi-Source Convergence),Q4: Higher Relative Stress,879
C_043_164,79.683126,13.391321,0.3798,0.3567,0.1659,0.617,Moderate (Compound Urban/Water Signal),Q4: Higher Relative Stress,880
C_116_015,78.338528,12.735551,0.3797,0.5602,0.2997,0.2793,High (Multi-Source Convergence),Q4: Higher Relative Stress,881
C_119_013,78.320561,12.708601,0.3797,0.3311,0.1805,0.6274,Moderate (Compound Urban/Water Signal),Q4: Higher Relative Stress,882
C_060_064,78.778702,13.238607,0.3793,0.4278,0.4557,0.2545,High (Multi-Source Convergence),Q4: Higher Relative Stress,883
C_116_016,78.347511,12.735551,0.3789,0.539,0.193,0.4048,Moderate (Compound Urban/Water Signal),Q4: Higher Relative Stress,884
C_066_078,78.904466,13.184708,0.3788,0.1854,0.824,0.1271,Low (Single Evidence Family),Q4: Higher Relative Stress,885
C_032_056,78.706837,13.490135,0.3788,0.4602,0.6588,0.0174,Moderate (Same-Sensor Spectral Agreement),Q4: Higher Relative Stress,886
C_120_020,78.383443,12.699618,0.3787,0.5755,0.1381,0.4224,Moderate (Compound Urban/Water Signal),Q4: Higher Relative Stress,887
C_065_092,79.03023,13.193691,0.3786,0.3465,0.2749,0.5144,High (Multi-Source Convergence),Q4: Higher Relative Stress,888
C_107_007,78.266662,12.816399,0.3785,0.5915,0.2171,0.3268,High (Multi-Source Convergence),Q4: Higher Relative Stress,889
C_093_024,78.419376,12.942163,0.3785,0.4272,0.4647,0.2436,High (Multi-Source Convergence),Q4: Higher Relative Stress,890
C_090_042,78.581073,12.969113,0.3783,0.3413,0.4865,0.3072,High (Multi-Source Convergence),Q4: Higher Relative Stress,891
C_064_131,79.380573,13.202674,0.3783,0.5241,0.4061,0.2047,High (Multi-Source Convergence),Q4: Higher Relative Stress,892
C_065_041,78.57209,13.193691,0.3783,0.4589,0.5751,0.1008,High (Multi-Source Convergence),Q4: Higher Relative Stress,893
C_052_152,79.575328,13.310472,0.3782,0.3078,0.3663,0.4604,High (Multi-Source Convergence),Q4: Higher Relative Stress,894
C_107_020,78.383443,12.816399,0.3781,0.5943,0.2363,0.3039,High (Multi-Source Convergence),Q4: Higher Relative Stress,895
C_057_094,79.048197,13.265557,0.3779,0.3763,0.4799,0.2774,High (Multi-Source Convergence),Q4: Higher Relative Stress,896
C_051_159,79.63821,13.319455,0.3777,0.3207,0.4787,0.3337,High (Multi-Source Convergence),Q4: Higher Relative Stress,897
C_065_095,79.05718,13.193691,0.3776,0.2939,0.4873,0.3517,High (Multi-Source Convergence),Q4: Higher Relative Stress,898
C_030_058,78.724803,13.508102,0.3775,0.4793,0.6531,0.0,Moderate (Same-Sensor Spectral Agreement),Q4: Higher Relative Stress,899
C_101_017,78.356494,12.870298,0.3774,0.379,0.2068,0.5462,High (Multi-Source Convergence),Q4: Higher Relative Stress,900
C_034_064,78.778702,13.472169,0.3773,0.4281,0.6458,0.058,High (Multi-Source Convergence),Q4: Higher Relative Stress,901
C_052_044,78.599039,13.310472,0.3773,0.417,0.5656,0.1493,High (Multi-Source Convergence),Q4: Higher Relative Stress,902
C_055_069,78.823618,13.283523,0.377,0.3716,0.7592,0.0003,Moderate (Same-Sensor Spectral Agreement),Q4: Higher Relative Stress,903
C_041_039,78.554123,13.409287,0.3768,0.4487,0.5164,0.1654,High (Multi-Source Convergence),Q4: Higher Relative Stress,904
C_060_058,78.724803,13.238607,0.3765,0.3715,0.5267,0.2312,High (Multi-Source Convergence),Q4: Higher Relative Stress,905
C_110_017,78.356494,12.789449,0.3765,0.592,0.2568,0.2806,High (Multi-Source Convergence),Q4: Higher Relative Stress,906
C_043_085,78.967348,13.391321,0.3762,0.3589,0.44,0.3298,High (Multi-Source Convergence),Q4: Higher Relative Stress,907
C_040_093,79.039214,13.41827,0.3762,0.3502,0.5769,0.2014,High (Multi-Source Convergence),Q4: Higher Relative Stress,908
C_077_065,78.787685,13.085893,0.3761,0.2954,0.8331,0.0,Moderate (Same-Sensor Spectral Agreement),Q4: Higher Relative Stress,909
C_049_035,78.518191,13.337422,0.3761,0.3675,0.6643,0.0966,High (Multi-Source Convergence),Q4: Higher Relative Stress,910
C_092_039,78.554123,12.951146,0.376,0.5923,0.4503,0.0855,High (Multi-Source Convergence),Q4: Higher Relative Stress,911
C_067_088,78.994298,13.175725,0.3759,0.5024,0.5236,0.1018,High (Multi-Source Convergence),Q4: Higher Relative Stress,912
C_052_047,78.625988,13.310472,0.3757,0.4408,0.604,0.0822,High (Multi-Source Convergence),Q4: Higher Relative Stress,913
C_029_066,78.796668,13.517085,0.3755,0.3772,0.6384,0.111,High (Multi-Source Convergence),Q4: Higher Relative Stress,914
C_026_065,78.787685,13.544034,0.3754,0.2291,0.6468,0.2502,High (Multi-Source Convergence),Q4: Higher Relative Stress,915
C_036_069,78.823618,13.454203,0.3754,0.2675,0.793,0.0658,Moderate (Same-Sensor Spectral Agreement),Q4: Higher Relative Stress,916
C_046_048,78.634972,13.364371,0.3753,0.2872,0.7617,0.077,High (Multi-Source Convergence),Q4: Higher Relative Stress,917
C_074_046,78.617005,13.112843,0.3752,0.4146,0.4023,0.3088,High (Multi-Source Convergence),Q4: Higher Relative Stress,918
C_098_025,78.428359,12.897247,0.3751,0.4457,0.1683,0.5112,Moderate (Compound Urban/Water Signal),Q4: Higher Relative Stress,919
C_077_043,78.590056,13.085893,0.3751,0.3995,0.5256,0.2001,High (Multi-Source Convergence),Q4: Higher Relative Stress,920
C_053_160,79.647193,13.301489,0.3751,0.2749,0.5065,0.3439,High (Multi-Source Convergence),Q4: Higher Relative Stress,921
C_042_084,78.958365,13.400304,0.375,0.3075,0.5332,0.2843,High (Multi-Source Convergence),Q4: Higher Relative Stress,922
C_120_016,78.347511,12.699618,0.375,0.4168,0.0943,0.614,Moderate (Compound Urban/Water Signal),Q4: Higher Relative Stress,923
C_056_120,79.281759,13.27454,0.3748,0.2504,0.3933,0.4807,High (Multi-Source Convergence),Q4: Higher Relative Stress,924
C_023_086,78.976331,13.570984,0.3747,0.1643,0.2221,0.7378,Moderate (Compound Moisture/Vegetation Stress),Q4: Higher Relative Stress,925
C_091_027,78.446325,12.960129,0.3747,0.3503,0.5839,0.1899,High (Multi-Source Convergence),Q4: Higher Relative Stress,926
C_093_042,78.581073,12.942163,0.3745,0.3809,0.4715,0.2712,High (Multi-Source Convergence),Q4: Higher Relative Stress,927
C_023_075,78.877517,13.570984,0.3744,0.1698,0.4143,0.539,Moderate (Compound Moisture/Vegetation Stress),Q4: Higher Relative Stress,928
C_063_134,79.407523,13.211658,0.3744,0.3195,0.4534,0.3504,High (Multi-Source Convergence),Q4: Higher Relative Stress,929
C_061_102,79.120062,13.229624,0.3744,0.5208,0.4266,0.1759,High (Multi-Source Convergence),Q4: Higher Relative Stress,930
C_045_099,79.093112,13.373354,0.3743,0.5977,0.3484,0.1768,High (Multi-Source Convergence),Q4: Higher Relative Stress,931
C_060_125,79.326674,13.238607,0.374,0.3107,0.5742,0.2371,High (Multi-Source Convergence),Q4: Higher Relative Stress,932
C_064_096,79.066163,13.202674,0.3739,0.3748,0.4077,0.3393,High (Multi-Source Convergence),Q4: Higher Relative Stress,933
C_049_131,79.380573,13.337422,0.3739,0.1934,0.4818,0.4464,Moderate (Compound Moisture/Vegetation Stress),Q4: Higher Relative Stress,934
C_061_171,79.746008,13.229624,0.3739,0.0281,0.0935,1.0,Low (Single Evidence Family),Q4: Higher Relative Stress,935
C_039_128,79.353624,13.427253,0.3738,0.3021,0.7111,0.1081,High (Multi-Source Convergence),Q4: Higher Relative Stress,936
C_051_157,79.620244,13.319455,0.3738,0.3442,0.4896,0.2875,High (Multi-Source Convergence),Q4: Higher Relative Stress,937
C_030_046,78.617005,13.508102,0.3737,0.3998,0.5911,0.1303,High (Multi-Source Convergence),Q4: Higher Relative Stress,938
C_063_049,78.643955,13.211658,0.3735,0.3815,0.5213,0.2178,High (Multi-Source Convergence),Q4: Higher Relative Stress,939
C_083_038,78.54514,13.031995,0.3734,0.4007,0.4651,0.2545,High (Multi-Source Convergence),Q4: Higher Relative Stress,940
C_106_018,78.365477,12.825382,0.3733,0.6056,0.2844,0.2299,High (Multi-Source Convergence),Q4: Higher Relative Stress,941
C_084_030,78.473275,13.023011,0.3733,0.3472,0.4911,0.2816,High (Multi-Source Convergence),Q4: Higher Relative Stress,942
C_031_075,78.877517,13.499119,0.3732,0.3093,0.6565,0.1539,High (Multi-Source Convergence),Q4: Higher Relative Stress,943
C_105_032,78.491241,12.834365,0.3731,0.2911,0.3509,0.4771,High (Multi-Source Convergence),Q4: Higher Relative Stress,944
C_060_113,79.218877,13.238607,0.373,0.3342,0.5485,0.2364,High (Multi-Source Convergence),Q4: Higher Relative Stress,945
C_091_035,78.518191,12.960129,0.3729,0.4294,0.6088,0.0806,High (Multi-Source Convergence),Q4: Higher Relative Stress,946
C_085_037,78.536157,13.014028,0.3728,0.4962,0.4248,0.1975,High (Multi-Source Convergence),Q4: Higher Relative Stress,947
C_026_098,79.084129,13.544034,0.3726,0.2731,0.6178,0.2269,High (Multi-Source Convergence),Q4: Higher Relative Stress,948
C_051_046,78.617005,13.319455,0.3725,0.419,0.6007,0.0979,High (Multi-Source Convergence),Q4: Higher Relative Stress,949
C_120_022,78.40141,12.699618,0.3724,0.5743,0.1933,0.3497,Moderate (Compound Urban/Water Signal),Q4: Higher Relative Stress,950
C_070_112,79.209893,13.148776,0.3724,0.2205,0.3819,0.5149,High (Multi-Source Convergence),Q4: Higher Relative Stress,951
C_115_014,78.329544,12.744534,0.3724,0.5482,0.2219,0.3471,High (Multi-Source Convergence),Q4: Higher Relative Stress,952
C_035_037,78.536157,13.463186,0.3723,0.4313,0.5116,0.1739,High (Multi-Source Convergence),Q4: Higher Relative Stress,953
C_099_022,78.40141,12.888264,0.3723,0.3175,0.1846,0.6147,Moderate (Compound Urban/Water Signal),Q4: Higher Relative Stress,954
C_049_132,79.389556,13.337422,0.3722,0.2716,0.3505,0.4945,High (Multi-Source Convergence),Q4: Higher Relative Stress,955
C_053_036,78.527174,13.301489,0.3722,0.3924,0.6261,0.0982,High (Multi-Source Convergence),Q4: Higher Relative Stress,956
C_060_118,79.263792,13.238607,0.3722,0.2871,0.4974,0.3321,High (Multi-Source Convergence),Q4: Higher Relative Stress,957
C_080_054,78.688871,13.058944,0.3722,0.2678,0.4225,0.4264,High (Multi-Source Convergence),Q4: Higher Relative Stress,958
C_049_150,79.557362,13.337422,0.372,0.1048,0.1299,0.8812,Low (Single Evidence Family),Q4: Higher Relative Stress,959
C_063_092,79.03023,13.211658,0.372,0.3374,0.1984,0.5803,Moderate (Compound Urban/Water Signal),Q4: Higher Relative Stress,960
C_110_009,78.284629,12.789449,0.3717,0.3932,0.4301,0.2918,High (Multi-Source Convergence),Q4: Higher Relative Stress,961
C_061_051,78.661921,13.229624,0.3717,0.3195,0.6236,0.1719,High (Multi-Source Convergence),Q4: Higher Relative Stress,962
C_055_167,79.710075,13.283523,0.3716,0.1352,0.3077,0.672,Moderate (Compound Moisture/Vegetation Stress),Q4: Higher Relative Stress,963
C_072_129,79.362607,13.130809,0.3715,0.3175,0.3483,0.4487,High (Multi-Source Convergence),Q4: Higher Relative Stress,964
C_107_028,78.455309,12.816399,0.3715,0.4685,0.3567,0.2895,High (Multi-Source Convergence),Q4: Higher Relative Stress,965
C_044_119,79.272775,13.382338,0.3714,0.2368,0.4093,0.468,High (Multi-Source Convergence),Q4: Higher Relative Stress,966
C_035_062,78.760736,13.463186,0.3713,0.3036,0.6394,0.1709,High (Multi-Source Convergence),Q4: Higher Relative Stress,967
C_051_042,78.581073,13.319455,0.3713,0.421,0.6298,0.0632,High (Multi-Source Convergence),Q4: Higher Relative Stress,968
C_098_027,78.446325,12.897247,0.3712,0.4671,0.3063,0.3401,High (Multi-Source Convergence),Q4: Higher Relative Stress,969
C_055_056,78.706837,13.283523,0.3712,0.2913,0.7199,0.1025,High (Multi-Source Convergence),Q4: Higher Relative Stress,970
C_061_048,78.634972,13.229624,0.3711,0.2793,0.6872,0.1467,Moderate (Same-Sensor Spectral Agreement),Q4: Higher Relative Stress,971
C_041_066,78.796668,13.409287,0.3711,0.3539,0.7049,0.0544,Moderate (Same-Sensor Spectral Agreement),Q4: Higher Relative Stress,972
C_084_050,78.652938,13.023011,0.3711,0.3544,0.7581,0.0008,Moderate (Same-Sensor Spectral Agreement),Q4: Higher Relative Stress,973
C_049_151,79.566345,13.337422,0.3709,0.2616,0.4021,0.449,High (Multi-Source Convergence),Q4: Higher Relative Stress,974
C_082_043,78.590056,13.040978,0.3708,0.3895,0.723,0.0,Moderate (Same-Sensor Spectral Agreement),Q4: Higher Relative Stress,975
C_069_093,79.039214,13.157759,0.3708,0.4647,0.3822,0.2656,High (Multi-Source Convergence),Q4: Higher Relative Stress,976
C_051_155,79.602278,13.319455,0.3707,0.2429,0.375,0.4942,High (Multi-Source Convergence),Q4: Higher Relative Stress,977
C_063_096,79.066163,13.211658,0.3705,0.4571,0.543,0.1115,High (Multi-Source Convergence),Q4: Higher Relative Stress,978
C_050_153,79.584311,13.328439,0.3705,0.4251,0.4913,0.1952,High (Multi-Source Convergence),Q4: Higher Relative Stress,979
C_046_085,78.967348,13.364371,0.3704,0.2961,0.7055,0.1097,High (Multi-Source Convergence),Q4: Higher Relative Stress,980
C_062_054,78.688871,13.220641,0.3703,0.3108,0.6184,0.1818,High (Multi-Source Convergence),Q4: Higher Relative Stress,981
C_060_174,79.772957,13.238607,0.3703,0.122,0.2647,0.7244,Moderate (Compound Moisture/Vegetation Stress),Q4: Higher Relative Stress,982
C_047_134,79.407523,13.355388,0.3702,0.254,0.4596,0.3972,High (Multi-Source Convergence),Q4: Higher Relative Stress,983
C_057_167,79.710075,13.265557,0.3702,0.1184,0.2836,0.7087,Moderate (Compound Moisture/Vegetation Stress),Q4: Higher Relative Stress,984
C_064_050,78.652938,13.202674,0.3701,0.2372,0.4563,0.4169,High (Multi-Source Convergence),Q4: Higher Relative Stress,985
C_063_133,79.39854,13.211658,0.37,0.3936,0.4688,0.2476,High (Multi-Source Convergence),Q4: Higher Relative Stress,986
C_050_170,79.737025,13.328439,0.3699,0.0682,0.2359,0.8056,Moderate (Compound Moisture/Vegetation Stress),Q4: Higher Relative Stress,987
C_093_039,78.554123,12.942163,0.3698,0.4073,0.4935,0.2086,High (Multi-Source Convergence),Q4: Higher Relative Stress,988
C_086_043,78.590056,13.005045,0.3698,0.3711,0.7382,0.0,Moderate (Same-Sensor Spectral Agreement),Q4: Higher Relative Stress,989
C_039_058,78.724803,13.427253,0.3697,0.3744,0.6396,0.095,High (Multi-Source Convergence),Q4: Higher Relative Stress,990
C_065_123,79.308708,13.193691,0.3696,0.3013,0.6547,0.1529,High (Multi-Source Convergence),Q4: Higher Relative Stress,991
C_122_021,78.392426,12.681652,0.3696,0.5635,0.2542,0.2911,High (Multi-Source Convergence),Q4: Higher Relative Stress,992
C_069_060,78.742769,13.157759,0.3694,0.3174,0.481,0.3098,High (Multi-Source Convergence),Q4: Higher Relative Stress,993
C_072_045,78.608022,13.130809,0.3693,0.3998,0.3101,0.3979,High (Multi-Source Convergence),Q4: Higher Relative Stress,994
C_052_102,79.120062,13.310472,0.3692,0.2529,0.3274,0.5272,High (Multi-Source Convergence),Q4: Higher Relative Stress,995
C_064_098,79.084129,13.202674,0.3692,0.3956,0.4495,0.2626,High (Multi-Source Convergence),Q4: Higher Relative Stress,996
C_090_041,78.57209,12.969113,0.3691,0.4494,0.5053,0.1526,High (Multi-Source Convergence),Q4: Higher Relative Stress,997
C_037_051,78.661921,13.44522,0.3691,0.3546,0.5409,0.2119,High (Multi-Source Convergence),Q4: Higher Relative Stress,998
C_042_102,79.120062,13.400304,0.369,0.2809,0.4548,0.3714,High (Multi-Source Convergence),Q4: Higher Relative Stress,999
C_052_103,79.129045,13.310472,0.369,0.2947,0.2579,0.5544,High (Multi-Source Convergence),Q4: Higher Relative Stress,1000
C_071_126,79.335658,13.139792,0.369,0.2835,0.6246,0.1988,High (Multi-Source Convergence),Q4: Higher Relative Stress,1001
C_098_038,78.54514,12.897247,0.369,0.3788,0.6024,0.1258,High (Multi-Source Convergence),Q4: Higher Relative Stress,1002
C_042_167,79.710075,13.400304,0.3689,0.0469,0.0599,1.0,Low (Single Evidence Family),Q4: Higher Relative Stress,1003
C_071_042,78.581073,13.139792,0.3688,0.2747,0.3507,0.4811,High (Multi-Source Convergence),Q4: Higher Relative Stress,1004
C_055_154,79.593294,13.283523,0.3686,0.3564,0.6106,0.1387,High (Multi-Source Convergence),Q4: Higher Relative Stress,1005
C_068_102,79.120062,13.166742,0.3685,0.4345,0.594,0.077,High (Multi-Source Convergence),Q4: Higher Relative Stress,1006
C_032_062,78.760736,13.490135,0.3684,0.2277,0.6427,0.2348,High (Multi-Source Convergence),Q4: Higher Relative Stress,1007
C_047_086,78.976331,13.355388,0.3683,0.4535,0.6514,0.0,Moderate (Same-Sensor Spectral Agreement),Q4: Higher Relative Stress,1008
C_013_094,79.048197,13.660815,0.3682,0.3862,0.3602,0.3583,High (Multi-Source Convergence),Q4: Higher Relative Stress,1009
C_111_014,78.329544,12.780466,0.3681,0.4073,0.3241,0.373,High (Multi-Source Convergence),Q4: Higher Relative Stress,1010
C_065_133,79.39854,13.193691,0.3679,0.4968,0.3733,0.2335,High (Multi-Source Convergence),Q4: Higher Relative Stress,1011
C_060_052,78.670904,13.238607,0.3677,0.3126,0.5635,0.2269,High (Multi-Source Convergence),Q4: Higher Relative Stress,1012
C_058_172,79.754991,13.256573,0.3676,0.0097,0.0932,1.0,Low (Single Evidence Family),Q4: Higher Relative Stress,1013
C_048_134,79.407523,13.346405,0.3675,0.2404,0.4159,0.446,High (Multi-Source Convergence),Q4: Higher Relative Stress,1014
C_061_046,78.617005,13.229624,0.3672,0.2614,0.5207,0.3196,High (Multi-Source Convergence),Q4: Higher Relative Stress,1015
C_049_134,79.407523,13.337422,0.367,0.3808,0.3305,0.3897,High (Multi-Source Convergence),Q4: Higher Relative Stress,1016
C_103_023,78.410393,12.852332,0.3669,0.3422,0.1101,0.6484,Moderate (Compound Urban/Water Signal),Q4: Higher Relative Stress,1017
C_109_014,78.329544,12.798433,0.3667,0.502,0.3797,0.2184,High (Multi-Source Convergence),Q4: Higher Relative Stress,1018
C_117_016,78.347511,12.726567,0.3666,0.3849,0.3425,0.3723,High (Multi-Source Convergence),Q4: Higher Relative Stress,1019
C_024_063,78.769719,13.562001,0.3665,0.29,0.3579,0.4516,High (Multi-Source Convergence),Q4: Higher Relative Stress,1020
C_046_073,78.85955,13.364371,0.3664,0.3769,0.5857,0.1366,High (Multi-Source Convergence),Q4: Higher Relative Stress,1021
C_049_127,79.344641,13.337422,0.3664,0.3175,0.4225,0.3592,High (Multi-Source Convergence),Q4: Higher Relative Stress,1022
C_043_120,79.281759,13.391321,0.3663,0.0621,0.143,0.8937,Low (Single Evidence Family),Q4: Higher Relative Stress,1023
C_114_016,78.347511,12.753517,0.3662,0.5227,0.3729,0.203,High (Multi-Source Convergence),Q4: Higher Relative Stress,1024
C_113_005,78.248696,12.7625,0.3662,0.4049,0.5458,0.148,High (Multi-Source Convergence),Q4: Higher Relative Stress,1025
C_050_039,78.554123,13.328439,0.3661,0.2703,0.7808,0.0472,Moderate (Same-Sensor Spectral Agreement),Q4: Higher Relative Stress,1026
C_059_050,78.652938,13.24759,0.3661,0.4259,0.5633,0.1091,High (Multi-Source Convergence),Q4: Higher Relative Stress,1027
C_104_033,78.500224,12.843348,0.3661,0.0575,0.1185,0.9222,Low (Single Evidence Family),Q4: Higher Relative Stress,1028
C_051_045,78.608022,13.319455,0.366,0.3344,0.6462,0.1172,High (Multi-Source Convergence),Q4: Higher Relative Stress,1029
C_063_114,79.22786,13.211658,0.3657,0.2054,0.6973,0.1945,High (Multi-Source Convergence),Q4: Higher Relative Stress,1030
C_083_046,78.617005,13.031995,0.3656,0.3404,0.6289,0.1274,Moderate (Same-Sensor Spectral Agreement),Q4: Higher Relative Stress,1031
C_061_115,79.236843,13.229624,0.3654,0.28,0.4777,0.3386,High (Multi-Source Convergence),Q4: Higher Relative Stress,1032
C_009_095,79.05718,13.696748,0.3654,0.3818,0.5779,0.1366,High (Multi-Source Convergence),Q4: Higher Relative Stress,1033
C_064_051,78.661921,13.202674,0.3653,0.2664,0.4133,0.4162,High (Multi-Source Convergence),Q4: Higher Relative Stress,1034
C_059_049,78.643955,13.24759,0.3653,0.2919,0.6242,0.1798,High (Multi-Source Convergence),Q4: Higher Relative Stress,1035
C_070_061,78.751753,13.148776,0.3652,0.4134,0.3997,0.2826,High (Multi-Source Convergence),Q4: Higher Relative Stress,1036
C_087_038,78.54514,12.996062,0.3651,0.3537,0.4233,0.3183,High (Multi-Source Convergence),Q4: Higher Relative Stress,1037
C_064_042,78.581073,13.202674,0.365,0.4201,0.4449,0.2299,High (Multi-Source Convergence),Q4: Higher Relative Stress,1038
C_102_032,78.491241,12.861315,0.3648,0.1348,0.3859,0.5737,Moderate (Compound Moisture/Vegetation Stress),Q4: Higher Relative Stress,1039
C_122_017,78.356494,12.681652,0.3648,0.4204,0.1735,0.5004,Moderate (Compound Urban/Water Signal),Q4: Higher Relative Stress,1040
C_109_016,78.347511,12.798433,0.3646,0.5993,0.2945,0.2001,High (Multi-Source Convergence),Q4: Higher Relative Stress,1041
C_022_099,79.093112,13.579967,0.3643,0.2874,0.362,0.4434,High (Multi-Source Convergence),Q4: Higher Relative Stress,1042
C_055_092,79.03023,13.283523,0.3641,0.2721,0.5981,0.222,High (Multi-Source Convergence),Q4: Higher Relative Stress,1043
C_056_054,78.688871,13.27454,0.3641,0.3444,0.604,0.1438,High (Multi-Source Convergence),Q4: Higher Relative Stress,1044
C_037_062,78.760736,13.44522,0.364,0.3781,0.7139,0.0,Moderate (Same-Sensor Spectral Agreement),Q4: Higher Relative Stress,1045
C_083_039,78.554123,13.031995,0.364,0.3892,0.6567,0.0462,Moderate (Same-Sensor Spectral Agreement),Q4: Higher Relative Stress,1046
C_069_061,78.751753,13.157759,0.3638,0.3567,0.6018,0.133,High (Multi-Source Convergence),Q4: Higher Relative Stress,1047
C_058_058,78.724803,13.256573,0.3636,0.4436,0.4396,0.2076,High (Multi-Source Convergence),Q4: Higher Relative Stress,1048
C_036_041,78.57209,13.454203,0.3632,0.4421,0.5223,0.1251,High (Multi-Source Convergence),Q4: Higher Relative Stress,1049
C_054_062,78.760736,13.292506,0.3631,0.305,0.7843,0.0,Moderate (Same-Sensor Spectral Agreement),Q4: Higher Relative Stress,1050
C_058_057,78.71582,13.256573,0.3627,0.2718,0.5744,0.242,High (Multi-Source Convergence),Q4: Higher Relative Stress,1051
C_071_128,79.353624,13.139792,0.3627,0.3926,0.6596,0.036,High (Multi-Source Convergence),Q4: Higher Relative Stress,1052
C_053_171,79.746008,13.301489,0.3626,0.0155,0.0724,1.0,Low (Single Evidence Family),Q4: Higher Relative Stress,1053
C_065_097,79.075146,13.193691,0.3626,0.4256,0.454,0.2083,High (Multi-Source Convergence),Q4: Higher Relative Stress,1054
C_046_107,79.164978,13.364371,0.3622,0.3304,0.3721,0.3841,High (Multi-Source Convergence),Q4: Higher Relative Stress,1055
C_076_109,79.182944,13.094877,0.3621,0.4112,0.4328,0.2423,High (Multi-Source Convergence),Q4: Higher Relative Stress,1056
C_075_068,78.814635,13.10386,0.3619,0.3422,0.7436,0.0,Moderate (Same-Sensor Spectral Agreement),Q4: Higher Relative Stress,1057
C_093_029,78.464292,12.942163,0.3616,0.3746,0.547,0.1631,High (Multi-Source Convergence),Q4: Higher Relative Stress,1058
C_048_099,79.093112,13.346405,0.3616,0.47,0.4347,0.1801,High (Multi-Source Convergence),Q4: Higher Relative Stress,1059
C_116_019,78.37446,12.735551,0.3615,0.5095,0.1418,0.4333,Moderate (Compound Urban/Water Signal),Q4: Higher Relative Stress,1060
C_048_158,79.629227,13.346405,0.3614,0.3339,0.6003,0.15,High (Multi-Source Convergence),Q4: Higher Relative Stress,1061
C_063_044,78.599039,13.211658,0.3614,0.4727,0.3803,0.2312,High (Multi-Source Convergence),Q4: Higher Relative Stress,1062
C_054_106,79.155994,13.292506,0.3614,0.3385,0.5791,0.1667,High (Multi-Source Convergence),Q4: Higher Relative Stress,1063
C_050_089,79.003281,13.328439,0.3613,0.2054,0.4342,0.4444,High (Multi-Source Convergence),Q4: Higher Relative Stress,1064
C_024_066,78.796668,13.562001,0.3612,0.2971,0.4242,0.3622,High (Multi-Source Convergence),Q4: Higher Relative Stress,1065
C_078_101,79.111079,13.07691,0.3612,0.2636,0.3785,0.4414,High (Multi-Source Convergence),Q4: Higher Relative Stress,1066
C_102_019,78.37446,12.861315,0.3612,0.3004,0.1105,0.6726,Moderate (Compound Urban/Water Signal),Q4: Higher Relative Stress,1067
C_068_060,78.742769,13.166742,0.3612,0.285,0.6372,0.1614,High (Multi-Source Convergence),Q4: Higher Relative Stress,1068
C_040_043,78.590056,13.41827,0.3611,0.2908,0.5452,0.2472,High (Multi-Source Convergence),Q4: Higher Relative Stress,1069
C_041_042,78.581073,13.409287,0.361,0.2509,0.5944,0.2377,High (Multi-Source Convergence),Q4: Higher Relative Stress,1070
C_060_045,78.608022,13.238607,0.361,0.1594,0.8041,0.1195,Low (Single Evidence Family),Q4: Higher Relative Stress,1071
C_053_130,79.37159,13.301489,0.3607,0.273,0.4256,0.3835,High (Multi-Source Convergence),Q4: Higher Relative Stress,1072
C_109_015,78.338528,12.798433,0.3602,0.4975,0.4423,0.1408,High (Multi-Source Convergence),Q4: Higher Relative Stress,1073
C_056_125,79.326674,13.27454,0.3602,0.2357,0.4085,0.4365,High (Multi-Source Convergence),Q4: Higher Relative Stress,1074
C_055_115,79.236843,13.283523,0.3601,0.2589,0.4384,0.3831,High (Multi-Source Convergence),Q4: Higher Relative Stress,1075
C_085_049,78.643955,13.014028,0.3598,0.3851,0.6943,0.0,Moderate (Same-Sensor Spectral Agreement),Q4: Higher Relative Stress,1076
C_052_150,79.557362,13.310472,0.3597,0.1995,0.2577,0.6219,Moderate (Compound Moisture/Vegetation Stress),Q4: Higher Relative Stress,1077
C_011_093,79.039214,13.678782,0.3597,0.2183,0.2723,0.5885,High (Multi-Source Convergence),Q4: Higher Relative Stress,1078
C_105_034,78.509207,12.834365,0.3597,0.1925,0.2673,0.6193,Moderate (Compound Moisture/Vegetation Stress),Q4: Higher Relative Stress,1079
C_099_017,78.356494,12.888264,0.3596,0.3265,0.2301,0.5223,High (Multi-Source Convergence),Q4: Higher Relative Stress,1080
C_078_041,78.57209,13.07691,0.3596,0.3953,0.5347,0.149,High (Multi-Source Convergence),Q4: Higher Relative Stress,1081
C_094_039,78.554123,12.93318,0.3594,0.4303,0.4641,0.1837,High (Multi-Source Convergence),Q4: Higher Relative Stress,1082
C_097_040,78.563106,12.90623,0.3593,0.3057,0.5427,0.2296,High (Multi-Source Convergence),Q4: Higher Relative Stress,1083
C_053_150,79.557362,13.301489,0.3593,0.1274,0.299,0.6514,Moderate (Compound Moisture/Vegetation Stress),Q4: Higher Relative Stress,1084
C_060_108,79.173961,13.238607,0.359,0.2342,0.4484,0.3943,High (Multi-Source Convergence),Q4: Higher Relative Stress,1085
C_070_042,78.581073,13.148776,0.359,0.2503,0.2774,0.5492,High (Multi-Source Convergence),Q4: Higher Relative Stress,1086
C_026_078,78.904466,13.544034,0.359,0.5059,0.3737,0.1975,High (Multi-Source Convergence),Q4: Higher Relative Stress,1087
C_081_104,79.138028,13.049961,0.3589,0.3674,0.4859,0.2233,High (Multi-Source Convergence),Q4: Higher Relative Stress,1088
C_054_117,79.254809,13.292506,0.3589,0.5629,0.2653,0.2486,High (Multi-Source Convergence),Q4: Higher Relative Stress,1089
C_099_014,78.329544,12.888264,0.3589,0.3467,0.2633,0.4667,High (Multi-Source Convergence),Q4: Higher Relative Stress,1090
C_039_095,79.05718,13.427253,0.3589,0.3235,0.5145,0.2387,High (Multi-Source Convergence),Q4: Higher Relative Stress,1091
C_036_048,78.634972,13.454203,0.3588,0.4822,0.4254,0.169,High (Multi-Source Convergence),Q4: Higher Relative Stress,1092
C_040_070,78.832601,13.41827,0.3588,0.4396,0.5709,0.0658,High (Multi-Source Convergence),Q4: Higher Relative Stress,1093
C_053_046,78.617005,13.301489,0.3588,0.4056,0.4612,0.2096,High (Multi-Source Convergence),Q4: Higher Relative Stress,1094
C_116_008,78.275646,12.735551,0.3587,0.3971,0.4419,0.2371,High (Multi-Source Convergence),Q4: Higher Relative Stress,1095
C_034_079,78.913449,13.472169,0.3586,0.2526,0.7236,0.0996,High (Multi-Source Convergence),Q4: Higher Relative Stress,1096
C_100_042,78.581073,12.879281,0.3585,0.3904,0.6771,0.0079,Moderate (Same-Sensor Spectral Agreement),Q4: Higher Relative Stress,1097
C_037_047,78.625988,13.44522,0.3584,0.2998,0.6009,0.1745,High (Multi-Source Convergence),Q4: Higher Relative Stress,1098
C_045_104,79.138028,13.373354,0.3584,0.4493,0.3923,0.2335,High (Multi-Source Convergence),Q4: Higher Relative Stress,1099
C_062_067,78.805652,13.220641,0.3583,0.4212,0.6536,0.0,Moderate (Same-Sensor Spectral Agreement),Q4: Higher Relative Stress,1100
C_091_041,78.57209,12.960129,0.3582,0.4166,0.3919,0.2662,High (Multi-Source Convergence),Q4: Higher Relative Stress,1101
C_056_050,78.652938,13.27454,0.3582,0.317,0.6944,0.0632,High (Multi-Source Convergence),Q4: Higher Relative Stress,1102
C_075_050,78.652938,13.10386,0.3582,0.4415,0.3163,0.3167,High (Multi-Source Convergence),Q4: Higher Relative Stress,1103
C_045_133,79.39854,13.373354,0.3581,0.254,0.5419,0.2784,High (Multi-Source Convergence),Q4: Higher Relative Stress,1104
C_043_043,78.590056,13.391321,0.358,0.279,0.5707,0.2243,High (Multi-Source Convergence),Q4: Higher Relative Stress,1105
C_077_044,78.599039,13.085893,0.3579,0.4118,0.4552,0.2066,High (Multi-Source Convergence),Q4: Higher Relative Stress,1106
C_042_067,78.805652,13.400304,0.3578,0.2473,0.4297,0.3966,High (Multi-Source Convergence),Q4: Higher Relative Stress,1107
C_065_118,79.263792,13.193691,0.3578,0.4206,0.5197,0.1333,High (Multi-Source Convergence),Q4: Higher Relative Stress,1108
C_040_113,79.218877,13.41827,0.3578,0.2016,0.414,0.4579,High (Multi-Source Convergence),Q4: Higher Relative Stress,1109
C_081_046,78.617005,13.049961,0.3577,0.3647,0.3206,0.3877,High (Multi-Source Convergence),Q4: Higher Relative Stress,1110
C_056_094,79.048197,13.27454,0.3576,0.2088,0.5499,0.3141,High (Multi-Source Convergence),Q4: Higher Relative Stress,1111
C_061_099,79.093112,13.229624,0.3575,0.493,0.4172,0.1624,High (Multi-Source Convergence),Q4: Higher Relative Stress,1112
C_041_120,79.281759,13.409287,0.3574,0.1734,0.212,0.6867,Moderate (Compound Moisture/Vegetation Stress),Q4: Higher Relative Stress,1113
C_055_157,79.620244,13.283523,0.3573,0.3395,0.2684,0.4641,High (Multi-Source Convergence),Q4: Higher Relative Stress,1114
C_056_044,78.599039,13.27454,0.3573,0.2991,0.4873,0.2856,High (Multi-Source Convergence),Q4: Higher Relative Stress,1115
C_051_101,79.111079,13.319455,0.3572,0.356,0.3774,0.3383,High (Multi-Source Convergence),Q4: Higher Relative Stress,1116
C_041_089,79.003281,13.409287,0.3571,0.2329,0.2313,0.6071,High (Multi-Source Convergence),Q4: Higher Relative Stress,1117
C_055_104,79.138028,13.283523,0.357,0.2763,0.4207,0.374,High (Multi-Source Convergence),Q4: Higher Relative Stress,1118
C_046_132,79.389556,13.364371,0.3569,0.2385,0.2828,0.5495,High (Multi-Source Convergence),Q4: Higher Relative Stress,1119
C_073_067,78.805652,13.121826,0.3569,0.2797,0.7909,0.0,Moderate (Same-Sensor Spectral Agreement),Q4: Higher Relative Stress,1120
C_073_103,79.129045,13.121826,0.3569,0.3635,0.517,0.1903,High (Multi-Source Convergence),Q4: Higher Relative Stress,1121
C_047_067,78.805652,13.355388,0.3568,0.3255,0.6398,0.1051,High (Multi-Source Convergence),Q4: Higher Relative Stress,1122
C_043_049,78.643955,13.391321,0.3568,0.398,0.559,0.1133,High (Multi-Source Convergence),Q4: Higher Relative Stress,1123
C_106_017,78.356494,12.825382,0.3567,0.5428,0.3787,0.1487,High (Multi-Source Convergence),Q4: Higher Relative Stress,1124
C_049_153,79.584311,13.337422,0.3565,0.5548,0.3836,0.131,High (Multi-Source Convergence),Q4: Higher Relative Stress,1125
C_101_023,78.410393,12.870298,0.3564,0.2715,0.2898,0.5079,High (Multi-Source Convergence),Q4: Higher Relative Stress,1126
C_041_102,79.120062,13.409287,0.3564,0.2248,0.6318,0.2125,High (Multi-Source Convergence),Q4: Higher Relative Stress,1127
C_087_047,78.625988,12.996062,0.3563,0.2767,0.7922,0.0,Moderate (Same-Sensor Spectral Agreement),Q4: Higher Relative Stress,1128
C_056_089,79.003281,13.27454,0.3563,0.2219,0.5402,0.3068,High (Multi-Source Convergence),Q4: Higher Relative Stress,1129
C_118_019,78.37446,12.717584,0.3562,0.138,0.6271,0.3036,Moderate (Compound Moisture/Vegetation Stress),Q4: Higher Relative Stress,1130
C_035_057,78.71582,13.463186,0.3561,0.4291,0.4908,0.1483,High (Multi-Source Convergence),Q4: Higher Relative Stress,1131
C_122_032,78.491241,12.681652,0.3559,0.432,0.6106,0.0252,Moderate (Same-Sensor Spectral Agreement),Q4: Higher Relative Stress,1132
C_077_084,78.958365,13.085893,0.3559,0.3863,0.4126,0.2689,High (Multi-Source Convergence),Q4: Higher Relative Stress,1133
C_014_088,78.994298,13.651832,0.3558,0.3759,0.4966,0.1948,High (Multi-Source Convergence),Q4: Higher Relative Stress,1134
C_054_055,78.697854,13.292506,0.3557,0.2836,0.6857,0.0979,High (Multi-Source Convergence),Q4: Higher Relative Stress,1135
C_113_014,78.329544,12.7625,0.3557,0.366,0.198,0.503,Moderate (Compound Urban/Water Signal),Q4: Higher Relative Stress,1136
C_040_047,78.625988,13.41827,0.3557,0.2454,0.6312,0.1906,Moderate (Same-Sensor Spectral Agreement),Q4: Higher Relative Stress,1137
C_092_030,78.473275,12.951146,0.3556,0.2336,0.5544,0.2787,High (Multi-Source Convergence),Q4: Higher Relative Stress,1138
C_077_053,78.679887,13.085893,0.3556,0.4365,0.4007,0.2296,High (Multi-Source Convergence),Q4: Higher Relative Stress,1139
C_063_109,79.182944,13.211658,0.3554,0.4433,0.3871,0.2358,High (Multi-Source Convergence),Q4: Higher Relative Stress,1140
C_048_053,78.679887,13.346405,0.3554,0.4262,0.5427,0.0973,High (Multi-Source Convergence),Q4: Higher Relative Stress,1141
C_069_051,78.661921,13.157759,0.3552,0.2898,0.4618,0.3141,High (Multi-Source Convergence),Q4: Higher Relative Stress,1142
C_025_066,78.796668,13.553017,0.3551,0.3382,0.4192,0.3078,High (Multi-Source Convergence),Q4: Higher Relative Stress,1143
C_063_062,78.760736,13.211658,0.3551,0.3468,0.5339,0.1847,High (Multi-Source Convergence),Q4: Higher Relative Stress,1144
C_064_135,79.422614,13.202674,0.3551,0.4978,0.5258,0.0416,High (Multi-Source Convergence),Q4: Higher Relative Stress,1145
C_073_101,79.111079,13.121826,0.355,0.3399,0.594,0.131,High (Multi-Source Convergence),Q4: Higher Relative Stress,1146
C_093_032,78.491241,12.942163,0.3549,0.373,0.5339,0.1578,High (Multi-Source Convergence),Q4: Higher Relative Stress,1147
C_053_043,78.590056,13.301489,0.3548,0.2502,0.6065,0.2076,High (Multi-Source Convergence),Q4: Higher Relative Stress,1148
C_051_108,79.173961,13.319455,0.3548,0.2014,0.226,0.6369,High (Multi-Source Convergence),Q4: Higher Relative Stress,1149
C_089_033,78.500224,12.978096,0.3547,0.3456,0.5302,0.1883,High (Multi-Source Convergence),Q4: Higher Relative Stress,1150
C_038_080,78.922433,13.436236,0.3546,0.5,0.5637,0.0,Moderate (Same-Sensor Spectral Agreement),Q4: Higher Relative Stress,1151
C_032_041,78.57209,13.490135,0.3546,0.1984,0.6147,0.2505,Moderate (Compound Moisture/Vegetation Stress),Q4: Higher Relative Stress,1152
C_064_041,78.57209,13.202674,0.3546,0.4369,0.4247,0.2021,High (Multi-Source Convergence),Q4: Higher Relative Stress,1153
C_054_156,79.611261,13.292506,0.3545,0.3244,0.4775,0.2617,High (Multi-Source Convergence),Q4: Higher Relative Stress,1154
C_053_125,79.326674,13.301489,0.3544,0.3855,0.2013,0.4765,High (Multi-Source Convergence),Q4: Higher Relative Stress,1155
C_072_125,79.326674,13.130809,0.3543,0.3692,0.6469,0.0467,Moderate (Same-Sensor Spectral Agreement),Q4: Higher Relative Stress,1156
C_121_015,78.338528,12.690635,0.3543,0.5408,0.1815,0.3406,Moderate (Compound Urban/Water Signal),Q4: Higher Relative Stress,1157
C_095_038,78.54514,12.924197,0.3542,0.359,0.4991,0.2047,High (Multi-Source Convergence),Q4: Higher Relative Stress,1158
C_088_041,78.57209,12.987079,0.3542,0.4524,0.5719,0.0383,High (Multi-Source Convergence),Q4: Higher Relative Stress,1159
C_093_025,78.428359,12.942163,0.3542,0.3151,0.4478,0.2996,High (Multi-Source Convergence),Q4: Higher Relative Stress,1160
C_025_097,79.075146,13.553017,0.3541,0.2748,0.2501,0.5374,High (Multi-Source Convergence),Q4: Higher Relative Stress,1161
C_118_018,78.365477,12.717584,0.3541,0.5435,0.1607,0.3579,Moderate (Compound Urban/Water Signal),Q4: Higher Relative Stress,1162
C_103_019,78.37446,12.852332,0.3541,0.2852,0.1673,0.6098,Moderate (Compound Urban/Water Signal),Q4: Higher Relative Stress,1163
C_053_151,79.566345,13.301489,0.354,0.156,0.5192,0.3868,Moderate (Compound Moisture/Vegetation Stress),Q4: Higher Relative Stress,1164
C_029_064,78.778702,13.517085,0.354,0.4633,0.5139,0.0848,High (Multi-Source Convergence),Q4: Higher Relative Stress,1165
C_055_044,78.599039,13.283523,0.354,0.174,0.5555,0.3324,Moderate (Compound Moisture/Vegetation Stress),Q4: Higher Relative Stress,1166
C_092_041,78.57209,12.951146,0.3539,0.4757,0.3881,0.1978,High (Multi-Source Convergence),Q4: Higher Relative Stress,1167
C_024_087,78.985315,13.562001,0.3538,0.0791,0.2208,0.7614,Moderate (Compound Moisture/Vegetation Stress),Q4: Higher Relative Stress,1168
C_025_063,78.769719,13.553017,0.3538,0.3013,0.4945,0.2656,High (Multi-Source Convergence),Q4: Higher Relative Stress,1169
C_070_093,79.039214,13.148776,0.3536,0.286,0.1797,0.595,Moderate (Compound Urban/Water Signal),Q4: Higher Relative Stress,1170
C_071_047,78.625988,13.139792,0.3535,0.3205,0.4715,0.2685,High (Multi-Source Convergence),Q4: Higher Relative Stress,1171
C_057_089,79.003281,13.265557,0.3534,0.3222,0.5283,0.2096,High (Multi-Source Convergence),Q4: Higher Relative Stress,1172
C_027_042,78.581073,13.535051,0.3531,0.1613,0.4809,0.417,Moderate (Compound Moisture/Vegetation Stress),Q4: Higher Relative Stress,1173
C_080_107,79.164978,13.058944,0.353,0.3127,0.5437,0.2024,High (Multi-Source Convergence),Q4: Higher Relative Stress,1174
C_059_113,79.218877,13.24759,0.3529,0.3337,0.397,0.3281,High (Multi-Source Convergence),Q4: Higher Relative Stress,1175
C_035_058,78.724803,13.463186,0.3529,0.3747,0.5474,0.1366,High (Multi-Source Convergence),Q4: Higher Relative Stress,1176
C_062_098,79.084129,13.220641,0.3529,0.3928,0.4941,0.1716,High (Multi-Source Convergence),Q4: Higher Relative Stress,1177
C_051_043,78.590056,13.319455,0.3527,0.4002,0.6256,0.0324,High (Multi-Source Convergence),Q4: Higher Relative Stress,1178
C_050_049,78.643955,13.328439,0.3526,0.3062,0.6407,0.111,High (Multi-Source Convergence),Q4: Higher Relative Stress,1179
C_015_091,79.021247,13.642849,0.3526,0.3478,0.3892,0.3209,High (Multi-Source Convergence),Q4: Higher Relative Stress,1180
C_049_046,78.617005,13.337422,0.3526,0.3901,0.5423,0.1254,High (Multi-Source Convergence),Q4: Higher Relative Stress,1181
C_065_063,78.769719,13.193691,0.3524,0.4756,0.5623,0.0193,High (Multi-Source Convergence),Q4: Higher Relative Stress,1182
C_080_095,79.05718,13.058944,0.3523,0.0083,0.0487,1.0,Low (Single Evidence Family),Q4: Higher Relative Stress,1183
C_027_077,78.895483,13.535051,0.3522,0.1261,0.2992,0.6314,Moderate (Compound Moisture/Vegetation Stress),Q4: Higher Relative Stress,1184
C_070_103,79.129045,13.148776,0.352,0.3192,0.5316,0.2053,High (Multi-Source Convergence),Q4: Higher Relative Stress,1185
C_096_035,78.518191,12.915214,0.352,0.3456,0.5018,0.2086,High (Multi-Source Convergence),Q4: Higher Relative Stress,1186
C_022_081,78.931416,13.579967,0.352,0.2614,0.4636,0.3311,High (Multi-Source Convergence),Q4: Higher Relative Stress,1187
C_048_046,78.617005,13.346405,0.352,0.3546,0.6098,0.0917,High (Multi-Source Convergence),Q4: Higher Relative Stress,1188
C_082_036,78.527174,13.040978,0.3519,0.4489,0.3737,0.2332,High (Multi-Source Convergence),Q4: Higher Relative Stress,1189
C_069_052,78.670904,13.157759,0.3517,0.3153,0.4246,0.3154,High (Multi-Source Convergence),Q4: Higher Relative Stress,1190
C_054_038,78.54514,13.292506,0.3517,0.3442,0.6289,0.082,High (Multi-Source Convergence),Q4: Higher Relative Stress,1191
C_046_130,79.37159,13.364371,0.3515,0.1701,0.2892,0.5954,Moderate (Compound Moisture/Vegetation Stress),Q4: Higher Relative Stress,1192
C_090_027,78.446325,12.969113,0.3515,0.3856,0.5635,0.1054,High (Multi-Source Convergence),Q4: Higher Relative Stress,1193
C_076_060,78.742769,13.094877,0.3514,0.2844,0.7547,0.0151,Moderate (Same-Sensor Spectral Agreement),Q4: Higher Relative Stress,1194
C_025_079,78.913449,13.553017,0.3513,0.2845,0.4618,0.3075,High (Multi-Source Convergence),Q4: Higher Relative Stress,1195
C_062_109,79.182944,13.220641,0.3513,0.2904,0.4375,0.3258,High (Multi-Source Convergence),Q4: Higher Relative Stress,1196
C_124_027,78.446325,12.663685,0.3513,0.4716,0.2297,0.3527,High (Multi-Source Convergence),Q4: Higher Relative Stress,1197
C_024_078,78.904466,13.562001,0.3512,0.0945,0.1885,0.7706,Low (Single Evidence Family),Q4: Higher Relative Stress,1198
C_065_122,79.299725,13.193691,0.3511,0.3335,0.5071,0.2129,High (Multi-Source Convergence),Q4: Higher Relative Stress,1199
C_107_030,78.473275,12.816399,0.351,0.4273,0.3591,0.2666,High (Multi-Source Convergence),Q4: Higher Relative Stress,1200
C_095_033,78.500224,12.924197,0.351,0.3773,0.5569,0.1189,High (Multi-Source Convergence),Q4: Higher Relative Stress,1201
C_066_096,79.066163,13.184708,0.3509,0.1989,0.2019,0.652,Moderate (Compound Moisture/Vegetation Stress),Q4: Higher Relative Stress,1202
C_067_061,78.751753,13.175725,0.3508,0.2894,0.4923,0.2708,High (Multi-Source Convergence),Q4: Higher Relative Stress,1203
C_056_095,79.05718,13.27454,0.3506,0.2164,0.3425,0.4929,High (Multi-Source Convergence),Q4: Higher Relative Stress,1204
C_056_092,79.03023,13.27454,0.3506,0.2395,0.27,0.5423,High (Multi-Source Convergence),Q4: Higher Relative Stress,1205
C_060_102,79.120062,13.238607,0.3506,0.3181,0.5571,0.1765,High (Multi-Source Convergence),Q4: Higher Relative Stress,1206
C_053_051,78.661921,13.301489,0.3501,0.383,0.6481,0.0193,High (Multi-Source Convergence),Q4: Higher Relative Stress,1207
C_051_132,79.389556,13.319455,0.35,0.2998,0.3781,0.3723,High (Multi-Source Convergence),Q4: Higher Relative Stress,1208
C_037_059,78.733786,13.44522,0.3498,0.3418,0.6888,0.0187,High (Multi-Source Convergence),Q4: Higher Relative Stress,1209
C_058_095,79.05718,13.256573,0.3497,0.4392,0.4857,0.1241,High (Multi-Source Convergence),Q4: Higher Relative Stress,1210
C_095_032,78.491241,12.924197,0.3494,0.3905,0.3672,0.2905,High (Multi-Source Convergence),Q4: Higher Relative Stress,1211
C_067_045,78.608022,13.175725,0.3493,0.3982,0.4427,0.207,High (Multi-Source Convergence),Q4: Higher Relative Stress,1212
C_037_036,78.527174,13.44522,0.3491,0.2787,0.5448,0.224,High (Multi-Source Convergence),Q4: Higher Relative Stress,1213
C_049_042,78.581073,13.337422,0.349,0.2687,0.5454,0.2328,High (Multi-Source Convergence),Q4: Higher Relative Stress,1214
C_067_083,78.949382,13.175725,0.349,0.3114,0.6485,0.0871,High (Multi-Source Convergence),Q4: Higher Relative Stress,1215
C_063_101,79.111079,13.211658,0.349,0.4248,0.5435,0.0786,High (Multi-Source Convergence),Q4: Higher Relative Stress,1216
C_082_038,78.54514,13.040978,0.3488,0.3284,0.6724,0.0455,Moderate (Same-Sensor Spectral Agreement),Q4: Higher Relative Stress,1217
C_062_116,79.245826,13.220641,0.3488,0.3562,0.6051,0.0851,High (Multi-Source Convergence),Q4: Higher Relative Stress,1218
C_012_095,79.05718,13.669798,0.3488,0.1659,0.1286,0.7519,Low (Single Evidence Family),Q4: Higher Relative Stress,1219
C_041_037,78.536157,13.409287,0.3487,0.2929,0.5526,0.2007,High (Multi-Source Convergence),Q4: Higher Relative Stress,1220
C_093_034,78.509207,12.942163,0.3484,0.2966,0.5073,0.2414,High (Multi-Source Convergence),Q4: Higher Relative Stress,1221
C_047_042,78.581073,13.355388,0.3484,0.2358,0.4058,0.4035,High (Multi-Source Convergence),Q4: Higher Relative Stress,1222
C_102_016,78.347511,12.861315,0.3482,0.339,0.2396,0.466,High (Multi-Source Convergence),Q4: Higher Relative Stress,1223
C_045_137,79.440581,13.373354,0.3482,0.3964,0.4861,0.1621,High (Multi-Source Convergence),Q4: Higher Relative Stress,1224
C_053_124,79.317691,13.301489,0.3482,0.2891,0.1704,0.5852,Moderate (Compound Urban/Water Signal),Q4: Higher Relative Stress,1225
C_105_020,78.383443,12.834365,0.3482,0.5546,0.2394,0.2505,High (Multi-Source Convergence),Q4: Higher Relative Stress,1226
C_066_118,79.263792,13.184708,0.348,0.2424,0.3307,0.4709,High (Multi-Source Convergence),Q4: Higher Relative Stress,1227
C_120_019,78.37446,12.699618,0.348,0.555,0.1836,0.3055,Moderate (Compound Urban/Water Signal),Q4: Higher Relative Stress,1228
C_037_088,78.994298,13.44522,0.3479,0.1896,0.4522,0.4018,Moderate (Compound Moisture/Vegetation Stress),Q4: Higher Relative Stress,1229
C_065_079,78.913449,13.193691,0.3477,0.4547,0.3972,0.1912,High (Multi-Source Convergence),Q4: Higher Relative Stress,1230
C_058_169,79.728042,13.256573,0.3477,0.0076,0.0354,1.0,Low (Single Evidence Family),Q4: Higher Relative Stress,1231
C_067_062,78.760736,13.175725,0.3477,0.3753,0.4641,0.2037,High (Multi-Source Convergence),Q4: Higher Relative Stress,1232
C_054_051,78.661921,13.292506,0.3477,0.2956,0.582,0.1654,High (Multi-Source Convergence),Q4: Higher Relative Stress,1233
C_105_031,78.482258,12.834365,0.3476,0.2247,0.4188,0.3992,High (Multi-Source Convergence),Q4: Higher Relative Stress,1234
C_054_168,79.719059,13.292506,0.3475,0.0285,0.0679,0.9461,Low (Single Evidence Family),Q4: Higher Relative Stress,1235
C_113_018,78.365477,12.7625,0.3475,0.4493,0.1928,0.4005,Moderate (Compound Urban/Water Signal),Q4: Higher Relative Stress,1236
C_094_038,78.54514,12.93318,0.3472,0.3404,0.4968,0.2043,High (Multi-Source Convergence),Q4: Higher Relative Stress,1237
C_051_048,78.634972,13.319455,0.3471,0.4033,0.5713,0.0668,High (Multi-Source Convergence),Q4: Higher Relative Stress,1238
C_043_095,79.05718,13.391321,0.347,0.3111,0.524,0.206,High (Multi-Source Convergence),Q4: Higher Relative Stress,1239
C_014_093,79.039214,13.651832,0.3469,0.4028,0.4678,0.17,High (Multi-Source Convergence),Q4: Higher Relative Stress,1240
C_081_107,79.164978,13.049961,0.3468,0.1028,0.6518,0.2859,Moderate (Compound Moisture/Vegetation Stress),Q4: Higher Relative Stress,1241
C_054_123,79.308708,13.292506,0.3468,0.2591,0.3612,0.4202,High (Multi-Source Convergence),Q4: Higher Relative Stress,1242
C_068_117,79.254809,13.166742,0.3468,0.2219,0.3715,0.447,High (Multi-Source Convergence),Q4: Higher Relative Stress,1243
C_076_110,79.191927,13.094877,0.3466,0.192,0.4291,0.4185,Moderate (Compound Moisture/Vegetation Stress),Q4: Higher Relative Stress,1244
C_054_164,79.683126,13.292506,0.3465,0.2555,0.4023,0.3816,High (Multi-Source Convergence),Q4: Higher Relative Stress,1245
C_031_043,78.590056,13.499119,0.3465,0.3109,0.581,0.1477,High (Multi-Source Convergence),Q4: Higher Relative Stress,1246
C_044_081,78.931416,13.382338,0.3462,0.468,0.568,0.0026,Moderate (Same-Sensor Spectral Agreement),Q4: Higher Relative Stress,1247
C_091_026,78.437342,12.960129,0.3462,0.2041,0.4436,0.3908,High (Multi-Source Convergence),Q4: Higher Relative Stress,1248
C_075_067,78.805652,13.10386,0.3462,0.2578,0.7769,0.0039,Moderate (Same-Sensor Spectral Agreement),Q4: Higher Relative Stress,1249
C_040_104,79.138028,13.41827,0.3462,0.3926,0.5432,0.1028,High (Multi-Source Convergence),Q4: Higher Relative Stress,1250
C_089_026,78.437342,12.978096,0.3461,0.4539,0.4975,0.0869,High (Multi-Source Convergence),Q4: Higher Relative Stress,1251
C_089_030,78.473275,12.978096,0.3458,0.2655,0.5065,0.2654,High (Multi-Source Convergence),Q4: Higher Relative Stress,1252
C_064_049,78.643955,13.202674,0.3458,0.2441,0.5339,0.2594,High (Multi-Source Convergence),Q4: Higher Relative Stress,1253
C_051_055,78.697854,13.319455,0.3455,0.3385,0.5349,0.1631,High (Multi-Source Convergence),Q4: Higher Relative Stress,1254
C_073_060,78.742769,13.121826,0.3451,0.2632,0.4398,0.3324,High (Multi-Source Convergence),Q4: Higher Relative Stress,1255
C_048_042,78.581073,13.346405,0.345,0.3552,0.539,0.1408,High (Multi-Source Convergence),Q4: Higher Relative Stress,1256
C_068_058,78.724803,13.166742,0.345,0.2309,0.5009,0.3032,High (Multi-Source Convergence),Q4: Higher Relative Stress,1257
C_059_121,79.290742,13.24759,0.345,0.2869,0.5326,0.2155,High (Multi-Source Convergence),Q4: Higher Relative Stress,1258
C_047_133,79.39854,13.355388,0.3449,0.3049,0.2983,0.4315,High (Multi-Source Convergence),Q4: Higher Relative Stress,1259
C_034_074,78.868534,13.472169,0.3449,0.212,0.5423,0.2805,High (Multi-Source Convergence),Q4: Higher Relative Stress,1260
C_047_034,78.509207,13.355388,0.3449,0.3316,0.5782,0.1248,High (Multi-Source Convergence),Q4: Higher Relative Stress,1261
C_049_044,78.599039,13.337422,0.3447,0.4152,0.502,0.1169,High (Multi-Source Convergence),Q4: Higher Relative Stress,1262
C_034_059,78.733786,13.472169,0.3447,0.3653,0.6409,0.0278,High (Multi-Source Convergence),Q4: Higher Relative Stress,1263
C_052_130,79.37159,13.310472,0.3446,0.2241,0.3956,0.4143,High (Multi-Source Convergence),Q4: Higher Relative Stress,1264
C_037_034,78.509207,13.44522,0.3444,0.2587,0.7504,0.0241,High (Multi-Source Convergence),Q4: Higher Relative Stress,1265
C_112_038,78.54514,12.771483,0.3439,0.3786,0.4182,0.2348,High (Multi-Source Convergence),Q4: Higher Relative Stress,1266
C_093_028,78.455309,12.942163,0.3438,0.4665,0.4163,0.1487,High (Multi-Source Convergence),Q4: Higher Relative Stress,1267
C_032_087,78.985315,13.490135,0.3437,0.4345,0.5965,0.0,Moderate (Same-Sensor Spectral Agreement),Q4: Higher Relative Stress,1268
C_055_122,79.299725,13.283523,0.3437,0.1635,0.2424,0.6252,Moderate (Compound Moisture/Vegetation Stress),Q4: Higher Relative Stress,1269
C_052_129,79.362607,13.310472,0.3436,0.3658,0.3589,0.3062,High (Multi-Source Convergence),Q4: Higher Relative Stress,1270
C_107_015,78.338528,12.816399,0.3436,0.5836,0.3227,0.1244,High (Multi-Source Convergence),Q4: Higher Relative Stress,1271
C_065_099,79.093112,13.193691,0.3434,0.3969,0.4935,0.1398,High (Multi-Source Convergence),Q4: Higher Relative Stress,1272
C_076_087,78.985315,13.094877,0.3433,0.2112,0.3517,0.467,High (Multi-Source Convergence),Q4: Higher Relative Stress,1273
C_117_018,78.365477,12.726567,0.3433,0.2103,0.0671,0.7525,Moderate (Compound Urban/Water Signal),Q4: Higher Relative Stress,1274
C_055_153,79.584311,13.283523,0.3432,0.3102,0.5851,0.1343,High (Multi-Source Convergence),Q4: Higher Relative Stress,1275
C_083_108,79.173961,13.031995,0.3432,0.3187,0.3416,0.3692,High (Multi-Source Convergence),Q4: Higher Relative Stress,1276
C_049_053,78.679887,13.337422,0.3431,0.3354,0.5835,0.1104,High (Multi-Source Convergence),Q4: Higher Relative Stress,1277
C_046_036,78.527174,13.364371,0.3429,0.2309,0.5956,0.2021,High (Multi-Source Convergence),Q4: Higher Relative Stress,1278
C_110_016,78.347511,12.789449,0.3428,0.5194,0.1856,0.3232,Moderate (Compound Urban/Water Signal),Q4: Higher Relative Stress,1279
C_076_053,78.679887,13.094877,0.3426,0.3739,0.4207,0.2332,High (Multi-Source Convergence),Q4: Higher Relative Stress,1280
C_062_173,79.763974,13.220641,0.3426,0.0143,0.0134,1.0,Low (Single Evidence Family),Q4: Higher Relative Stress,1281
C_060_044,78.599039,13.238607,0.3426,0.227,0.6598,0.1411,High (Multi-Source Convergence),Q4: Higher Relative Stress,1282
C_057_152,79.575328,13.265557,0.3424,0.2466,0.5195,0.2611,High (Multi-Source Convergence),Q4: Higher Relative Stress,1283
C_117_009,78.284629,12.726567,0.3424,0.3303,0.6075,0.0894,High (Multi-Source Convergence),Q4: Higher Relative Stress,1284
C_059_170,79.737025,13.24759,0.3423,0.0035,0.0235,1.0,Low (Single Evidence Family),Q4: Higher Relative Stress,1285
C_099_041,78.57209,12.888264,0.3422,0.3041,0.5857,0.1369,High (Multi-Source Convergence),Q4: Higher Relative Stress,1286
C_039_119,79.272775,13.427253,0.3421,0.2616,0.1912,0.5734,Moderate (Compound Urban/Water Signal),Q4: Higher Relative Stress,1287
C_056_085,78.967348,13.27454,0.3421,0.4125,0.3962,0.2178,High (Multi-Source Convergence),Q4: Higher Relative Stress,1288
C_116_013,78.320561,12.735551,0.3421,0.5412,0.271,0.2142,High (Multi-Source Convergence),Q4: Higher Relative Stress,1289
C_039_089,79.003281,13.427253,0.342,0.2432,0.4149,0.3678,High (Multi-Source Convergence),Q4: Higher Relative Stress,1290
C_092_042,78.581073,12.951146,0.3419,0.406,0.3462,0.2734,High (Multi-Source Convergence),Q4: Higher Relative Stress,1291
C_087_040,78.563106,12.996062,0.3419,0.2859,0.4678,0.2721,High (Multi-Source Convergence),Q4: Higher Relative Stress,1292
C_056_096,79.066163,13.27454,0.3418,0.2309,0.3929,0.4015,High (Multi-Source Convergence),Q4: Higher Relative Stress,1293
C_089_035,78.518191,12.978096,0.3417,0.4125,0.4789,0.1336,High (Multi-Source Convergence),Q4: Higher Relative Stress,1294
C_074_047,78.625988,13.112843,0.3417,0.3255,0.4709,0.2286,High (Multi-Source Convergence),Q4: Higher Relative Stress,1295
C_058_122,79.299725,13.256573,0.3417,0.2919,0.511,0.2224,High (Multi-Source Convergence),Q4: Higher Relative Stress,1296
C_038_038,78.54514,13.436236,0.3416,0.529,0.3248,0.1709,High (Multi-Source Convergence),Q4: Higher Relative Stress,1297
C_108_016,78.347511,12.807416,0.3415,0.4773,0.363,0.184,High (Multi-Source Convergence),Q4: Higher Relative Stress,1298
C_123_017,78.356494,12.672668,0.3414,0.5223,0.0644,0.4375,Moderate (Compound Urban/Water Signal),Q4: Higher Relative Stress,1299
C_051_039,78.554123,13.319455,0.3413,0.3788,0.552,0.093,High (Multi-Source Convergence),Q4: Higher Relative Stress,1300
C_064_115,79.236843,13.202674,0.3412,0.2026,0.5734,0.2476,High (Multi-Source Convergence),Q4: Higher Relative Stress,1301
C_070_051,78.661921,13.148776,0.3412,0.289,0.5221,0.2125,High (Multi-Source Convergence),Q4: Higher Relative Stress,1302
C_043_055,78.697854,13.391321,0.3412,0.388,0.5911,0.0445,High (Multi-Source Convergence),Q4: Higher Relative Stress,1303
C_119_021,78.392426,12.708601,0.3411,0.4668,0.1537,0.4028,Moderate (Compound Urban/Water Signal),Q4: Higher Relative Stress,1304
C_044_134,79.407523,13.382338,0.3411,0.3368,0.3423,0.3442,High (Multi-Source Convergence),Q4: Higher Relative Stress,1305
C_097_038,78.54514,12.90623,0.3411,0.2753,0.4151,0.333,High (Multi-Source Convergence),Q4: Higher Relative Stress,1306
C_043_133,79.39854,13.391321,0.341,0.2643,0.4157,0.3429,High (Multi-Source Convergence),Q4: Higher Relative Stress,1307
C_061_109,79.182944,13.229624,0.3409,0.379,0.4495,0.1942,High (Multi-Source Convergence),Q4: Higher Relative Stress,1308
C_111_041,78.57209,12.780466,0.3409,0.3819,0.1986,0.4421,Moderate (Compound Urban/Water Signal),Q4: Higher Relative Stress,1309
C_063_097,79.075146,13.211658,0.3408,0.5314,0.3632,0.1277,High (Multi-Source Convergence),Q4: Higher Relative Stress,1310
C_052_153,79.584311,13.310472,0.3408,0.5418,0.3233,0.1572,High (Multi-Source Convergence),Q4: Higher Relative Stress,1311
C_012_094,79.048197,13.669798,0.3405,0.2945,0.3552,0.3717,High (Multi-Source Convergence),Q4: Higher Relative Stress,1312
C_048_098,79.084129,13.346405,0.3403,0.4201,0.3396,0.2613,High (Multi-Source Convergence),Q4: Higher Relative Stress,1313
C_067_069,78.823618,13.175725,0.3401,0.3431,0.6689,0.0085,High (Multi-Source Convergence),Q4: Higher Relative Stress,1314
C_065_131,79.380573,13.193691,0.3401,0.3759,0.5451,0.0993,High (Multi-Source Convergence),Q4: Higher Relative Stress,1315
C_077_085,78.967348,13.085893,0.3401,0.4045,0.2229,0.3928,High (Multi-Source Convergence),Q4: Higher Relative Stress,1316
C_073_044,78.599039,13.121826,0.34,0.1962,0.2645,0.5593,Moderate (Compound Moisture/Vegetation Stress),Q4: Higher Relative Stress,1317
C_063_132,79.389556,13.211658,0.34,0.3618,0.3997,0.2587,High (Multi-Source Convergence),Q4: Higher Relative Stress,1318
C_052_052,78.670904,13.310472,0.3399,0.321,0.589,0.1097,High (Multi-Source Convergence),Q4: Higher Relative Stress,1319
C_076_068,78.814635,13.094877,0.3396,0.395,0.6238,0.0,Moderate (Same-Sensor Spectral Agreement),Q4: Higher Relative Stress,1320
C_082_109,79.182944,13.040978,0.3396,0.3254,0.458,0.2353,High (Multi-Source Convergence),Q4: Higher Relative Stress,1321
C_053_054,78.688871,13.301489,0.3396,0.222,0.5876,0.2093,High (Multi-Source Convergence),Q4: Higher Relative Stress,1322
C_067_072,78.850567,13.175725,0.3396,0.3476,0.6158,0.0553,High (Multi-Source Convergence),Q4: Higher Relative Stress,1323
C_022_077,78.895483,13.579967,0.3396,0.1962,0.4258,0.3969,Moderate (Compound Moisture/Vegetation Stress),Q4: Higher Relative Stress,1324
C_038_121,79.290742,13.436236,0.3396,0.2265,0.3174,0.4748,High (Multi-Source Convergence),Q4: Higher Relative Stress,1325
C_099_018,78.365477,12.888264,0.3395,0.1584,0.1671,0.6929,Low (Single Evidence Family),Q4: Higher Relative Stress,1326
C_058_119,79.272775,13.256573,0.3394,0.3936,0.4246,0.2001,High (Multi-Source Convergence),Q4: Higher Relative Stress,1327
C_044_120,79.281759,13.382338,0.3394,0.3577,0.1885,0.4719,Moderate (Compound Urban/Water Signal),Q4: Higher Relative Stress,1328
C_066_088,78.994298,13.184708,0.3392,0.2711,0.1902,0.5564,Moderate (Compound Urban/Water Signal),Q4: Higher Relative Stress,1329
C_046_037,78.536157,13.364371,0.3391,0.3081,0.552,0.1572,High (Multi-Source Convergence),Q4: Higher Relative Stress,1330
C_050_171,79.746008,13.328439,0.3391,0.0036,0.0136,1.0,Low (Single Evidence Family),Q4: Higher Relative Stress,1331
C_109_010,78.293612,12.798433,0.339,0.3723,0.354,0.2908,High (Multi-Source Convergence),Q4: Higher Relative Stress,1332
C_070_048,78.634972,13.148776,0.339,0.2039,0.306,0.5069,High (Multi-Source Convergence),Q4: Higher Relative Stress,1333
C_016_094,79.048197,13.633866,0.3389,0.2309,0.5367,0.2492,High (Multi-Source Convergence),Q4: Higher Relative Stress,1334
C_013_093,79.039214,13.660815,0.3387,0.2188,0.4812,0.316,High (Multi-Source Convergence),Q4: Higher Relative Stress,1335
C_058_085,78.967348,13.256573,0.3387,0.3273,0.6156,0.0734,High (Multi-Source Convergence),Q4: Higher Relative Stress,1336
C_060_117,79.254809,13.238607,0.3386,0.3079,0.4289,0.279,High (Multi-Source Convergence),Q4: Higher Relative Stress,1337
C_093_026,78.437342,12.942163,0.3386,0.2661,0.5474,0.2024,High (Multi-Source Convergence),Q4: Higher Relative Stress,1338
C_041_082,78.940399,13.409287,0.3384,0.2372,0.594,0.184,High (Multi-Source Convergence),Q4: Higher Relative Stress,1339
C_056_113,79.218877,13.27454,0.3383,0.3516,0.3546,0.3088,High (Multi-Source Convergence),Q4: Higher Relative Stress,1340
C_044_139,79.458547,13.382338,0.3382,0.1944,0.2566,0.5636,Moderate (Compound Moisture/Vegetation Stress),Q4: Higher Relative Stress,1341
C_046_131,79.380573,13.364371,0.338,0.1621,0.3836,0.4683,Moderate (Compound Moisture/Vegetation Stress),Q4: Higher Relative Stress,1342
C_012_093,79.039214,13.669798,0.3379,0.3736,0.2313,0.4087,High (Multi-Source Convergence),Q4: Higher Relative Stress,1343
C_033_068,78.814635,13.481152,0.3379,0.4915,0.446,0.0763,High (Multi-Source Convergence),Q4: Higher Relative Stress,1344
C_053_048,78.634972,13.301489,0.3378,0.3086,0.6012,0.1038,High (Multi-Source Convergence),Q4: Higher Relative Stress,1345
C_086_036,78.527174,13.005045,0.3377,0.472,0.3377,0.2034,High (Multi-Source Convergence),Q4: Higher Relative Stress,1346
C_059_175,79.781941,13.24759,0.3376,0.005,0.0077,1.0,Low (Single Evidence Family),Q4: Higher Relative Stress,1347
C_044_082,78.940399,13.382338,0.3374,0.3779,0.6343,0.0,Moderate (Same-Sensor Spectral Agreement),Q4: Higher Relative Stress,1348
C_066_046,78.617005,13.184708,0.3373,0.3448,0.4779,0.1893,High (Multi-Source Convergence),Q4: Higher Relative Stress,1349
C_118_022,78.40141,12.717584,0.3372,0.4765,0.2354,0.2996,High (Multi-Source Convergence),Q4: Higher Relative Stress,1350
C_064_064,78.778702,13.202674,0.3372,0.3036,0.7069,0.001,Moderate (Same-Sensor Spectral Agreement),Q4: Higher Relative Stress,1351
C_059_164,79.683126,13.24759,0.3372,0.0046,0.0071,1.0,Low (Single Evidence Family),Q4: Higher Relative Stress,1352
C_032_061,78.751753,13.490135,0.3371,0.272,0.7261,0.0131,Moderate (Same-Sensor Spectral Agreement),Q4: Higher Relative Stress,1353
C_074_043,78.590056,13.112843,0.3371,0.2294,0.3163,0.4657,High (Multi-Source Convergence),Q4: Higher Relative Stress,1354
C_060_049,78.643955,13.238607,0.337,0.3388,0.5069,0.1654,High (Multi-Source Convergence),Q4: Higher Relative Stress,1355
C_035_119,79.272775,13.463186,0.3369,0.2805,0.2708,0.4595,High (Multi-Source Convergence),Q4: Higher Relative Stress,1356
C_041_050,78.652938,13.409287,0.3368,0.3517,0.427,0.2315,High (Multi-Source Convergence),Q4: Higher Relative Stress,1357
C_059_168,79.719059,13.24759,0.3367,0.0007,0.0093,1.0,Low (Single Evidence Family),Q4: Higher Relative Stress,1358
C_063_045,78.608022,13.211658,0.3366,0.2521,0.4966,0.261,High (Multi-Source Convergence),Q4: Higher Relative Stress,1359
C_078_100,79.102096,13.07691,0.3366,0.2835,0.3562,0.3701,High (Multi-Source Convergence),Q4: Higher Relative Stress,1360
C_037_064,78.778702,13.44522,0.3365,0.3632,0.6462,0.0,Moderate (Same-Sensor Spectral Agreement),Q4: Higher Relative Stress,1361
C_051_109,79.182944,13.319455,0.3365,0.3372,0.2387,0.4336,High (Multi-Source Convergence),Q4: Higher Relative Stress,1362
C_048_034,78.509207,13.346405,0.3363,0.3011,0.6432,0.0646,Moderate (Same-Sensor Spectral Agreement),Q4: Higher Relative Stress,1363
C_054_043,78.590056,13.292506,0.3362,0.3149,0.5413,0.1526,High (Multi-Source Convergence),Q4: Higher Relative Stress,1364
C_026_077,78.895483,13.544034,0.3362,0.3014,0.3087,0.3985,High (Multi-Source Convergence),Q4: Higher Relative Stress,1365
C_053_055,78.697854,13.301489,0.3362,0.3678,0.5201,0.1208,High (Multi-Source Convergence),Q4: Higher Relative Stress,1366
C_042_094,79.048197,13.400304,0.3362,0.5236,0.4328,0.0521,High (Multi-Source Convergence),Q4: Higher Relative Stress,1367
C_068_113,79.218877,13.166742,0.3362,0.2127,0.3116,0.4843,High (Multi-Source Convergence),Q4: Higher Relative Stress,1368
C_067_060,78.742769,13.175725,0.336,0.3521,0.4338,0.222,High (Multi-Source Convergence),Q4: Higher Relative Stress,1369
C_024_089,79.003281,13.562001,0.336,0.2603,0.2717,0.4762,High (Multi-Source Convergence),Q4: Higher Relative Stress,1370
C_052_057,78.71582,13.310472,0.336,0.3118,0.6162,0.0799,High (Multi-Source Convergence),Q4: Higher Relative Stress,1371
C_060_046,78.617005,13.238607,0.3359,0.3018,0.3851,0.3209,High (Multi-Source Convergence),Q4: Higher Relative Stress,1372
C_065_076,78.8865,13.193691,0.3358,0.2987,0.4462,0.2626,High (Multi-Source Convergence),Q4: Higher Relative Stress,1373
C_011_095,79.05718,13.678782,0.3358,0.2066,0.2293,0.5714,High (Multi-Source Convergence),Q4: Higher Relative Stress,1374
C_022_078,78.904466,13.579967,0.3358,0.2098,0.563,0.2345,High (Multi-Source Convergence),Q4: Higher Relative Stress,1375
C_042_037,78.536157,13.400304,0.3356,0.302,0.5149,0.1899,High (Multi-Source Convergence),Q4: Higher Relative Stress,1376
C_048_035,78.518191,13.346405,0.3356,0.3192,0.6084,0.0792,High (Multi-Source Convergence),Q4: Higher Relative Stress,1377
C_045_068,78.814635,13.373354,0.3355,0.2621,0.5102,0.2341,High (Multi-Source Convergence),Q4: Higher Relative Stress,1378
C_123_023,78.410393,12.672668,0.3355,0.3416,0.2501,0.4149,High (Multi-Source Convergence),Q4: Higher Relative Stress,1379
C_072_111,79.20091,13.130809,0.3354,0.2716,0.3342,0.4005,High (Multi-Source Convergence),Q4: Higher Relative Stress,1380
C_122_022,78.40141,12.681652,0.3354,0.5509,0.1718,0.2836,Moderate (Compound Urban/Water Signal),Q4: Higher Relative Stress,1381
C_120_013,78.320561,12.699618,0.3354,0.1696,0.1317,0.7047,Low (Single Evidence Family),Q4: Higher Relative Stress,1382
C_062_137,79.440581,13.220641,0.3353,0.4697,0.483,0.0532,High (Multi-Source Convergence),Q4: Higher Relative Stress,1383
C_094_026,78.437342,12.93318,0.3352,0.2544,0.5568,0.1944,High (Multi-Source Convergence),Q4: Higher Relative Stress,1384
C_047_152,79.575328,13.355388,0.3352,0.3974,0.4583,0.15,High (Multi-Source Convergence),Q4: Higher Relative Stress,1385
C_112_016,78.347511,12.771483,0.3352,0.2913,0.2192,0.4951,High (Multi-Source Convergence),Q4: Higher Relative Stress,1386
C_101_033,78.500224,12.870298,0.3351,0.3038,0.3206,0.3809,High (Multi-Source Convergence),Q4: Higher Relative Stress,1387
C_048_155,79.602278,13.346405,0.335,0.2268,0.5164,0.262,High (Multi-Source Convergence),Q4: Higher Relative Stress,1388
C_106_020,78.383443,12.825382,0.335,0.4344,0.2428,0.3278,High (Multi-Source Convergence),Q4: Higher Relative Stress,1389
C_106_034,78.509207,12.825382,0.335,0.3277,0.1671,0.5102,Moderate (Compound Urban/Water Signal),Q4: Higher Relative Stress,1390
C_062_055,78.697854,13.220641,0.3349,0.3167,0.5166,0.1716,High (Multi-Source Convergence),Q4: Higher Relative Stress,1391
C_053_102,79.120062,13.301489,0.3349,0.3158,0.4598,0.2292,High (Multi-Source Convergence),Q4: Higher Relative Stress,1392
C_003_096,79.066163,13.750647,0.3349,0.277,0.4491,0.2787,High (Multi-Source Convergence),Q4: Higher Relative Stress,1393
C_040_040,78.563106,13.41827,0.3349,0.414,0.4766,0.114,High (Multi-Source Convergence),Q4: Higher Relative Stress,1394
C_048_153,79.584311,13.346405,0.3348,0.3945,0.5106,0.0992,High (Multi-Source Convergence),Q4: Higher Relative Stress,1395
C_045_051,78.661921,13.373354,0.3347,0.4311,0.4705,0.1025,High (Multi-Source Convergence),Q4: Higher Relative Stress,1396
C_071_048,78.634972,13.139792,0.3346,0.2054,0.5472,0.2512,High (Multi-Source Convergence),Q4: Higher Relative Stress,1397
C_058_170,79.737025,13.256573,0.3345,0.0004,0.0031,1.0,Low (Single Evidence Family),Q4: Higher Relative Stress,1398
C_088_036,78.527174,12.987079,0.3345,0.4834,0.3511,0.169,High (Multi-Source Convergence),Q4: Higher Relative Stress,1399
C_063_135,79.422614,13.211658,0.3344,0.2973,0.4021,0.3039,High (Multi-Source Convergence),Q4: Higher Relative Stress,1400
C_083_109,79.182944,13.031995,0.3343,0.3223,0.453,0.2276,High (Multi-Source Convergence),Q4: Higher Relative Stress,1401
C_054_148,79.539395,13.292506,0.3343,0.0571,0.544,0.4018,Moderate (Compound Moisture/Vegetation Stress),Q4: Higher Relative Stress,1402
C_069_092,79.03023,13.157759,0.3341,0.2064,0.3532,0.4428,High (Multi-Source Convergence),Q4: Higher Relative Stress,1403
C_023_080,78.922433,13.570984,0.3341,0.1669,0.3709,0.4647,Moderate (Compound Moisture/Vegetation Stress),Q4: Higher Relative Stress,1404
C_054_130,79.37159,13.292506,0.334,0.3263,0.4952,0.1804,High (Multi-Source Convergence),Q4: Higher Relative Stress,1405
C_052_157,79.620244,13.310472,0.3339,0.2642,0.4653,0.2721,High (Multi-Source Convergence),Q4: Higher Relative Stress,1406
C_106_029,78.464292,12.825382,0.3339,0.2641,0.3023,0.4352,High (Multi-Source Convergence),Q4: Higher Relative Stress,1407
C_064_134,79.407523,13.202674,0.3337,0.3391,0.4505,0.2116,High (Multi-Source Convergence),Q4: Higher Relative Stress,1408
C_066_045,78.608022,13.184708,0.3337,0.4123,0.4161,0.1726,High (Multi-Source Convergence),Q4: Higher Relative Stress,1409
C_045_041,78.57209,13.373354,0.3337,0.2915,0.6442,0.0655,High (Multi-Source Convergence),Q4: Higher Relative Stress,1410
C_072_081,78.931416,13.130809,0.3336,0.3992,0.3801,0.2214,High (Multi-Source Convergence),Q4: Higher Relative Stress,1411
C_052_113,79.218877,13.310472,0.3336,0.2188,0.2657,0.5164,High (Multi-Source Convergence),Q4: Higher Relative Stress,1412
C_065_121,79.290742,13.193691,0.3334,0.2459,0.5907,0.1637,High (Multi-Source Convergence),Q4: Higher Relative Stress,1413
C_058_171,79.746008,13.256573,0.3333,0.0,0.0,1.0,Low (Single Evidence Family),Q4: Higher Relative Stress,1414
C_059_167,79.710075,13.24759,0.3333,0.0,0.0,1.0,Low (Single Evidence Family),Q4: Higher Relative Stress,1415
C_061_096,79.066163,13.229624,0.3333,0.4059,0.4581,0.1359,High (Multi-Source Convergence),Q4: Higher Relative Stress,1416
C_097_026,78.437342,12.90623,0.3332,0.4969,0.2839,0.2186,High (Multi-Source Convergence),Q4: Higher Relative Stress,1417
C_060_048,78.634972,13.238607,0.3332,0.3714,0.3896,0.2387,High (Multi-Source Convergence),Q4: Higher Relative Stress,1418
C_058_078,78.904466,13.256573,0.3332,0.1073,0.2387,0.6536,Moderate (Compound Moisture/Vegetation Stress),Q4: Higher Relative Stress,1419
C_088_034,78.509207,12.987079,0.3332,0.368,0.4528,0.1788,High (Multi-Source Convergence),Q4: Higher Relative Stress,1420
C_044_068,78.814635,13.382338,0.3331,0.3524,0.4106,0.2364,High (Multi-Source Convergence),Q4: Higher Relative Stress,1421
C_060_120,79.281759,13.238607,0.3331,0.2776,0.4353,0.2865,High (Multi-Source Convergence),Q4: Higher Relative Stress,1422
C_118_005,78.248696,12.717584,0.333,0.3325,0.6617,0.0049,Moderate (Same-Sensor Spectral Agreement),Q4: Higher Relative Stress,1423
C_037_061,78.751753,13.44522,0.3328,0.3602,0.6382,0.0,Moderate (Same-Sensor Spectral Agreement),Q4: Higher Relative Stress,1424
C_103_026,78.437342,12.852332,0.3328,0.4211,0.2245,0.3527,High (Multi-Source Convergence),Q4: Higher Relative Stress,1425
C_059_057,78.71582,13.24759,0.3327,0.2384,0.5114,0.2482,High (Multi-Source Convergence),Q4: Higher Relative Stress,1426
C_058_166,79.701092,13.256573,0.3327,0.1237,0.1515,0.723,Low (Single Evidence Family),Q4: Higher Relative Stress,1427
C_087_039,78.554123,12.996062,0.3327,0.3418,0.5197,0.1366,High (Multi-Source Convergence),Q4: Higher Relative Stress,1428
C_054_093,79.039214,13.292506,0.3327,0.2228,0.5884,0.187,High (Multi-Source Convergence),Q4: Higher Relative Stress,1429
C_073_112,79.209893,13.121826,0.3326,0.3116,0.4768,0.2093,High (Multi-Source Convergence),Q4: Higher Relative Stress,1430
C_053_163,79.674143,13.301489,0.3326,0.1157,0.3001,0.5819,Moderate (Compound Moisture/Vegetation Stress),Q4: Higher Relative Stress,1431
C_022_100,79.102096,13.579967,0.3326,0.2003,0.4725,0.3249,High (Multi-Source Convergence),Q4: Higher Relative Stress,1432
C_036_067,78.805652,13.454203,0.3324,0.2279,0.7067,0.0625,Moderate (Same-Sensor Spectral Agreement),Q4: Higher Relative Stress,1433
C_042_042,78.581073,13.400304,0.3324,0.3193,0.5793,0.0986,High (Multi-Source Convergence),Q4: Higher Relative Stress,1434
C_036_052,78.670904,13.454203,0.3324,0.4192,0.4799,0.0979,High (Multi-Source Convergence),Q4: Higher Relative Stress,1435
C_070_092,79.03023,13.148776,0.3323,0.4121,0.2813,0.3036,High (Multi-Source Convergence),Q4: Higher Relative Stress,1436
C_067_073,78.85955,13.175725,0.3323,0.3232,0.475,0.1988,High (Multi-Source Convergence),Q4: Higher Relative Stress,1437
C_072_093,79.039214,13.130809,0.3322,0.2077,0.2264,0.5626,High (Multi-Source Convergence),Q4: Higher Relative Stress,1438
C_073_043,78.590056,13.121826,0.3321,0.19,0.2828,0.5236,Moderate (Compound Moisture/Vegetation Stress),Q4: Higher Relative Stress,1439
C_087_034,78.509207,12.996062,0.332,0.3191,0.4606,0.2161,High (Multi-Source Convergence),Q4: Higher Relative Stress,1440
C_027_075,78.877517,13.535051,0.332,0.2136,0.4581,0.3242,High (Multi-Source Convergence),Q4: Higher Relative Stress,1441
C_069_096,79.066163,13.157759,0.3319,0.3288,0.4756,0.1912,High (Multi-Source Convergence),Q4: Higher Relative Stress,1442
C_051_104,79.138028,13.319455,0.3319,0.3725,0.3334,0.2898,High (Multi-Source Convergence),Q4: Higher Relative Stress,1443
C_092_040,78.563106,12.951146,0.3318,0.4513,0.3783,0.1657,High (Multi-Source Convergence),Q4: Higher Relative Stress,1444
C_068_103,79.129045,13.166742,0.3318,0.2977,0.4458,0.2518,High (Multi-Source Convergence),Q4: Higher Relative Stress,1445
C_087_042,78.581073,12.996062,0.3318,0.3818,0.6119,0.0016,Moderate (Same-Sensor Spectral Agreement),Q4: Higher Relative Stress,1446
C_021_098,79.084129,13.58895,0.3317,0.1692,0.4474,0.3786,Moderate (Compound Moisture/Vegetation Stress),Q4: Higher Relative Stress,1447
C_090_035,78.518191,12.969113,0.3316,0.3565,0.5425,0.0956,High (Multi-Source Convergence),Q4: Higher Relative Stress,1448
C_056_154,79.593294,13.27454,0.3315,0.2627,0.4828,0.2489,High (Multi-Source Convergence),Q4: Higher Relative Stress,1449
C_070_049,78.643955,13.148776,0.3314,0.2655,0.5351,0.1935,High (Multi-Source Convergence),Q4: Higher Relative Stress,1450
C_105_027,78.446325,12.834365,0.3313,0.406,0.1873,0.4005,Moderate (Compound Urban/Water Signal),Q4: Higher Relative Stress,1451
C_051_122,79.299725,13.319455,0.3313,0.2663,0.4791,0.2486,High (Multi-Source Convergence),Q4: Higher Relative Stress,1452
C_091_032,78.491241,12.960129,0.3313,0.2315,0.5627,0.1998,High (Multi-Source Convergence),Q4: Higher Relative Stress,1453
C_040_137,79.440581,13.41827,0.3312,0.2621,0.5625,0.169,High (Multi-Source Convergence),Q4: Higher Relative Stress,1454
C_056_130,79.37159,13.27454,0.3312,0.5,0.4937,0.0,Moderate (Same-Sensor Spectral Agreement),Q4: Higher Relative Stress,1455
C_037_055,78.697854,13.44522,0.3311,0.4043,0.4474,0.1415,High (Multi-Source Convergence),Q4: Higher Relative Stress,1456
C_071_060,78.742769,13.139792,0.3311,0.3352,0.5839,0.0743,High (Multi-Source Convergence),Q4: Higher Relative Stress,1457
C_085_033,78.500224,13.014028,0.3309,0.4825,0.3264,0.1837,High (Multi-Source Convergence),Q4: Higher Relative Stress,1458
C_075_100,79.102096,13.10386,0.3308,0.2456,0.3727,0.3741,High (Multi-Source Convergence),Q4: Higher Relative Stress,1459
C_039_049,78.643955,13.427253,0.3307,0.279,0.5754,0.1375,High (Multi-Source Convergence),Q4: Higher Relative Stress,1460
C_041_038,78.54514,13.409287,0.3305,0.3566,0.4289,0.206,High (Multi-Source Convergence),Q4: Higher Relative Stress,1461
C_050_057,78.71582,13.328439,0.3304,0.3721,0.4736,0.1457,High (Multi-Source Convergence),Q4: Higher Relative Stress,1462
C_069_103,79.129045,13.157759,0.3303,0.3032,0.4715,0.2161,High (Multi-Source Convergence),Q4: Higher Relative Stress,1463
C_102_018,78.365477,12.861315,0.3301,0.1918,0.1836,0.615,Low (Single Evidence Family),Q4: Higher Relative Stress,1464
C_031_055,78.697854,13.499119,0.33,0.3516,0.6385,0.0,Moderate (Same-Sensor Spectral Agreement),Q4: Higher Relative Stress,1465
C_014_089,79.003281,13.651832,0.33,0.2899,0.5962,0.1038,High (Multi-Source Convergence),Q4: Higher Relative Stress,1466
C_110_008,78.275646,12.789449,0.33,0.3962,0.4161,0.1778,High (Multi-Source Convergence),Q4: Higher Relative Stress,1467
C_048_048,78.634972,13.346405,0.3299,0.3039,0.5186,0.167,High (Multi-Source Convergence),Q4: Higher Relative Stress,1468
C_060_101,79.111079,13.238607,0.3299,0.2701,0.2511,0.4686,High (Multi-Source Convergence),Q4: Higher Relative Stress,1469
C_107_014,78.329544,12.816399,0.3299,0.418,0.4398,0.132,High (Multi-Source Convergence),Q4: Higher Relative Stress,1470
C_047_131,79.380573,13.355388,0.3297,0.1453,0.3054,0.5384,Moderate (Compound Moisture/Vegetation Stress),Q4: Higher Relative Stress,1471
C_045_050,78.652938,13.373354,0.3297,0.3944,0.5157,0.0789,High (Multi-Source Convergence),Q4: Higher Relative Stress,1472
C_072_075,78.877517,13.130809,0.3297,0.4012,0.3408,0.2472,High (Multi-Source Convergence),Q4: Higher Relative Stress,1473
C_041_048,78.634972,13.409287,0.3297,0.2302,0.4847,0.2741,High (Multi-Source Convergence),Q4: Higher Relative Stress,1474
C_058_121,79.290742,13.256573,0.3297,0.2476,0.4155,0.3258,High (Multi-Source Convergence),Q4: Higher Relative Stress,1475
C_065_111,79.20091,13.193691,0.3297,0.1532,0.3381,0.4978,Moderate (Compound Moisture/Vegetation Stress),Q4: Higher Relative Stress,1476
C_066_074,78.868534,13.184708,0.3297,0.2881,0.5306,0.1706,High (Multi-Source Convergence),Q4: Higher Relative Stress,1477
C_053_117,79.254809,13.301489,0.3296,0.3127,0.4184,0.2577,High (Multi-Source Convergence),Q4: Higher Relative Stress,1478
C_092_025,78.428359,12.951146,0.3295,0.3369,0.4071,0.2446,High (Multi-Source Convergence),Q4: Higher Relative Stress,1479
C_104_029,78.464292,12.843348,0.3295,0.2469,0.4252,0.3163,High (Multi-Source Convergence),Q4: Higher Relative Stress,1480
C_124_020,78.383443,12.663685,0.3295,0.2549,0.0978,0.636,Moderate (Compound Urban/Water Signal),Q4: Higher Relative Stress,1481
C_062_119,79.272775,13.220641,0.3294,0.3853,0.4289,0.1739,High (Multi-Source Convergence),Q4: Higher Relative Stress,1482
C_059_100,79.102096,13.24759,0.3293,0.4001,0.3665,0.2214,High (Multi-Source Convergence),Q4: Higher Relative Stress,1483
C_050_091,79.021247,13.328439,0.3293,0.1687,0.5059,0.3134,Moderate (Compound Moisture/Vegetation Stress),Q4: Higher Relative Stress,1484
C_076_052,78.670904,13.094877,0.3293,0.4302,0.3369,0.2207,High (Multi-Source Convergence),Q4: Higher Relative Stress,1485
C_035_074,78.868534,13.463186,0.3293,0.2555,0.3355,0.3969,High (Multi-Source Convergence),Q4: Higher Relative Stress,1486
C_097_036,78.527174,12.90623,0.3292,0.2929,0.3647,0.3301,High (Multi-Source Convergence),Q4: Higher Relative Stress,1487
C_123_024,78.419376,12.672668,0.3291,0.3646,0.2566,0.3661,High (Multi-Source Convergence),Q4: Higher Relative Stress,1488
C_048_091,79.021247,13.346405,0.3291,0.1828,0.3947,0.4097,Moderate (Compound Moisture/Vegetation Stress),Q4: Higher Relative Stress,1489
C_053_035,78.518191,13.301489,0.329,0.2601,0.5828,0.1441,High (Multi-Source Convergence),Q4: Higher Relative Stress,1490
C_095_036,78.527174,12.924197,0.329,0.2371,0.4843,0.2656,High (Multi-Source Convergence),Q4: Higher Relative Stress,1491
C_059_102,79.120062,13.24759,0.329,0.2502,0.3445,0.3923,High (Multi-Source Convergence),Q4: Higher Relative Stress,1492
C_088_043,78.590056,12.987079,0.3289,0.4293,0.5571,0.0003,Moderate (Same-Sensor Spectral Agreement),Q4: Higher Relative Stress,1493
C_103_027,78.446325,12.852332,0.3289,0.3032,0.3003,0.3831,High (Multi-Source Convergence),Q4: Higher Relative Stress,1494
C_102_021,78.392426,12.861315,0.3288,0.3294,0.1469,0.5102,Moderate (Compound Urban/Water Signal),Q4: Higher Relative Stress,1495
C_064_045,78.608022,13.202674,0.3287,0.2157,0.4838,0.2865,High (Multi-Source Convergence),Q4: Higher Relative Stress,1496
C_097_032,78.491241,12.90623,0.3285,0.3425,0.4273,0.2158,High (Multi-Source Convergence),Q4: Higher Relative Stress,1497
C_047_061,78.751753,13.355388,0.3285,0.3056,0.3711,0.3088,High (Multi-Source Convergence),Q4: Higher Relative Stress,1498
C_053_119,79.272775,13.301489,0.3285,0.2738,0.2937,0.4182,High (Multi-Source Convergence),Q4: Higher Relative Stress,1499
C_064_123,79.308708,13.202674,0.3285,0.3372,0.5281,0.1202,High (Multi-Source Convergence),Q4: Higher Relative Stress,1500
C_039_068,78.814635,13.427253,0.3284,0.3871,0.5981,0.0,Moderate (Same-Sensor Spectral Agreement),Q4: Higher Relative Stress,1501
C_080_034,78.509207,13.058944,0.3283,0.2973,0.5296,0.1581,High (Multi-Source Convergence),Q4: Higher Relative Stress,1502
C_066_043,78.590056,13.184708,0.3282,0.3153,0.4987,0.1706,High (Multi-Source Convergence),Q4: Higher Relative Stress,1503
C_011_094,79.048197,13.678782,0.3282,0.2937,0.291,0.3999,High (Multi-Source Convergence),Q4: Higher Relative Stress,1504
C_061_088,78.994298,13.229624,0.3282,0.2771,0.2795,0.428,High (Multi-Source Convergence),Q4: Higher Relative Stress,1505
C_046_128,79.353624,13.364371,0.3282,0.1755,0.2638,0.5453,Moderate (Compound Moisture/Vegetation Stress),Q4: Higher Relative Stress,1506
C_040_138,79.449564,13.41827,0.3281,0.4165,0.3256,0.2423,High (Multi-Source Convergence),Q4: Higher Relative Stress,1507
C_061_098,79.084129,13.229624,0.3281,0.3287,0.4775,0.1781,High (Multi-Source Convergence),Q4: Higher Relative Stress,1508
C_055_114,79.22786,13.283523,0.3281,0.219,0.2494,0.5158,High (Multi-Source Convergence),Q4: Higher Relative Stress,1509
C_050_152,79.575328,13.328439,0.328,0.2095,0.5413,0.2332,High (Multi-Source Convergence),Q4: Higher Relative Stress,1510
C_105_033,78.500224,12.834365,0.328,0.2212,0.2861,0.4768,High (Multi-Source Convergence),Q4: Higher Relative Stress,1511
C_045_086,78.976331,13.373354,0.3278,0.2559,0.4301,0.2974,High (Multi-Source Convergence),Q4: Higher Relative Stress,1512
C_023_079,78.913449,13.570984,0.3276,0.0973,0.2498,0.6356,Moderate (Compound Moisture/Vegetation Stress),Q4: Higher Relative Stress,1513
C_058_106,79.155994,13.256573,0.3276,0.2426,0.4647,0.2754,High (Multi-Source Convergence),Q4: Higher Relative Stress,1514
C_098_039,78.554123,12.897247,0.3276,0.28,0.4855,0.2174,High (Multi-Source Convergence),Q4: Higher Relative Stress,1515
C_121_021,78.392426,12.690635,0.3275,0.3857,0.1181,0.4788,Moderate (Compound Urban/Water Signal),Q4: Higher Relative Stress,1516
C_036_058,78.724803,13.454203,0.3274,0.3426,0.6263,0.0134,High (Multi-Source Convergence),Q4: Higher Relative Stress,1517
C_032_135,79.422614,13.490135,0.3274,0.4141,0.5681,0.0,Moderate (Same-Sensor Spectral Agreement),Q4: Higher Relative Stress,1518
C_097_029,78.464292,12.90623,0.3274,0.2026,0.4471,0.3325,High (Multi-Source Convergence),Q4: Higher Relative Stress,1519
C_104_019,78.37446,12.843348,0.3272,0.3591,0.1904,0.4323,Moderate (Compound Urban/Water Signal),Q4: Higher Relative Stress,1520
C_048_157,79.620244,13.346405,0.3271,0.3047,0.4124,0.2643,High (Multi-Source Convergence),Q4: Higher Relative Stress,1521
C_073_104,79.138028,13.121826,0.3271,0.3005,0.4906,0.1903,High (Multi-Source Convergence),Q4: Higher Relative Stress,1522
C_098_031,78.482258,12.897247,0.3271,0.3656,0.3493,0.2666,High (Multi-Source Convergence),Q4: Higher Relative Stress,1523
C_104_032,78.491241,12.843348,0.327,0.2531,0.2675,0.4604,High (Multi-Source Convergence),Q4: Higher Relative Stress,1524
C_071_102,79.120062,13.139792,0.3269,0.4006,0.4904,0.0897,High (Multi-Source Convergence),Q4: Higher Relative Stress,1525
C_107_032,78.491241,12.816399,0.3269,0.3269,0.3577,0.296,High (Multi-Source Convergence),Q4: Higher Relative Stress,1526
C_049_034,78.509207,13.337422,0.3268,0.2648,0.6269,0.0887,Moderate (Same-Sensor Spectral Agreement),Q4: Higher Relative Stress,1527
C_053_033,78.500224,13.301489,0.3268,0.2932,0.603,0.0842,Moderate (Same-Sensor Spectral Agreement),Q4: Higher Relative Stress,1528
C_043_045,78.608022,13.391321,0.3267,0.3349,0.576,0.0691,High (Multi-Source Convergence),Q4: Higher Relative Stress,1529
C_104_018,78.365477,12.843348,0.3266,0.3913,0.1033,0.485,Moderate (Compound Urban/Water Signal),Q4: Higher Relative Stress,1530
C_033_080,78.922433,13.481152,0.3266,0.3439,0.5651,0.0707,High (Multi-Source Convergence),Q4: Higher Relative Stress,1531
C_083_034,78.509207,13.031995,0.3266,0.5647,0.3108,0.1041,High (Multi-Source Convergence),Q4: Higher Relative Stress,1532
C_052_055,78.697854,13.310472,0.3264,0.3338,0.5195,0.1261,High (Multi-Source Convergence),Q4: Higher Relative Stress,1533
C_045_107,79.164978,13.373354,0.3264,0.2601,0.4639,0.2551,High (Multi-Source Convergence),Q4: Higher Relative Stress,1534
C_087_037,78.536157,12.996062,0.3263,0.4037,0.2776,0.2977,High (Multi-Source Convergence),Q4: Higher Relative Stress,1535
C_120_037,78.536157,12.699618,0.3262,0.3396,0.6381,0.001,Moderate (Same-Sensor Spectral Agreement),Q4: Higher Relative Stress,1536
C_101_032,78.491241,12.870298,0.3262,0.2784,0.1972,0.503,Moderate (Compound Urban/Water Signal),Q4: Higher Relative Stress,1537
C_022_086,78.976331,13.579967,0.3261,0.141,0.5614,0.2757,Moderate (Compound Moisture/Vegetation Stress),Q4: Higher Relative Stress,1538
C_068_107,79.164978,13.166742,0.326,0.2251,0.2533,0.4994,High (Multi-Source Convergence),Q4: Higher Relative Stress,1539
C_100_035,78.518191,12.879281,0.3258,0.2017,0.5752,0.2004,High (Multi-Source Convergence),Q4: Higher Relative Stress,1540
C_054_040,78.563106,13.292506,0.3257,0.2597,0.6237,0.0936,High (Multi-Source Convergence),Q4: Higher Relative Stress,1541
C_037_045,78.608022,13.44522,0.3257,0.2933,0.5345,0.1493,High (Multi-Source Convergence),Q4: Higher Relative Stress,1542
C_052_040,78.563106,13.310472,0.3257,0.3295,0.529,0.1185,Moderate (Same-Sensor Spectral Agreement),Q4: Higher Relative Stress,1543
C_056_124,79.317691,13.27454,0.3256,0.1979,0.4075,0.3714,Moderate (Compound Moisture/Vegetation Stress),Q4: Higher Relative Stress,1544
C_035_132,79.389556,13.463186,0.3254,0.139,0.3363,0.501,Moderate (Compound Moisture/Vegetation Stress),Q4: Higher Relative Stress,1545
C_023_090,79.012264,13.570984,0.3254,0.1201,0.2737,0.5823,Moderate (Compound Moisture/Vegetation Stress),Q4: Higher Relative Stress,1546
C_042_043,78.590056,13.400304,0.3254,0.2195,0.5993,0.1575,High (Multi-Source Convergence),Q4: Higher Relative Stress,1547
C_116_011,78.302595,12.735551,0.3253,0.428,0.2665,0.2813,High (Multi-Source Convergence),Q4: Higher Relative Stress,1548
C_097_031,78.482258,12.90623,0.3252,0.3127,0.4771,0.186,High (Multi-Source Convergence),Q4: Higher Relative Stress,1549
C_069_063,78.769719,13.157759,0.3252,0.3281,0.3892,0.2584,High (Multi-Source Convergence),Q4: Higher Relative Stress,1550
C_040_112,79.209893,13.41827,0.3252,0.1681,0.3876,0.42,Moderate (Compound Moisture/Vegetation Stress),Q4: Higher Relative Stress,1551
C_072_099,79.093112,13.130809,0.325,0.2725,0.6211,0.0815,High (Multi-Source Convergence),Q4: Higher Relative Stress,1552
C_061_064,78.778702,13.229624,0.325,0.3278,0.3933,0.2538,High (Multi-Source Convergence),Q4: Higher Relative Stress,1553
C_091_030,78.473275,12.960129,0.3246,0.3304,0.5406,0.1028,High (Multi-Source Convergence),Q4: Higher Relative Stress,1554
C_023_068,78.814635,13.570984,0.3246,0.3013,0.4482,0.2243,High (Multi-Source Convergence),Q4: Higher Relative Stress,1555
C_066_117,79.254809,13.184708,0.3245,0.2127,0.4112,0.3497,High (Multi-Source Convergence),Q4: Higher Relative Stress,1556
C_102_015,78.338528,12.861315,0.3244,0.3549,0.2099,0.4084,High (Multi-Source Convergence),Q4: Higher Relative Stress,1557
C_059_171,79.746008,13.24759,0.3244,0.0,0.0,0.9733,Low (Single Evidence Family),Q4: Higher Relative Stress,1558
C_060_047,78.625988,13.238607,0.3243,0.2449,0.411,0.317,High (Multi-Source Convergence),Q4: Higher Relative Stress,1559
C_059_090,79.012264,13.24759,0.3243,0.2214,0.2673,0.484,High (Multi-Source Convergence),Q4: Higher Relative Stress,1560
C_061_103,79.129045,13.229624,0.3243,0.5997,0.2743,0.0989,High (Multi-Source Convergence),Q4: Higher Relative Stress,1561
C_064_109,79.182944,13.202674,0.3241,0.1084,0.1883,0.6756,Low (Single Evidence Family),Q4: Higher Relative Stress,1562
C_038_092,79.03023,13.436236,0.3241,0.2863,0.3369,0.3491,High (Multi-Source Convergence),Q4: Higher Relative Stress,1563
C_061_112,79.209893,13.229624,0.3241,0.1971,0.6596,0.1156,Low (Single Evidence Family),Q4: Higher Relative Stress,1564
C_041_100,79.102096,13.409287,0.3239,0.406,0.356,0.2096,High (Multi-Source Convergence),Q4: Higher Relative Stress,1565
C_062_102,79.120062,13.220641,0.3238,0.2725,0.575,0.1238,High (Multi-Source Convergence),Q4: Higher Relative Stress,1566
C_062_097,79.075146,13.220641,0.3237,0.2539,0.6123,0.1048,High (Multi-Source Convergence),Q4: Higher Relative Stress,1567
C_111_037,78.536157,12.780466,0.3236,0.4305,0.1883,0.352,Moderate (Compound Urban/Water Signal),Q4: Higher Relative Stress,1568
C_056_153,79.584311,13.27454,0.3235,0.2458,0.4851,0.2397,High (Multi-Source Convergence),Q4: Higher Relative Stress,1569
C_119_037,78.536157,12.708601,0.3233,0.418,0.5229,0.0288,Moderate (Same-Sensor Spectral Agreement),Q4: Higher Relative Stress,1570
C_047_107,79.164978,13.355388,0.3232,0.2841,0.447,0.2384,High (Multi-Source Convergence),Q4: Higher Relative Stress,1571
C_050_116,79.245826,13.328439,0.3231,0.2216,0.3939,0.3537,High (Multi-Source Convergence),Q4: Higher Relative Stress,1572
C_058_120,79.281759,13.256573,0.3231,0.3289,0.5304,0.11,High (Multi-Source Convergence),Q4: Higher Relative Stress,1573
C_100_023,78.410393,12.879281,0.323,0.3523,0.2556,0.3612,High (Multi-Source Convergence),Q4: Higher Relative Stress,1574
C_021_085,78.967348,13.58895,0.3228,0.2169,0.4367,0.3147,High (Multi-Source Convergence),Q4: Higher Relative Stress,1575
C_068_114,79.22786,13.166742,0.3227,0.1969,0.3469,0.4243,Moderate (Compound Moisture/Vegetation Stress),Q4: Higher Relative Stress,1576
C_066_062,78.760736,13.184708,0.3227,0.1906,0.6425,0.1349,Low (Single Evidence Family),Q4: Higher Relative Stress,1577
C_045_085,78.967348,13.373354,0.3227,0.2515,0.3999,0.3167,High (Multi-Source Convergence),Q4: Higher Relative Stress,1578
C_067_043,78.590056,13.175725,0.3227,0.3053,0.4357,0.2273,High (Multi-Source Convergence),Q4: Higher Relative Stress,1579
C_121_017,78.356494,12.690635,0.3226,0.3025,0.1889,0.4765,Moderate (Compound Urban/Water Signal),Q4: Higher Relative Stress,1580
C_055_101,79.111079,13.283523,0.3225,0.1666,0.291,0.5099,Moderate (Compound Moisture/Vegetation Stress),Q4: Higher Relative Stress,1581
C_035_068,78.814635,13.463186,0.3225,0.2835,0.4857,0.1985,High (Multi-Source Convergence),Q4: Higher Relative Stress,1582
C_050_056,78.706837,13.328439,0.3225,0.3121,0.5567,0.0986,High (Multi-Source Convergence),Q4: Higher Relative Stress,1583
C_073_045,78.608022,13.121826,0.3224,0.1806,0.4729,0.3137,Moderate (Compound Moisture/Vegetation Stress),Q4: Higher Relative Stress,1584
C_047_049,78.643955,13.355388,0.3223,0.4117,0.4855,0.0698,High (Multi-Source Convergence),Q4: Higher Relative Stress,1585
C_015_094,79.048197,13.642849,0.3223,0.2405,0.361,0.3655,High (Multi-Source Convergence),Q4: Higher Relative Stress,1586
C_072_090,79.012264,13.130809,0.3221,0.3081,0.1646,0.4935,Moderate (Compound Urban/Water Signal),Q4: Higher Relative Stress,1587
C_062_065,78.787685,13.220641,0.3221,0.2453,0.4694,0.2515,High (Multi-Source Convergence),Q4: Higher Relative Stress,1588
C_098_023,78.410393,12.897247,0.322,0.1968,0.2093,0.56,Moderate (Compound Moisture/Vegetation Stress),Q4: Higher Relative Stress,1589
C_062_051,78.661921,13.220641,0.3219,0.2382,0.5946,0.133,High (Multi-Source Convergence),Q4: Higher Relative Stress,1590
C_033_061,78.751753,13.481152,0.3219,0.3394,0.624,0.0023,Moderate (Same-Sensor Spectral Agreement),Q4: Higher Relative Stress,1591
C_031_067,78.805652,13.499119,0.3218,0.2939,0.611,0.0606,High (Multi-Source Convergence),Q4: Higher Relative Stress,1592
C_064_060,78.742769,13.202674,0.3217,0.4068,0.3702,0.188,High (Multi-Source Convergence),Q4: Higher Relative Stress,1593
C_089_039,78.554123,12.978096,0.3216,0.4021,0.4964,0.0665,High (Multi-Source Convergence),Q4: Higher Relative Stress,1594
C_117_007,78.266662,12.726567,0.3213,0.3519,0.54,0.072,Moderate (Same-Sensor Spectral Agreement),Q4: Higher Relative Stress,1595
C_054_103,79.129045,13.292506,0.3213,0.1851,0.6448,0.1339,Low (Single Evidence Family),Q4: Higher Relative Stress,1596
C_067_109,79.182944,13.175725,0.3212,0.1593,0.4328,0.3714,Moderate (Compound Moisture/Vegetation Stress),Q4: Higher Relative Stress,1597
C_030_085,78.967348,13.508102,0.3211,0.2268,0.6837,0.0527,High (Multi-Source Convergence),Q4: Higher Relative Stress,1598
C_060_097,79.075146,13.238607,0.321,0.2114,0.3772,0.3743,High (Multi-Source Convergence),Q4: Higher Relative Stress,1599
C_067_090,79.012264,13.175725,0.3208,0.165,0.4921,0.3052,Moderate (Compound Moisture/Vegetation Stress),Q4: Higher Relative Stress,1600
C_061_057,78.71582,13.229624,0.3208,0.2679,0.4803,0.2142,High (Multi-Source Convergence),Q4: Higher Relative Stress,1601
C_067_118,79.263792,13.175725,0.3208,0.159,0.3488,0.4545,Moderate (Compound Moisture/Vegetation Stress),Q4: Higher Relative Stress,1602
C_051_153,79.584311,13.319455,0.3207,0.3232,0.4075,0.2315,High (Multi-Source Convergence),Q4: Higher Relative Stress,1603
C_099_019,78.37446,12.888264,0.3206,0.3115,0.1402,0.5102,Moderate (Compound Urban/Water Signal),Q4: Higher Relative Stress,1604
C_068_061,78.751753,13.166742,0.3206,0.27,0.4884,0.2034,High (Multi-Source Convergence),Q4: Higher Relative Stress,1605
C_041_044,78.599039,13.409287,0.3203,0.3311,0.4795,0.1503,High (Multi-Source Convergence),Q4: Higher Relative Stress,1606
C_053_158,79.629227,13.301489,0.3201,0.2377,0.5238,0.1988,Moderate (Same-Sensor Spectral Agreement),Q4: Higher Relative Stress,1607
C_106_033,78.500224,12.825382,0.3199,0.2798,0.206,0.4739,High (Multi-Source Convergence),Q4: Higher Relative Stress,1608
C_042_117,79.254809,13.400304,0.3198,0.2616,0.4386,0.2594,High (Multi-Source Convergence),Q4: Higher Relative Stress,1609
C_062_092,79.03023,13.220641,0.3198,0.4859,0.2005,0.2731,High (Multi-Source Convergence),Q4: Higher Relative Stress,1610
C_084_046,78.617005,13.023011,0.3198,0.2837,0.6759,0.0,Moderate (Same-Sensor Spectral Agreement),Q4: Higher Relative Stress,1611
C_100_031,78.482258,12.879281,0.3197,0.3548,0.391,0.2132,High (Multi-Source Convergence),Q4: Higher Relative Stress,1612
C_095_039,78.554123,12.924197,0.3197,0.2755,0.4548,0.2289,High (Multi-Source Convergence),Q4: Higher Relative Stress,1613
C_021_099,79.093112,13.58895,0.3196,0.183,0.3919,0.3838,Moderate (Compound Moisture/Vegetation Stress),Q4: Higher Relative Stress,1614
C_064_083,78.949382,13.202674,0.3195,0.3215,0.4441,0.1929,High (Multi-Source Convergence),Q4: Higher Relative Stress,1615
C_014_073,78.85955,13.651832,0.3194,0.2587,0.4554,0.244,High (Multi-Source Convergence),Q4: Higher Relative Stress,1616
C_051_037,78.536157,13.319455,0.3193,0.3307,0.5347,0.0927,High (Multi-Source Convergence),Q4: Higher Relative Stress,1617
C_046_145,79.512446,13.364371,0.3193,0.3082,0.613,0.0366,Moderate (Same-Sensor Spectral Agreement),Q4: Higher Relative Stress,1618
C_111_016,78.347511,12.780466,0.3193,0.2686,0.2838,0.4054,High (Multi-Source Convergence),Q4: Higher Relative Stress,1619
C_048_112,79.209893,13.346405,0.3191,0.2432,0.474,0.24,High (Multi-Source Convergence),Q4: Higher Relative Stress,1620
C_099_034,78.509207,12.888264,0.3191,0.2943,0.326,0.337,High (Multi-Source Convergence),Q4: Higher Relative Stress,1621
C_044_053,78.679887,13.382338,0.3191,0.2533,0.5267,0.1775,High (Multi-Source Convergence),Q4: Higher Relative Stress,1622
C_072_126,79.335658,13.130809,0.319,0.1887,0.5705,0.1978,Low (Single Evidence Family),Q4: Higher Relative Stress,1623
C_115_013,78.320561,12.744534,0.319,0.5565,0.1904,0.2102,Moderate (Compound Urban/Water Signal),Q4: Higher Relative Stress,1624
C_043_036,78.527174,13.391321,0.3189,0.2298,0.5248,0.2021,High (Multi-Source Convergence),Q4: Higher Relative Stress,1625
C_029_062,78.760736,13.517085,0.3189,0.4403,0.5071,0.0092,Moderate (Same-Sensor Spectral Agreement),Q4: Higher Relative Stress,1626
C_014_091,79.021247,13.651832,0.3188,0.2524,0.4373,0.2666,High (Multi-Source Convergence),Q4: Higher Relative Stress,1627
C_096_031,78.482258,12.915214,0.3186,0.2988,0.4093,0.2476,High (Multi-Source Convergence),Q4: Higher Relative Stress,1628
C_117_019,78.37446,12.726567,0.3184,0.3382,0.2319,0.3851,High (Multi-Source Convergence),Q4: Higher Relative Stress,1629
C_113_020,78.383443,12.7625,0.3184,0.2605,0.1898,0.505,Moderate (Compound Urban/Water Signal),Q4: Higher Relative Stress,1630
C_040_035,78.518191,13.41827,0.3184,0.343,0.5564,0.0559,High (Multi-Source Convergence),Q4: Higher Relative Stress,1631
C_053_155,79.602278,13.301489,0.3183,0.2243,0.5538,0.1768,High (Multi-Source Convergence),Q4: Higher Relative Stress,1632
C_096_036,78.527174,12.915214,0.3183,0.2384,0.4583,0.2581,High (Multi-Source Convergence),Q4: Higher Relative Stress,1633
C_054_151,79.566345,13.292506,0.3182,0.1931,0.4587,0.3026,Moderate (Compound Moisture/Vegetation Stress),Q4: Higher Relative Stress,1634
C_093_031,78.482258,12.942163,0.3182,0.2823,0.5297,0.1425,Moderate (Same-Sensor Spectral Agreement),Q4: Higher Relative Stress,1635
C_119_024,78.419376,12.708601,0.3182,0.3431,0.3003,0.3111,High (Multi-Source Convergence),Q4: Higher Relative Stress,1636
C_035_048,78.634972,13.463186,0.3181,0.2317,0.5392,0.1834,High (Multi-Source Convergence),Q4: Higher Relative Stress,1637
C_032_055,78.697854,13.490135,0.318,0.3404,0.6135,0.0,Moderate (Same-Sensor Spectral Agreement),Q4: Higher Relative Stress,1638
C_080_039,78.554123,13.058944,0.3178,0.4285,0.5067,0.0183,Moderate (Same-Sensor Spectral Agreement),Q4: Higher Relative Stress,1639
C_052_159,79.63821,13.310472,0.3178,0.2,0.448,0.3055,Moderate (Compound Moisture/Vegetation Stress),Q4: Higher Relative Stress,1640
C_072_122,79.299725,13.130809,0.3177,0.379,0.574,0.0,Moderate (Same-Sensor Spectral Agreement),Q4: Higher Relative Stress,1641
C_079_045,78.608022,13.067927,0.3177,0.3754,0.2494,0.3281,High (Multi-Source Convergence),Q4: Higher Relative Stress,1642
C_075_052,78.670904,13.10386,0.3175,0.2619,0.3174,0.3733,High (Multi-Source Convergence),Q4: Higher Relative Stress,1643
C_060_126,79.335658,13.238607,0.3174,0.1646,0.354,0.4336,Moderate (Compound Moisture/Vegetation Stress),Q4: Higher Relative Stress,1644
C_054_049,78.643955,13.292506,0.3173,0.3813,0.4812,0.0894,High (Multi-Source Convergence),Q4: Higher Relative Stress,1645
C_099_036,78.527174,12.888264,0.3173,0.2583,0.4871,0.2066,High (Multi-Source Convergence),Q4: Higher Relative Stress,1646
C_045_106,79.155994,13.373354,0.3173,0.3566,0.4149,0.1804,High (Multi-Source Convergence),Q4: Higher Relative Stress,1647
C_051_102,79.120062,13.319455,0.3172,0.3866,0.2657,0.2993,High (Multi-Source Convergence),Q4: Higher Relative Stress,1648
C_036_035,78.518191,13.454203,0.3172,0.2055,0.6979,0.0481,High (Multi-Source Convergence),Q4: Higher Relative Stress,1649
C_064_046,78.617005,13.202674,0.3172,0.2612,0.4406,0.2499,High (Multi-Source Convergence),Q4: Higher Relative Stress,1650
C_038_124,79.317691,13.436236,0.3171,0.3564,0.3163,0.2787,High (Multi-Source Convergence),Q4: Higher Relative Stress,1651
C_072_044,78.599039,13.130809,0.3169,0.3252,0.3128,0.3127,High (Multi-Source Convergence),Q4: Higher Relative Stress,1652
C_108_012,78.311578,12.807416,0.3169,0.2814,0.5293,0.1398,High (Multi-Source Convergence),Q4: Higher Relative Stress,1653
C_073_070,78.832601,13.121826,0.3168,0.1512,0.7991,0.0,Low (Single Evidence Family),Q4: Higher Relative Stress,1654
C_076_103,79.129045,13.094877,0.3168,0.2763,0.5098,0.1644,High (Multi-Source Convergence),Q4: Higher Relative Stress,1655
C_057_113,79.218877,13.265557,0.3167,0.2607,0.4688,0.2204,High (Multi-Source Convergence),Q4: Higher Relative Stress,1656
C_065_067,78.805652,13.193691,0.3166,0.2237,0.7222,0.0039,Moderate (Same-Sensor Spectral Agreement),Q4: Higher Relative Stress,1657
C_041_046,78.617005,13.409287,0.3166,0.2936,0.5199,0.1362,High (Multi-Source Convergence),Q4: Higher Relative Stress,1658
C_126_022,78.40141,12.645719,0.3166,0.3165,0.0786,0.5547,Moderate (Compound Urban/Water Signal),Q4: Higher Relative Stress,1659
C_120_014,78.329544,12.699618,0.3165,0.2356,0.1589,0.5551,Moderate (Compound Urban/Water Signal),Q4: Higher Relative Stress,1660
C_024_062,78.760736,13.562001,0.3165,0.1704,0.3939,0.3851,Moderate (Compound Moisture/Vegetation Stress),Q4: Higher Relative Stress,1661
C_056_091,79.021247,13.27454,0.3164,0.2586,0.3486,0.3419,High (Multi-Source Convergence),Q4: Higher Relative Stress,1662
C_123_022,78.40141,12.672668,0.3163,0.4439,0.1371,0.3681,Moderate (Compound Urban/Water Signal),Q4: Higher Relative Stress,1663
C_045_082,78.940399,13.373354,0.3163,0.421,0.5275,0.0003,Moderate (Same-Sensor Spectral Agreement),Q4: Higher Relative Stress,1664
C_094_017,78.356494,12.93318,0.3162,0.3545,0.2949,0.299,High (Multi-Source Convergence),Q4: Higher Relative Stress,1665
C_057_092,79.03023,13.265557,0.3162,0.1897,0.3781,0.3809,Moderate (Compound Moisture/Vegetation Stress),Q4: Higher Relative Stress,1666
C_063_116,79.245826,13.211658,0.3161,0.1035,0.3089,0.5358,Moderate (Compound Moisture/Vegetation Stress),Q4: Higher Relative Stress,1667
C_049_041,78.57209,13.337422,0.3161,0.3654,0.5038,0.0792,High (Multi-Source Convergence),Q4: Higher Relative Stress,1668
C_096_032,78.491241,12.915214,0.316,0.1556,0.3801,0.4123,Moderate (Compound Moisture/Vegetation Stress),Q4: Higher Relative Stress,1669
C_077_045,78.608022,13.085893,0.316,0.3557,0.403,0.1893,High (Multi-Source Convergence),Q4: Higher Relative Stress,1670
C_065_125,79.326674,13.193691,0.3159,0.2555,0.4587,0.2335,High (Multi-Source Convergence),Q4: Higher Relative Stress,1671
C_049_048,78.634972,13.337422,0.3158,0.3641,0.4596,0.1238,High (Multi-Source Convergence),Q4: Higher Relative Stress,1672
C_077_040,78.563106,13.085893,0.3157,0.2179,0.5808,0.1483,High (Multi-Source Convergence),Q4: Higher Relative Stress,1673
C_061_119,79.272775,13.229624,0.3156,0.3263,0.4748,0.1457,High (Multi-Source Convergence),Q4: Higher Relative Stress,1674
C_042_135,79.422614,13.400304,0.3156,0.235,0.3042,0.4077,High (Multi-Source Convergence),Q4: Higher Relative Stress,1675
C_019_072,78.850567,13.606916,0.3154,0.2363,0.3246,0.3854,High (Multi-Source Convergence),Q4: Higher Relative Stress,1676
C_053_038,78.54514,13.301489,0.3154,0.2736,0.5699,0.1028,High (Multi-Source Convergence),Q4: Higher Relative Stress,1677
C_050_058,78.724803,13.328439,0.3154,0.3999,0.3723,0.1739,High (Multi-Source Convergence),Q4: Higher Relative Stress,1678
C_103_018,78.365477,12.852332,0.3154,0.2228,0.0642,0.6592,Moderate (Compound Urban/Water Signal),Q4: Higher Relative Stress,1679
C_059_096,79.066163,13.24759,0.3153,0.224,0.573,0.149,High (Multi-Source Convergence),Q4: Higher Relative Stress,1680
C_073_111,79.20091,13.121826,0.315,0.1819,0.2303,0.5328,Moderate (Compound Moisture/Vegetation Stress),Q4: Higher Relative Stress,1681
C_115_018,78.365477,12.744534,0.3149,0.3088,0.233,0.4028,High (Multi-Source Convergence),Q4: Higher Relative Stress,1682
C_035_056,78.706837,13.463186,0.3149,0.3153,0.4205,0.2089,High (Multi-Source Convergence),Q4: Higher Relative Stress,1683
C_065_078,78.904466,13.193691,0.3148,0.368,0.4748,0.1015,High (Multi-Source Convergence),Q4: Higher Relative Stress,1684
C_065_060,78.742769,13.193691,0.3148,0.3495,0.4624,0.1323,High (Multi-Source Convergence),Q4: Higher Relative Stress,1685
C_047_138,79.449564,13.355388,0.3147,0.2451,0.3161,0.3828,High (Multi-Source Convergence),Q4: Higher Relative Stress,1686
C_037_129,79.362607,13.44522,0.3146,0.3507,0.3139,0.2793,High (Multi-Source Convergence),Q4: Higher Relative Stress,1687
C_103_007,78.266662,12.852332,0.3146,0.2693,0.4233,0.2512,High (Multi-Source Convergence),Q4: Higher Relative Stress,1688
C_070_059,78.733786,13.148776,0.3145,0.3755,0.3818,0.1863,High (Multi-Source Convergence),Q4: Higher Relative Stress,1689
C_063_118,79.263792,13.211658,0.3144,0.3624,0.4976,0.0832,Moderate (Same-Sensor Spectral Agreement),Q4: Higher Relative Stress,1690
C_051_133,79.39854,13.319455,0.3143,0.1424,0.2011,0.5995,Moderate (Compound Moisture/Vegetation Stress),Q4: Higher Relative Stress,1691
C_078_035,78.518191,13.07691,0.3143,0.3715,0.4265,0.1448,High (Multi-Source Convergence),Q4: Higher Relative Stress,1692
C_040_102,79.120062,13.41827,0.3141,0.3763,0.2879,0.2781,High (Multi-Source Convergence),Q4: Higher Relative Stress,1693
C_066_107,79.164978,13.184708,0.3141,0.2007,0.5991,0.1425,High (Multi-Source Convergence),Q4: Higher Relative Stress,1694
C_040_116,79.245826,13.41827,0.3141,0.192,0.3832,0.367,Moderate (Compound Moisture/Vegetation Stress),Q4: Higher Relative Stress,1695
C_078_065,78.787685,13.07691,0.3141,0.3157,0.6265,0.0,Moderate (Same-Sensor Spectral Agreement),Q4: Higher Relative Stress,1696
C_106_015,78.338528,12.825382,0.3139,0.3898,0.156,0.3959,Moderate (Compound Urban/Water Signal),Q4: Higher Relative Stress,1697
C_055_102,79.120062,13.283523,0.3138,0.2961,0.2828,0.3625,High (Multi-Source Convergence),Q4: Higher Relative Stress,1698
C_064_130,79.37159,13.202674,0.3137,0.4747,0.2177,0.2486,High (Multi-Source Convergence),Q4: Higher Relative Stress,1699
C_112_015,78.338528,12.771483,0.3136,0.1221,0.1496,0.669,Low (Single Evidence Family),Q4: Higher Relative Stress,1700
C_106_030,78.473275,12.825382,0.3136,0.1988,0.4371,0.3049,Moderate (Compound Moisture/Vegetation Stress),Q4: Higher Relative Stress,1701
C_051_044,78.599039,13.319455,0.3136,0.277,0.5357,0.128,High (Multi-Source Convergence),Q4: Higher Relative Stress,1702
C_062_106,79.155994,13.220641,0.3135,0.3479,0.2599,0.3327,High (Multi-Source Convergence),Q4: Higher Relative Stress,1703
C_032_088,78.994298,13.490135,0.3134,0.4235,0.5167,0.0,Moderate (Same-Sensor Spectral Agreement),Q4: Higher Relative Stress,1704
C_042_056,78.706837,13.400304,0.3133,0.3786,0.51,0.0514,High (Multi-Source Convergence),Q4: Higher Relative Stress,1705
C_042_104,79.138028,13.400304,0.3133,0.24,0.3196,0.3802,High (Multi-Source Convergence),Q4: Higher Relative Stress,1706
C_063_136,79.431598,13.211658,0.3132,0.3258,0.4902,0.1235,Moderate (Same-Sensor Spectral Agreement),Q4: Higher Relative Stress,1707
C_031_072,78.850567,13.499119,0.3131,0.2911,0.5544,0.0937,High (Multi-Source Convergence),Q4: Higher Relative Stress,1708
C_051_100,79.102096,13.319455,0.3129,0.4346,0.2791,0.225,High (Multi-Source Convergence),Q4: Higher Relative Stress,1709
C_100_033,78.500224,12.879281,0.3129,0.1225,0.3034,0.5128,Moderate (Compound Moisture/Vegetation Stress),Q4: Higher Relative Stress,1710
C_048_152,79.575328,13.346405,0.3129,0.3368,0.2775,0.3243,High (Multi-Source Convergence),Q4: Higher Relative Stress,1711
C_050_043,78.590056,13.328439,0.3128,0.237,0.6633,0.038,Moderate (Same-Sensor Spectral Agreement),Q4: Higher Relative Stress,1712
C_094_030,78.473275,12.93318,0.3127,0.3604,0.356,0.2217,High (Multi-Source Convergence),Q4: Higher Relative Stress,1713
C_048_139,79.458547,13.346405,0.3125,0.0806,0.12,0.7368,Low (Single Evidence Family),Q4: Higher Relative Stress,1714
C_042_047,78.625988,13.400304,0.3122,0.3318,0.4995,0.1054,High (Multi-Source Convergence),Q4: Higher Relative Stress,1715
C_099_025,78.428359,12.888264,0.3121,0.1824,0.1377,0.6163,Low (Single Evidence Family),Q4: Higher Relative Stress,1716
C_024_086,78.976331,13.562001,0.312,0.0894,0.3799,0.4667,Moderate (Compound Moisture/Vegetation Stress),Q4: Higher Relative Stress,1717
C_076_042,78.581073,13.094877,0.3119,0.26,0.5287,0.147,High (Multi-Source Convergence),Q4: Higher Relative Stress,1718
C_067_106,79.155994,13.175725,0.3119,0.0913,0.7259,0.1185,Low (Single Evidence Family),Q4: Higher Relative Stress,1719
C_076_074,78.868534,13.094877,0.3118,0.2997,0.6354,0.0004,Moderate (Same-Sensor Spectral Agreement),Q4: Higher Relative Stress,1720
C_059_044,78.599039,13.24759,0.3118,0.1217,0.2939,0.5197,Moderate (Compound Moisture/Vegetation Stress),Q4: Higher Relative Stress,1721
C_105_025,78.428359,12.834365,0.3117,0.2784,0.22,0.4369,High (Multi-Source Convergence),Q4: Higher Relative Stress,1722
C_057_096,79.066163,13.265557,0.3115,0.1839,0.3299,0.4208,Moderate (Compound Moisture/Vegetation Stress),Q4: Higher Relative Stress,1723
C_072_105,79.147011,13.130809,0.3114,0.2095,0.4635,0.2613,High (Multi-Source Convergence),Q4: Higher Relative Stress,1724
C_096_019,78.37446,12.915214,0.3113,0.1973,0.247,0.4897,Moderate (Compound Moisture/Vegetation Stress),Q4: Higher Relative Stress,1725
C_110_013,78.320561,12.789449,0.3113,0.4229,0.2044,0.3065,High (Multi-Source Convergence),Q4: Higher Relative Stress,1726
C_062_108,79.173961,13.220641,0.3112,0.2777,0.4447,0.2112,High (Multi-Source Convergence),Q3: Moderate-High Relative Stress,1727
C_057_071,78.841584,13.265557,0.3109,0.343,0.5717,0.018,High (Multi-Source Convergence),Q3: Moderate-High Relative Stress,1728
C_056_045,78.608022,13.27454,0.3109,0.3039,0.396,0.2328,High (Multi-Source Convergence),Q3: Moderate-High Relative Stress,1729
C_061_092,79.03023,13.229624,0.3109,0.2085,0.2037,0.5204,High (Multi-Source Convergence),Q3: Moderate-High Relative Stress,1730
C_038_123,79.308708,13.436236,0.3108,0.2351,0.4005,0.2967,High (Multi-Source Convergence),Q3: Moderate-High Relative Stress,1731
C_060_057,78.71582,13.238607,0.3108,0.2147,0.6094,0.1084,Moderate (Same-Sensor Spectral Agreement),Q3: Moderate-High Relative Stress,1732
C_045_112,79.209893,13.373354,0.3108,0.2345,0.3853,0.3127,High (Multi-Source Convergence),Q3: Moderate-High Relative Stress,1733
C_039_129,79.362607,13.427253,0.3108,0.1628,0.4647,0.305,Moderate (Compound Moisture/Vegetation Stress),Q3: Moderate-High Relative Stress,1734
C_077_107,79.164978,13.085893,0.3106,0.3313,0.2282,0.3723,High (Multi-Source Convergence),Q3: Moderate-High Relative Stress,1735
C_109_011,78.302595,12.798433,0.3106,0.367,0.305,0.2597,High (Multi-Source Convergence),Q3: Moderate-High Relative Stress,1736
C_069_112,79.209893,13.157759,0.3106,0.1391,0.2779,0.5149,Moderate (Compound Moisture/Vegetation Stress),Q3: Moderate-High Relative Stress,1737
C_065_077,78.895483,13.193691,0.3106,0.3589,0.4412,0.1316,High (Multi-Source Convergence),Q3: Moderate-High Relative Stress,1738
C_049_058,78.724803,13.337422,0.3105,0.2698,0.4205,0.2414,High (Multi-Source Convergence),Q3: Moderate-High Relative Stress,1739
C_017_073,78.85955,13.624883,0.3104,0.2517,0.4153,0.2643,High (Multi-Source Convergence),Q3: Moderate-High Relative Stress,1740
C_098_016,78.347511,12.897247,0.3104,0.1679,0.2346,0.5285,Moderate (Compound Moisture/Vegetation Stress),Q3: Moderate-High Relative Stress,1741
C_046_135,79.422614,13.364371,0.3104,0.2691,0.2731,0.389,High (Multi-Source Convergence),Q3: Moderate-High Relative Stress,1742
C_036_055,78.697854,13.454203,0.3103,0.2443,0.5744,0.1123,High (Multi-Source Convergence),Q3: Moderate-High Relative Stress,1743
C_064_043,78.590056,13.202674,0.3103,0.2634,0.5322,0.1352,High (Multi-Source Convergence),Q3: Moderate-High Relative Stress,1744
C_121_013,78.320561,12.690635,0.3103,0.2926,0.1074,0.5308,Moderate (Compound Urban/Water Signal),Q3: Moderate-High Relative Stress,1745
C_105_029,78.464292,12.834365,0.3101,0.3306,0.3462,0.2535,High (Multi-Source Convergence),Q3: Moderate-High Relative Stress,1746
C_096_017,78.356494,12.915214,0.3101,0.3669,0.2673,0.296,High (Multi-Source Convergence),Q3: Moderate-High Relative Stress,1747
C_051_116,79.245826,13.319455,0.3099,0.3017,0.3338,0.2941,High (Multi-Source Convergence),Q3: Moderate-High Relative Stress,1748
C_041_083,78.949382,13.409287,0.3099,0.2557,0.2972,0.3769,High (Multi-Source Convergence),Q3: Moderate-High Relative Stress,1749
C_076_065,78.787685,13.094877,0.3098,0.3102,0.6191,0.0,Moderate (Same-Sensor Spectral Agreement),Q3: Moderate-High Relative Stress,1750
C_042_105,79.147011,13.400304,0.3098,0.3738,0.3223,0.2332,High (Multi-Source Convergence),Q3: Moderate-High Relative Stress,1751
C_038_057,78.71582,13.436236,0.3098,0.2935,0.5695,0.0665,High (Multi-Source Convergence),Q3: Moderate-High Relative Stress,1752
C_022_073,78.85955,13.579967,0.3097,0.0971,0.1974,0.6347,Low (Single Evidence Family),Q3: Moderate-High Relative Stress,1753
C_044_048,78.634972,13.382338,0.3097,0.1768,0.4983,0.2541,Moderate (Compound Moisture/Vegetation Stress),Q3: Moderate-High Relative Stress,1754
C_045_103,79.129045,13.373354,0.3096,0.2484,0.1889,0.4915,Moderate (Compound Urban/Water Signal),Q3: Moderate-High Relative Stress,1755
C_041_136,79.431598,13.409287,0.3096,0.3256,0.4052,0.1981,High (Multi-Source Convergence),Q3: Moderate-High Relative Stress,1756
C_066_114,79.22786,13.184708,0.3096,0.2521,0.5563,0.1205,High (Multi-Source Convergence),Q3: Moderate-High Relative Stress,1757
C_064_116,79.245826,13.202674,0.3095,0.0892,0.4571,0.3822,Moderate (Compound Moisture/Vegetation Stress),Q3: Moderate-High Relative Stress,1758
C_050_150,79.557362,13.328439,0.3095,0.2563,0.369,0.3032,High (Multi-Source Convergence),Q3: Moderate-High Relative Stress,1759
C_024_079,78.913449,13.562001,0.3094,0.0964,0.227,0.6049,Moderate (Compound Moisture/Vegetation Stress),Q3: Moderate-High Relative Stress,1760
C_095_041,78.57209,12.924197,0.3094,0.4125,0.503,0.0128,Moderate (Same-Sensor Spectral Agreement),Q3: Moderate-High Relative Stress,1761
C_044_109,79.182944,13.382338,0.3094,0.3104,0.2603,0.3576,High (Multi-Source Convergence),Q3: Moderate-High Relative Stress,1762
C_045_138,79.449564,13.373354,0.309,0.4147,0.3828,0.1297,High (Multi-Source Convergence),Q3: Moderate-High Relative Stress,1763
C_063_110,79.191927,13.211658,0.309,0.2216,0.2365,0.4689,High (Multi-Source Convergence),Q3: Moderate-High Relative Stress,1764
C_104_023,78.410393,12.843348,0.3089,0.3247,0.2274,0.3746,High (Multi-Source Convergence),Q3: Moderate-High Relative Stress,1765
C_076_066,78.796668,13.094877,0.3089,0.1978,0.7285,0.0003,Low (Single Evidence Family),Q3: Moderate-High Relative Stress,1766
C_038_122,79.299725,13.436236,0.3088,0.1728,0.3044,0.4493,Moderate (Compound Moisture/Vegetation Stress),Q3: Moderate-High Relative Stress,1767
C_056_152,79.575328,13.27454,0.3087,0.2266,0.3816,0.318,High (Multi-Source Convergence),Q3: Moderate-High Relative Stress,1768
C_082_032,78.491241,13.040978,0.3087,0.3044,0.462,0.1598,High (Multi-Source Convergence),Q3: Moderate-High Relative Stress,1769
C_099_021,78.392426,12.888264,0.3086,0.1854,0.1498,0.5904,Low (Single Evidence Family),Q3: Moderate-High Relative Stress,1770
C_076_084,78.958365,13.094877,0.3086,0.2301,0.2974,0.3982,High (Multi-Source Convergence),Q3: Moderate-High Relative Stress,1771
C_086_039,78.554123,13.005045,0.3085,0.3262,0.4038,0.1955,High (Multi-Source Convergence),Q3: Moderate-High Relative Stress,1772
C_089_040,78.563106,12.978096,0.3084,0.3215,0.439,0.1647,High (Multi-Source Convergence),Q3: Moderate-High Relative Stress,1773
C_046_129,79.362607,13.364371,0.3084,0.2322,0.3824,0.3104,High (Multi-Source Convergence),Q3: Moderate-High Relative Stress,1774
C_038_035,78.518191,13.436236,0.3084,0.1355,0.7232,0.0665,Low (Single Evidence Family),Q3: Moderate-High Relative Stress,1775
C_098_040,78.563106,12.897247,0.3083,0.2246,0.3925,0.3078,High (Multi-Source Convergence),Q3: Moderate-High Relative Stress,1776
C_052_053,78.679887,13.310472,0.3082,0.2384,0.5203,0.166,High (Multi-Source Convergence),Q3: Moderate-High Relative Stress,1777
C_093_033,78.500224,12.942163,0.3082,0.3025,0.526,0.096,High (Multi-Source Convergence),Q3: Moderate-High Relative Stress,1778
C_042_100,79.102096,13.400304,0.3082,0.3342,0.4135,0.1768,High (Multi-Source Convergence),Q3: Moderate-High Relative Stress,1779
C_073_128,79.353624,13.121826,0.3082,0.2521,0.3435,0.3289,High (Multi-Source Convergence),Q3: Moderate-High Relative Stress,1780
C_035_067,78.805652,13.463186,0.3081,0.2866,0.4729,0.1647,High (Multi-Source Convergence),Q3: Moderate-High Relative Stress,1781
C_054_045,78.608022,13.292506,0.3081,0.3637,0.51,0.0504,High (Multi-Source Convergence),Q3: Moderate-High Relative Stress,1782
C_052_170,79.737025,13.310472,0.308,0.016,0.0446,0.8633,Low (Single Evidence Family),Q3: Moderate-High Relative Stress,1783
C_100_021,78.392426,12.879281,0.308,0.1981,0.1441,0.5819,Low (Single Evidence Family),Q3: Moderate-High Relative Stress,1784
C_065_075,78.877517,13.193691,0.3079,0.2821,0.4188,0.2227,High (Multi-Source Convergence),Q3: Moderate-High Relative Stress,1785
C_022_084,78.958365,13.579967,0.3078,0.1601,0.2136,0.5497,Moderate (Compound Moisture/Vegetation Stress),Q3: Moderate-High Relative Stress,1786
C_068_077,78.895483,13.166742,0.3077,0.2304,0.2647,0.428,High (Multi-Source Convergence),Q3: Moderate-High Relative Stress,1787
C_094_034,78.509207,12.93318,0.3076,0.3079,0.4958,0.1192,High (Multi-Source Convergence),Q3: Moderate-High Relative Stress,1788
C_047_122,79.299725,13.355388,0.3076,0.3732,0.2922,0.2574,High (Multi-Source Convergence),Q3: Moderate-High Relative Stress,1789
C_082_049,78.643955,13.040978,0.3075,0.317,0.6055,0.0,Moderate (Same-Sensor Spectral Agreement),Q3: Moderate-High Relative Stress,1790
C_023_085,78.967348,13.570984,0.3074,0.1404,0.2334,0.5485,Moderate (Compound Moisture/Vegetation Stress),Q3: Moderate-High Relative Stress,1791
C_052_158,79.629227,13.310472,0.3074,0.2494,0.5374,0.1356,Moderate (Same-Sensor Spectral Agreement),Q3: Moderate-High Relative Stress,1792
C_067_103,79.129045,13.175725,0.3074,0.3202,0.3812,0.2207,High (Multi-Source Convergence),Q3: Moderate-High Relative Stress,1793
C_055_158,79.629227,13.283523,0.3073,0.2716,0.2752,0.3753,High (Multi-Source Convergence),Q3: Moderate-High Relative Stress,1794
C_063_107,79.164978,13.211658,0.3073,0.2528,0.3346,0.3344,High (Multi-Source Convergence),Q3: Moderate-High Relative Stress,1795
C_077_038,78.54514,13.085893,0.307,0.2394,0.6376,0.0439,High (Multi-Source Convergence),Q3: Moderate-High Relative Stress,1796
C_075_043,78.590056,13.10386,0.307,0.2115,0.6779,0.0314,High (Multi-Source Convergence),Q3: Moderate-High Relative Stress,1797
C_075_040,78.563106,13.10386,0.307,0.2526,0.375,0.2934,High (Multi-Source Convergence),Q3: Moderate-High Relative Stress,1798
C_062_100,79.102096,13.220641,0.307,0.3027,0.3571,0.2613,High (Multi-Source Convergence),Q3: Moderate-High Relative Stress,1799
C_028_064,78.778702,13.526068,0.3069,0.2978,0.5071,0.1159,High (Multi-Source Convergence),Q3: Moderate-High Relative Stress,1800
C_047_112,79.209893,13.355388,0.3069,0.2594,0.4277,0.2335,High (Multi-Source Convergence),Q3: Moderate-High Relative Stress,1801
C_086_034,78.509207,13.005045,0.3068,0.2642,0.3398,0.3163,High (Multi-Source Convergence),Q3: Moderate-High Relative Stress,1802
C_125_021,78.392426,12.654702,0.3067,0.4526,0.1595,0.3082,Moderate (Compound Urban/Water Signal),Q3: Moderate-High Relative Stress,1803
C_030_072,78.850567,13.508102,0.3067,0.2095,0.4744,0.2361,High (Multi-Source Convergence),Q3: Moderate-High Relative Stress,1804
C_099_026,78.437342,12.888264,0.3066,0.1235,0.2015,0.5947,Moderate (Compound Moisture/Vegetation Stress),Q3: Moderate-High Relative Stress,1805
C_114_015,78.338528,12.753517,0.3063,0.3386,0.3931,0.1873,High (Multi-Source Convergence),Q3: Moderate-High Relative Stress,1806
C_065_093,79.039214,13.193691,0.3063,0.2381,0.2338,0.447,High (Multi-Source Convergence),Q3: Moderate-High Relative Stress,1807
C_057_090,79.012264,13.265557,0.3061,0.2819,0.3052,0.3311,High (Multi-Source Convergence),Q3: Moderate-High Relative Stress,1808
C_030_043,78.590056,13.508102,0.306,0.2285,0.5495,0.1402,High (Multi-Source Convergence),Q3: Moderate-High Relative Stress,1809
C_119_012,78.311578,12.708601,0.306,0.3973,0.1914,0.3294,Moderate (Compound Urban/Water Signal),Q3: Moderate-High Relative Stress,1810
C_081_050,78.652938,13.049961,0.306,0.2605,0.6557,0.0016,Moderate (Same-Sensor Spectral Agreement),Q3: Moderate-High Relative Stress,1811
C_091_040,78.563106,12.960129,0.3058,0.3959,0.3818,0.1398,High (Multi-Source Convergence),Q3: Moderate-High Relative Stress,1812
C_053_047,78.625988,13.301489,0.3057,0.307,0.5396,0.0704,High (Multi-Source Convergence),Q3: Moderate-High Relative Stress,1813
C_055_098,79.084129,13.283523,0.3056,0.2097,0.2774,0.4297,High (Multi-Source Convergence),Q3: Moderate-High Relative Stress,1814
C_056_052,78.670904,13.27454,0.3056,0.2852,0.509,0.1225,High (Multi-Source Convergence),Q3: Moderate-High Relative Stress,1815
C_096_029,78.464292,12.915214,0.3056,0.2943,0.5641,0.0583,High (Multi-Source Convergence),Q3: Moderate-High Relative Stress,1816
C_069_126,79.335658,13.157759,0.3054,0.2529,0.4775,0.1857,High (Multi-Source Convergence),Q3: Moderate-High Relative Stress,1817
C_058_101,79.111079,13.256573,0.3053,0.2614,0.4073,0.2472,High (Multi-Source Convergence),Q3: Moderate-High Relative Stress,1818
C_030_044,78.599039,13.508102,0.3052,0.2877,0.4293,0.1988,High (Multi-Source Convergence),Q3: Moderate-High Relative Stress,1819
C_052_116,79.245826,13.310472,0.3052,0.1617,0.3622,0.3917,Moderate (Compound Moisture/Vegetation Stress),Q3: Moderate-High Relative Stress,1820
C_043_100,79.102096,13.391321,0.305,0.1196,0.6596,0.1359,Low (Single Evidence Family),Q3: Moderate-High Relative Stress,1821
C_102_017,78.356494,12.861315,0.305,0.0563,0.1262,0.7326,Low (Single Evidence Family),Q3: Moderate-High Relative Stress,1822
C_043_051,78.661921,13.391321,0.3049,0.2562,0.3139,0.3445,High (Multi-Source Convergence),Q3: Moderate-High Relative Stress,1823
C_077_073,78.85955,13.085893,0.3049,0.2843,0.6297,0.0008,Moderate (Same-Sensor Spectral Agreement),Q3: Moderate-High Relative Stress,1824
C_064_110,79.191927,13.202674,0.3049,0.1395,0.291,0.484,Moderate (Compound Moisture/Vegetation Stress),Q3: Moderate-High Relative Stress,1825
C_062_138,79.449564,13.220641,0.3048,0.1896,0.3876,0.3372,Moderate (Compound Moisture/Vegetation Stress),Q3: Moderate-High Relative Stress,1826
C_053_157,79.620244,13.301489,0.3047,0.2678,0.5129,0.1333,High (Multi-Source Convergence),Q3: Moderate-High Relative Stress,1827
C_072_047,78.625988,13.130809,0.3047,0.2866,0.3371,0.2905,High (Multi-Source Convergence),Q3: Moderate-High Relative Stress,1828
C_048_090,79.012264,13.346405,0.3047,0.3059,0.1768,0.4313,Moderate (Compound Urban/Water Signal),Q3: Moderate-High Relative Stress,1829
C_062_093,79.039214,13.220641,0.3043,0.2253,0.2579,0.4297,High (Multi-Source Convergence),Q3: Moderate-High Relative Stress,1830
C_058_079,78.913449,13.256573,0.3043,0.282,0.263,0.3678,High (Multi-Source Convergence),Q3: Moderate-High Relative Stress,1831
C_055_152,79.575328,13.283523,0.3043,0.2242,0.3001,0.3887,High (Multi-Source Convergence),Q3: Moderate-High Relative Stress,1832
C_059_105,79.147011,13.24759,0.3041,0.3834,0.4421,0.0868,High (Multi-Source Convergence),Q3: Moderate-High Relative Stress,1833
C_039_071,78.841584,13.427253,0.304,0.3,0.4268,0.185,High (Multi-Source Convergence),Q3: Moderate-High Relative Stress,1834
C_071_093,79.039214,13.139792,0.304,0.2525,0.247,0.4126,High (Multi-Source Convergence),Q3: Moderate-High Relative Stress,1835
C_039_042,78.581073,13.427253,0.304,0.2376,0.5935,0.0809,High (Multi-Source Convergence),Q3: Moderate-High Relative Stress,1836
C_082_037,78.536157,13.040978,0.3038,0.3768,0.4415,0.093,High (Multi-Source Convergence),Q3: Moderate-High Relative Stress,1837
C_057_169,79.728042,13.265557,0.3038,0.0015,0.0364,0.8734,Low (Single Evidence Family),Q3: Moderate-High Relative Stress,1838
C_047_052,78.670904,13.355388,0.3038,0.3823,0.3954,0.1336,High (Multi-Source Convergence),Q3: Moderate-High Relative Stress,1839
C_117_020,78.383443,12.726567,0.3037,0.4751,0.1469,0.2892,Moderate (Compound Urban/Water Signal),Q3: Moderate-High Relative Stress,1840
C_050_105,79.147011,13.328439,0.3037,0.3225,0.3213,0.2672,High (Multi-Source Convergence),Q3: Moderate-High Relative Stress,1841
C_077_110,79.191927,13.085893,0.3037,0.1421,0.3456,0.4233,Moderate (Compound Moisture/Vegetation Stress),Q3: Moderate-High Relative Stress,1842
C_051_117,79.254809,13.319455,0.3036,0.278,0.4044,0.2283,High (Multi-Source Convergence),Q3: Moderate-High Relative Stress,1843
C_062_047,78.625988,13.220641,0.3036,0.2054,0.3458,0.3596,High (Multi-Source Convergence),Q3: Moderate-High Relative Stress,1844
C_043_134,79.407523,13.391321,0.3035,0.2347,0.2953,0.3805,High (Multi-Source Convergence),Q3: Moderate-High Relative Stress,1845
C_091_042,78.581073,12.960129,0.3035,0.3191,0.3667,0.2246,High (Multi-Source Convergence),Q3: Moderate-High Relative Stress,1846
C_097_021,78.392426,12.90623,0.3035,0.1487,0.2305,0.5313,Moderate (Compound Moisture/Vegetation Stress),Q3: Moderate-High Relative Stress,1847
C_028_074,78.868534,13.526068,0.3033,0.2041,0.4273,0.2787,High (Multi-Source Convergence),Q3: Moderate-High Relative Stress,1848
C_086_046,78.617005,13.005045,0.3032,0.2628,0.6466,0.0,Moderate (Same-Sensor Spectral Agreement),Q3: Moderate-High Relative Stress,1849
C_066_115,79.236843,13.184708,0.3032,0.1699,0.2708,0.4689,Moderate (Compound Moisture/Vegetation Stress),Q3: Moderate-High Relative Stress,1850
C_052_104,79.138028,13.310472,0.3032,0.1951,0.1445,0.5701,Low (Single Evidence Family),Q3: Moderate-High Relative Stress,1851
C_078_046,78.617005,13.07691,0.3031,0.2109,0.4172,0.2813,High (Multi-Source Convergence),Q3: Moderate-High Relative Stress,1852
C_111_038,78.54514,12.780466,0.303,0.3168,0.2268,0.3655,High (Multi-Source Convergence),Q3: Moderate-High Relative Stress,1853
C_040_092,79.03023,13.41827,0.3029,0.1885,0.5725,0.1477,Low (Single Evidence Family),Q3: Moderate-High Relative Stress,1854
C_067_095,79.05718,13.175725,0.3029,0.25,0.3667,0.2921,High (Multi-Source Convergence),Q3: Moderate-High Relative Stress,1855
C_065_042,78.581073,13.193691,0.3028,0.3213,0.4585,0.1287,High (Multi-Source Convergence),Q3: Moderate-High Relative Stress,1856
C_061_063,78.769719,13.229624,0.3028,0.2366,0.4445,0.2273,High (Multi-Source Convergence),Q3: Moderate-High Relative Stress,1857
C_109_013,78.320561,12.798433,0.3026,0.351,0.37,0.1867,High (Multi-Source Convergence),Q3: Moderate-High Relative Stress,1858
C_059_109,79.182944,13.24759,0.3025,0.1225,0.2233,0.5616,Moderate (Compound Moisture/Vegetation Stress),Q3: Moderate-High Relative Stress,1859
C_045_119,79.272775,13.373354,0.3024,0.2255,0.2852,0.3966,High (Multi-Source Convergence),Q3: Moderate-High Relative Stress,1860
C_111_006,78.257679,12.780466,0.3023,0.3171,0.51,0.0799,High (Multi-Source Convergence),Q3: Moderate-High Relative Stress,1861
C_028_081,78.931416,13.526068,0.3022,0.2809,0.3287,0.297,High (Multi-Source Convergence),Q3: Moderate-High Relative Stress,1862
C_040_037,78.536157,13.41827,0.3022,0.2764,0.3567,0.2734,High (Multi-Source Convergence),Q3: Moderate-High Relative Stress,1863
C_037_126,79.335658,13.44522,0.3022,0.2314,0.2354,0.4398,High (Multi-Source Convergence),Q3: Moderate-High Relative Stress,1864
C_094_042,78.581073,12.93318,0.3021,0.2408,0.4215,0.244,High (Multi-Source Convergence),Q3: Moderate-High Relative Stress,1865
C_056_167,79.710075,13.27454,0.302,0.0957,0.0669,0.7434,Low (Single Evidence Family),Q3: Moderate-High Relative Stress,1866
C_035_075,78.877517,13.463186,0.302,0.2259,0.5429,0.1372,High (Multi-Source Convergence),Q3: Moderate-High Relative Stress,1867
C_101_020,78.383443,12.870298,0.302,0.3112,0.1311,0.4637,Moderate (Compound Urban/Water Signal),Q3: Moderate-High Relative Stress,1868
C_077_106,79.155994,13.085893,0.302,0.2325,0.5384,0.1352,High (Multi-Source Convergence),Q3: Moderate-High Relative Stress,1869
C_069_108,79.173961,13.157759,0.3019,0.1781,0.3663,0.3612,Moderate (Compound Moisture/Vegetation Stress),Q3: Moderate-High Relative Stress,1870
C_066_089,79.003281,13.184708,0.3019,0.2101,0.269,0.4267,High (Multi-Source Convergence),Q3: Moderate-High Relative Stress,1871
C_039_088,78.994298,13.427253,0.3019,0.2371,0.425,0.2436,High (Multi-Source Convergence),Q3: Moderate-High Relative Stress,1872
C_076_077,78.895483,13.094877,0.3019,0.3133,0.4434,0.1491,High (Multi-Source Convergence),Q3: Moderate-High Relative Stress,1873
C_076_036,78.527174,13.094877,0.3018,0.2755,0.5503,0.0797,High (Multi-Source Convergence),Q3: Moderate-High Relative Stress,1874
C_055_035,78.518191,13.283523,0.3017,0.2715,0.5725,0.061,High (Multi-Source Convergence),Q3: Moderate-High Relative Stress,1875
C_023_067,78.805652,13.570984,0.3016,0.161,0.1554,0.5885,Low (Single Evidence Family),Q3: Moderate-High Relative Stress,1876
C_122_033,78.500224,12.681652,0.3016,0.3349,0.49,0.0798,High (Multi-Source Convergence),Q3: Moderate-High Relative Stress,1877
C_042_053,78.679887,13.400304,0.3016,0.327,0.4303,0.1474,High (Multi-Source Convergence),Q3: Moderate-High Relative Stress,1878
C_050_118,79.263792,13.328439,0.3016,0.2375,0.4423,0.225,High (Multi-Source Convergence),Q3: Moderate-High Relative Stress,1879
C_105_012,78.311578,12.834365,0.3016,0.3391,0.3266,0.2391,High (Multi-Source Convergence),Q3: Moderate-High Relative Stress,1880
C_072_068,78.814635,13.130809,0.3014,0.246,0.6536,0.0046,Moderate (Same-Sensor Spectral Agreement),Q3: Moderate-High Relative Stress,1881
C_060_042,78.581073,13.238607,0.3013,0.1921,0.511,0.2007,Moderate (Compound Moisture/Vegetation Stress),Q3: Moderate-High Relative Stress,1882
C_075_112,79.209893,13.10386,0.3012,0.1382,0.4293,0.336,Moderate (Compound Moisture/Vegetation Stress),Q3: Moderate-High Relative Stress,1883
C_028_060,78.742769,13.526068,0.3012,0.4153,0.4873,0.001,Moderate (Same-Sensor Spectral Agreement),Q3: Moderate-High Relative Stress,1884
C_065_087,78.985315,13.193691,0.3011,0.3672,0.2089,0.3272,High (Multi-Source Convergence),Q3: Moderate-High Relative Stress,1885
C_085_042,78.581073,13.014028,0.301,0.3337,0.5693,0.0,Moderate (Same-Sensor Spectral Agreement),Q3: Moderate-High Relative Stress,1886
C_027_065,78.787685,13.535051,0.3009,0.2406,0.5151,0.147,High (Multi-Source Convergence),Q3: Moderate-High Relative Stress,1887
C_034_048,78.634972,13.472169,0.3009,0.2545,0.3795,0.2689,High (Multi-Source Convergence),Q3: Moderate-High Relative Stress,1888
C_040_129,79.362607,13.41827,0.3009,0.1905,0.2255,0.4868,Moderate (Compound Moisture/Vegetation Stress),Q3: Moderate-High Relative Stress,1889
C_102_023,78.410393,12.861315,0.3008,0.2582,0.2719,0.3723,High (Multi-Source Convergence),Q3: Moderate-High Relative Stress,1890
C_068_046,78.617005,13.166742,0.3007,0.262,0.5071,0.133,High (Multi-Source Convergence),Q3: Moderate-High Relative Stress,1891
C_067_107,79.164978,13.175725,0.3006,0.2012,0.6296,0.0711,High (Multi-Source Convergence),Q3: Moderate-High Relative Stress,1892
C_092_028,78.455309,12.951146,0.3006,0.2851,0.5182,0.0986,High (Multi-Source Convergence),Q3: Moderate-High Relative Stress,1893
C_077_047,78.625988,13.085893,0.3006,0.2272,0.3118,0.3628,High (Multi-Source Convergence),Q3: Moderate-High Relative Stress,1894
C_042_038,78.54514,13.400304,0.3005,0.2828,0.474,0.1447,High (Multi-Source Convergence),Q3: Moderate-High Relative Stress,1895
C_075_051,78.661921,13.10386,0.3004,0.2361,0.3809,0.2843,High (Multi-Source Convergence),Q3: Moderate-High Relative Stress,1896
C_028_065,78.787685,13.526068,0.3003,0.3092,0.3991,0.1926,High (Multi-Source Convergence),Q3: Moderate-High Relative Stress,1897
C_117_022,78.40141,12.726567,0.3003,0.2926,0.1583,0.45,Moderate (Compound Urban/Water Signal),Q3: Moderate-High Relative Stress,1898
C_070_053,78.679887,13.148776,0.3001,0.1224,0.3739,0.4041,Moderate (Compound Moisture/Vegetation Stress),Q3: Moderate-High Relative Stress,1899
C_040_045,78.608022,13.41827,0.3,0.3438,0.3982,0.1578,High (Multi-Source Convergence),Q3: Moderate-High Relative Stress,1900
C_074_058,78.724803,13.112843,0.2999,0.245,0.6549,0.0,Moderate (Same-Sensor Spectral Agreement),Q3: Moderate-High Relative Stress,1901
C_036_059,78.733786,13.454203,0.2999,0.2457,0.531,0.1231,High (Multi-Source Convergence),Q3: Moderate-High Relative Stress,1902
C_058_115,79.236843,13.256573,0.2998,0.2627,0.377,0.2597,High (Multi-Source Convergence),Q3: Moderate-High Relative Stress,1903
C_067_089,79.003281,13.175725,0.2998,0.1826,0.3153,0.4015,Moderate (Compound Moisture/Vegetation Stress),Q3: Moderate-High Relative Stress,1904
C_111_009,78.284629,12.780466,0.2998,0.3588,0.3048,0.2358,High (Multi-Source Convergence),Q3: Moderate-High Relative Stress,1905
C_058_096,79.066163,13.256573,0.2996,0.2377,0.3931,0.2679,High (Multi-Source Convergence),Q3: Moderate-High Relative Stress,1906
C_101_022,78.40141,12.870298,0.2996,0.2998,0.1889,0.41,Moderate (Compound Urban/Water Signal),Q3: Moderate-High Relative Stress,1907
C_069_048,78.634972,13.157759,0.2996,0.3465,0.2982,0.2541,High (Multi-Source Convergence),Q3: Moderate-High Relative Stress,1908
C_044_083,78.949382,13.382338,0.2995,0.321,0.5775,0.0,Moderate (Same-Sensor Spectral Agreement),Q3: Moderate-High Relative Stress,1909
C_053_101,79.111079,13.301489,0.2994,0.2549,0.3982,0.245,High (Multi-Source Convergence),Q3: Moderate-High Relative Stress,1910
C_072_037,78.536157,13.130809,0.2994,0.3965,0.249,0.2525,High (Multi-Source Convergence),Q3: Moderate-High Relative Stress,1911
C_037_039,78.554123,13.44522,0.2991,0.3317,0.3865,0.1791,High (Multi-Source Convergence),Q3: Moderate-High Relative Stress,1912
C_093_038,78.54514,12.942163,0.2991,0.2965,0.4631,0.1379,High (Multi-Source Convergence),Q3: Moderate-High Relative Stress,1913
C_070_064,78.778702,13.148776,0.299,0.2677,0.5287,0.1005,High (Multi-Source Convergence),Q3: Moderate-High Relative Stress,1914
C_054_056,78.706837,13.292506,0.2988,0.2911,0.5168,0.0884,High (Multi-Source Convergence),Q3: Moderate-High Relative Stress,1915
C_042_136,79.431598,13.400304,0.2988,0.2373,0.2815,0.3776,High (Multi-Source Convergence),Q3: Moderate-High Relative Stress,1916
C_093_037,78.536157,12.942163,0.2987,0.3,0.5118,0.0842,High (Multi-Source Convergence),Q3: Moderate-High Relative Stress,1917
C_032_063,78.769719,13.490135,0.2985,0.2666,0.4787,0.1503,High (Multi-Source Convergence),Q3: Moderate-High Relative Stress,1918
C_068_109,79.182944,13.166742,0.2985,0.1806,0.3233,0.3917,Moderate (Compound Moisture/Vegetation Stress),Q3: Moderate-High Relative Stress,1919
C_043_139,79.458547,13.391321,0.2985,0.2479,0.334,0.3137,High (Multi-Source Convergence),Q3: Moderate-High Relative Stress,1920
C_073_062,78.760736,13.121826,0.2985,0.22,0.5324,0.1431,Moderate (Same-Sensor Spectral Agreement),Q3: Moderate-High Relative Stress,1921
C_052_032,78.491241,13.310472,0.2983,0.276,0.5705,0.0485,High (Multi-Source Convergence),Q3: Moderate-High Relative Stress,1922
C_051_050,78.652938,13.319455,0.2982,0.2728,0.5598,0.0619,High (Multi-Source Convergence),Q3: Moderate-High Relative Stress,1923
C_065_055,78.697854,13.193691,0.298,0.384,0.4361,0.074,High (Multi-Source Convergence),Q3: Moderate-High Relative Stress,1924
C_061_118,79.263792,13.229624,0.298,0.2518,0.4382,0.204,High (Multi-Source Convergence),Q3: Moderate-High Relative Stress,1925
C_085_046,78.617005,13.014028,0.298,0.2576,0.6345,0.002,Moderate (Same-Sensor Spectral Agreement),Q3: Moderate-High Relative Stress,1926
C_045_109,79.182944,13.373354,0.2979,0.2809,0.3626,0.2502,High (Multi-Source Convergence),Q3: Moderate-High Relative Stress,1927
C_062_113,79.218877,13.220641,0.2979,0.1935,0.2698,0.4303,Moderate (Compound Moisture/Vegetation Stress),Q3: Moderate-High Relative Stress,1928
C_053_120,79.281759,13.301489,0.2977,0.2835,0.4184,0.1912,High (Multi-Source Convergence),Q3: Moderate-High Relative Stress,1929
C_115_008,78.275646,12.744534,0.2977,0.339,0.455,0.0992,High (Multi-Source Convergence),Q3: Moderate-High Relative Stress,1930
C_058_090,79.012264,13.256573,0.2977,0.379,0.1941,0.3199,Moderate (Compound Urban/Water Signal),Q3: Moderate-High Relative Stress,1931
C_053_106,79.155994,13.301489,0.2977,0.2703,0.355,0.2679,High (Multi-Source Convergence),Q3: Moderate-High Relative Stress,1932
C_114_009,78.284629,12.753517,0.2977,0.2595,0.2461,0.3874,High (Multi-Source Convergence),Q3: Moderate-High Relative Stress,1933
C_055_151,79.566345,13.283523,0.2976,0.2015,0.3264,0.3648,High (Multi-Source Convergence),Q3: Moderate-High Relative Stress,1934
C_104_030,78.473275,12.843348,0.2975,0.277,0.2649,0.3507,High (Multi-Source Convergence),Q3: Moderate-High Relative Stress,1935
C_046_105,79.147011,13.364371,0.2975,0.2979,0.4742,0.1205,High (Multi-Source Convergence),Q3: Moderate-High Relative Stress,1936
C_057_044,78.599039,13.265557,0.2973,0.2325,0.46,0.1994,High (Multi-Source Convergence),Q3: Moderate-High Relative Stress,1937
C_052_101,79.111079,13.310472,0.2973,0.3267,0.3042,0.261,High (Multi-Source Convergence),Q3: Moderate-High Relative Stress,1938
C_044_128,79.353624,13.382338,0.2972,0.0625,0.1468,0.6822,Low (Single Evidence Family),Q3: Moderate-High Relative Stress,1939
C_014_092,79.03023,13.651832,0.2971,0.1402,0.6102,0.1408,Low (Single Evidence Family),Q3: Moderate-High Relative Stress,1940
C_062_118,79.263792,13.220641,0.2971,0.2599,0.3919,0.2397,High (Multi-Source Convergence),Q3: Moderate-High Relative Stress,1941
C_049_097,79.075146,13.337422,0.2971,0.266,0.2214,0.4038,High (Multi-Source Convergence),Q3: Moderate-High Relative Stress,1942
C_065_089,79.003281,13.193691,0.2971,0.1345,0.2151,0.5416,Moderate (Compound Moisture/Vegetation Stress),Q3: Moderate-High Relative Stress,1943
C_064_080,78.922433,13.202674,0.297,0.2954,0.3231,0.2725,High (Multi-Source Convergence),Q3: Moderate-High Relative Stress,1944
C_046_103,79.129045,13.364371,0.297,0.2075,0.2443,0.4391,High (Multi-Source Convergence),Q3: Moderate-High Relative Stress,1945
C_059_056,78.706837,13.24759,0.2969,0.2299,0.5435,0.1172,High (Multi-Source Convergence),Q3: Moderate-High Relative Stress,1946
C_047_048,78.634972,13.355388,0.2969,0.3448,0.4851,0.0609,High (Multi-Source Convergence),Q3: Moderate-High Relative Stress,1947
C_053_057,78.71582,13.301489,0.2968,0.2851,0.4155,0.1899,High (Multi-Source Convergence),Q3: Moderate-High Relative Stress,1948
C_108_014,78.329544,12.807416,0.2968,0.3867,0.2731,0.2305,High (Multi-Source Convergence),Q3: Moderate-High Relative Stress,1949
C_123_018,78.365477,12.672668,0.2966,0.3524,0.1091,0.4283,Moderate (Compound Urban/Water Signal),Q3: Moderate-High Relative Stress,1950
C_112_008,78.275646,12.771483,0.2966,0.3156,0.5108,0.0635,High (Multi-Source Convergence),Q3: Moderate-High Relative Stress,1951
C_107_029,78.464292,12.816399,0.2966,0.2114,0.4069,0.2715,High (Multi-Source Convergence),Q3: Moderate-High Relative Stress,1952
C_059_174,79.772957,13.24759,0.2965,0.0741,0.148,0.6674,Low (Single Evidence Family),Q3: Moderate-High Relative Stress,1953
C_023_099,79.093112,13.570984,0.2965,0.2483,0.2466,0.3946,High (Multi-Source Convergence),Q3: Moderate-High Relative Stress,1954
C_074_039,78.554123,13.112843,0.2965,0.3221,0.2772,0.2901,High (Multi-Source Convergence),Q3: Moderate-High Relative Stress,1955
C_010_090,79.012264,13.687765,0.2964,0.104,0.5232,0.262,Moderate (Compound Moisture/Vegetation Stress),Q3: Moderate-High Relative Stress,1956
C_048_060,78.742769,13.346405,0.2964,0.2177,0.426,0.2456,High (Multi-Source Convergence),Q3: Moderate-High Relative Stress,1957
C_056_127,79.344641,13.27454,0.2964,0.2498,0.4258,0.2135,High (Multi-Source Convergence),Q3: Moderate-High Relative Stress,1958
C_039_139,79.458547,13.427253,0.2963,0.1387,0.2321,0.5181,Moderate (Compound Moisture/Vegetation Stress),Q3: Moderate-High Relative Stress,1959
C_127_022,78.40141,12.636736,0.2962,0.286,0.2186,0.3841,High (Multi-Source Convergence),Q3: Moderate-High Relative Stress,1960
C_057_086,78.976331,13.265557,0.296,0.3164,0.2575,0.3141,High (Multi-Source Convergence),Q3: Moderate-High Relative Stress,1961
C_055_045,78.608022,13.283523,0.296,0.3026,0.4929,0.0923,Moderate (Same-Sensor Spectral Agreement),Q3: Moderate-High Relative Stress,1962
C_075_060,78.742769,13.10386,0.2959,0.2598,0.5108,0.1172,High (Multi-Source Convergence),Q3: Moderate-High Relative Stress,1963
C_106_031,78.482258,12.825382,0.2959,0.1821,0.4377,0.2679,Moderate (Compound Moisture/Vegetation Stress),Q3: Moderate-High Relative Stress,1964
C_059_047,78.625988,13.24759,0.2959,0.2188,0.4754,0.1935,High (Multi-Source Convergence),Q3: Moderate-High Relative Stress,1965
C_046_136,79.431598,13.364371,0.2958,0.3111,0.233,0.3432,High (Multi-Source Convergence),Q3: Moderate-High Relative Stress,1966
C_117_021,78.392426,12.726567,0.2958,0.2212,0.1309,0.5354,Moderate (Compound Urban/Water Signal),Q3: Moderate-High Relative Stress,1967
C_056_149,79.548379,13.27454,0.2957,0.1457,0.0854,0.6559,Low (Single Evidence Family),Q3: Moderate-High Relative Stress,1968
C_067_046,78.617005,13.175725,0.2957,0.3398,0.4524,0.095,High (Multi-Source Convergence),Q3: Moderate-High Relative Stress,1969
C_057_105,79.147011,13.265557,0.2956,0.2557,0.5322,0.0989,Moderate (Same-Sensor Spectral Agreement),Q3: Moderate-High Relative Stress,1970
C_104_020,78.383443,12.843348,0.2955,0.3504,0.1774,0.3586,Moderate (Compound Urban/Water Signal),Q3: Moderate-High Relative Stress,1971
C_061_043,78.590056,13.229624,0.2955,0.1706,0.4771,0.2387,Moderate (Compound Moisture/Vegetation Stress),Q3: Moderate-High Relative Stress,1972
C_026_072,78.850567,13.544034,0.2954,0.3471,0.539,0.0,Moderate (Same-Sensor Spectral Agreement),Q3: Moderate-High Relative Stress,1973
C_066_112,79.209893,13.184708,0.2953,0.1189,0.242,0.5249,Moderate (Compound Moisture/Vegetation Stress),Q3: Moderate-High Relative Stress,1974
C_037_058,78.724803,13.44522,0.2952,0.1859,0.6016,0.0982,Low (Single Evidence Family),Q3: Moderate-High Relative Stress,1975
C_084_039,78.554123,13.023011,0.2952,0.3148,0.4338,0.1369,Moderate (Same-Sensor Spectral Agreement),Q3: Moderate-High Relative Stress,1976
C_034_062,78.760736,13.472169,0.2952,0.2974,0.4277,0.1605,High (Multi-Source Convergence),Q3: Moderate-High Relative Stress,1977
C_072_036,78.527174,13.130809,0.2952,0.2134,0.4215,0.2508,High (Multi-Source Convergence),Q3: Moderate-High Relative Stress,1978
C_079_053,78.679887,13.067927,0.2951,0.2984,0.3342,0.2528,High (Multi-Source Convergence),Q3: Moderate-High Relative Stress,1979
C_120_038,78.54514,12.699618,0.2951,0.2406,0.6445,0.0003,Moderate (Same-Sensor Spectral Agreement),Q3: Moderate-High Relative Stress,1980
C_086_038,78.54514,13.005045,0.2951,0.2191,0.2982,0.3681,High (Multi-Source Convergence),Q3: Moderate-High Relative Stress,1981
C_060_107,79.164978,13.238607,0.295,0.069,0.1587,0.6572,Low (Single Evidence Family),Q3: Moderate-High Relative Stress,1982
C_078_040,78.563106,13.07691,0.295,0.2603,0.4242,0.2004,High (Multi-Source Convergence),Q3: Moderate-High Relative Stress,1983
C_122_020,78.383443,12.681652,0.2949,0.4318,0.1389,0.3141,Moderate (Compound Urban/Water Signal),Q3: Moderate-High Relative Stress,1984
C_037_060,78.742769,13.44522,0.2949,0.3582,0.5267,0.0,High (Multi-Source Convergence),Q3: Moderate-High Relative Stress,1985
C_096_046,78.617005,12.915214,0.2948,0.2333,0.6489,0.0023,Moderate (Same-Sensor Spectral Agreement),Q3: Moderate-High Relative Stress,1986
C_049_110,79.191927,13.337422,0.2948,0.2411,0.3394,0.3039,High (Multi-Source Convergence),Q3: Moderate-High Relative Stress,1987
C_036_070,78.832601,13.454203,0.2948,0.2957,0.4865,0.1022,High (Multi-Source Convergence),Q3: Moderate-High Relative Stress,1988
C_067_044,78.599039,13.175725,0.2947,0.3504,0.4071,0.1267,High (Multi-Source Convergence),Q3: Moderate-High Relative Stress,1989
C_027_072,78.850567,13.535051,0.2946,0.2631,0.6207,0.0,Moderate (Same-Sensor Spectral Agreement),Q3: Moderate-High Relative Stress,1990
C_075_038,78.54514,13.10386,0.2945,0.3069,0.318,0.2587,High (Multi-Source Convergence),Q3: Moderate-High Relative Stress,1991
C_028_098,79.084129,13.526068,0.2943,0.2761,0.1745,0.4323,Moderate (Compound Urban/Water Signal),Q3: Moderate-High Relative Stress,1992
C_033_067,78.805652,13.481152,0.2943,0.3147,0.4585,0.1097,High (Multi-Source Convergence),Q3: Moderate-High Relative Stress,1993
C_089_027,78.446325,12.978096,0.2942,0.3175,0.3626,0.2025,High (Multi-Source Convergence),Q3: Moderate-High Relative Stress,1994
C_056_128,79.353624,13.27454,0.2942,0.1181,0.3548,0.4097,Moderate (Compound Moisture/Vegetation Stress),Q3: Moderate-High Relative Stress,1995
C_048_084,78.958365,13.346405,0.2942,0.3073,0.5468,0.0285,Moderate (Same-Sensor Spectral Agreement),Q3: Moderate-High Relative Stress,1996
C_117_010,78.293612,12.726567,0.2942,0.3238,0.2875,0.2712,High (Multi-Source Convergence),Q3: Moderate-High Relative Stress,1997
C_065_050,78.652938,13.193691,0.2942,0.2531,0.4493,0.1801,High (Multi-Source Convergence),Q3: Moderate-High Relative Stress,1998
C_057_059,78.733786,13.265557,0.2939,0.2083,0.4991,0.1742,High (Multi-Source Convergence),Q3: Moderate-High Relative Stress,1999
C_064_066,78.796668,13.202674,0.2938,0.2833,0.5942,0.0039,Moderate (Same-Sensor Spectral Agreement),Q3: Moderate-High Relative Stress,2000
C_067_096,79.066163,13.175725,0.2937,0.2092,0.4194,0.2525,High (Multi-Source Convergence),Q3: Moderate-High Relative Stress,2001
C_047_130,79.37159,13.355388,0.2936,0.1881,0.254,0.4388,Moderate (Compound Moisture/Vegetation Stress),Q3: Moderate-High Relative Stress,2002
C_103_021,78.392426,12.852332,0.2936,0.4332,0.1803,0.2672,Moderate (Compound Urban/Water Signal),Q3: Moderate-High Relative Stress,2003
C_069_062,78.760736,13.157759,0.2935,0.2761,0.3052,0.2993,High (Multi-Source Convergence),Q3: Moderate-High Relative Stress,2004
C_050_117,79.254809,13.328439,0.2934,0.2164,0.3029,0.3609,High (Multi-Source Convergence),Q3: Moderate-High Relative Stress,2005
C_048_061,78.751753,13.346405,0.2933,0.2614,0.5166,0.1018,High (Multi-Source Convergence),Q3: Moderate-High Relative Stress,2006
C_076_086,78.976331,13.094877,0.2932,0.2765,0.1912,0.412,Moderate (Compound Urban/Water Signal),Q3: Moderate-High Relative Stress,2007
C_101_018,78.365477,12.870298,0.2932,0.0826,0.1434,0.6536,Low (Single Evidence Family),Q3: Moderate-High Relative Stress,2008
C_063_100,79.102096,13.211658,0.2931,0.3009,0.4853,0.093,High (Multi-Source Convergence),Q3: Moderate-High Relative Stress,2009
C_054_042,78.581073,13.292506,0.293,0.3205,0.4739,0.0844,High (Multi-Source Convergence),Q3: Moderate-High Relative Stress,2010
C_109_012,78.311578,12.798433,0.2929,0.3022,0.3972,0.1791,High (Multi-Source Convergence),Q3: Moderate-High Relative Stress,2011
C_024_065,78.787685,13.562001,0.2928,0.1287,0.3639,0.3858,Moderate (Compound Moisture/Vegetation Stress),Q3: Moderate-High Relative Stress,2012
C_068_093,79.039214,13.166742,0.2928,0.2247,0.3618,0.2918,High (Multi-Source Convergence),Q3: Moderate-High Relative Stress,2013
C_108_040,78.563106,12.807416,0.2928,0.1916,0.2665,0.4202,Moderate (Compound Moisture/Vegetation Stress),Q3: Moderate-High Relative Stress,2014
C_049_094,79.048197,13.337422,0.2928,0.2177,0.3665,0.2941,High (Multi-Source Convergence),Q3: Moderate-High Relative Stress,2015
C_062_107,79.164978,13.220641,0.2927,0.2298,0.4079,0.2404,High (Multi-Source Convergence),Q3: Moderate-High Relative Stress,2016
C_055_150,79.557362,13.283523,0.2925,0.2161,0.5118,0.1497,High (Multi-Source Convergence),Q3: Moderate-High Relative Stress,2017
C_056_118,79.263792,13.27454,0.2925,0.1776,0.2542,0.4457,Moderate (Compound Moisture/Vegetation Stress),Q3: Moderate-High Relative Stress,2018
C_104_034,78.509207,12.843348,0.2925,0.0547,0.4011,0.4218,Moderate (Compound Moisture/Vegetation Stress),Q3: Moderate-High Relative Stress,2019
C_121_022,78.40141,12.690635,0.2924,0.3746,0.1609,0.3416,Moderate (Compound Urban/Water Signal),Q3: Moderate-High Relative Stress,2020
C_057_115,79.236843,13.265557,0.2924,0.2122,0.5232,0.1418,High (Multi-Source Convergence),Q3: Moderate-High Relative Stress,2021
C_059_112,79.209893,13.24759,0.2924,0.2773,0.503,0.0969,High (Multi-Source Convergence),Q3: Moderate-High Relative Stress,2022
C_069_038,78.54514,13.157759,0.2924,0.2984,0.3025,0.2762,High (Multi-Source Convergence),Q3: Moderate-High Relative Stress,2023
C_046_152,79.575328,13.364371,0.2923,0.2753,0.146,0.4554,Moderate (Compound Urban/Water Signal),Q3: Moderate-High Relative Stress,2024
C_061_116,79.245826,13.229624,0.2923,0.3163,0.403,0.1575,High (Multi-Source Convergence),Q3: Moderate-High Relative Stress,2025
C_050_126,79.335658,13.328439,0.2922,0.084,0.3217,0.4709,Moderate (Compound Moisture/Vegetation Stress),Q3: Moderate-High Relative Stress,2026
C_097_035,78.518191,12.90623,0.2921,0.2908,0.4036,0.1818,High (Multi-Source Convergence),Q3: Moderate-High Relative Stress,2027
C_037_041,78.57209,13.44522,0.292,0.2719,0.5092,0.095,High (Multi-Source Convergence),Q3: Moderate-High Relative Stress,2028
C_099_031,78.482258,12.888264,0.2919,0.2749,0.2754,0.3255,High (Multi-Source Convergence),Q3: Moderate-High Relative Stress,2029
C_050_047,78.625988,13.328439,0.2919,0.2423,0.405,0.2283,High (Multi-Source Convergence),Q3: Moderate-High Relative Stress,2030
C_069_058,78.724803,13.157759,0.2917,0.2274,0.49,0.1575,High (Multi-Source Convergence),Q3: Moderate-High Relative Stress,2031
C_034_078,78.904466,13.472169,0.2917,0.12,0.4408,0.3144,Moderate (Compound Moisture/Vegetation Stress),Q3: Moderate-High Relative Stress,2032
C_127_021,78.392426,12.636736,0.2916,0.3841,0.1758,0.315,Moderate (Compound Urban/Water Signal),Q3: Moderate-High Relative Stress,2033
C_072_063,78.769719,13.130809,0.2916,0.2321,0.502,0.1408,Moderate (Same-Sensor Spectral Agreement),Q3: Moderate-High Relative Stress,2034
C_050_095,79.05718,13.328439,0.2916,0.2806,0.2293,0.3648,High (Multi-Source Convergence),Q3: Moderate-High Relative Stress,2035
C_080_108,79.173961,13.058944,0.2915,0.1418,0.609,0.1235,Low (Single Evidence Family),Q3: Moderate-High Relative Stress,2036
C_113_021,78.392426,12.7625,0.2914,0.297,0.1607,0.4166,Moderate (Compound Urban/Water Signal),Q3: Moderate-High Relative Stress,2037
C_076_035,78.518191,13.094877,0.2914,0.3189,0.4644,0.091,High (Multi-Source Convergence),Q3: Moderate-High Relative Stress,2038
C_074_057,78.71582,13.112843,0.2912,0.2695,0.6026,0.0016,Moderate (Same-Sensor Spectral Agreement),Q3: Moderate-High Relative Stress,2039
C_031_063,78.769719,13.499119,0.291,0.2152,0.5448,0.113,Moderate (Same-Sensor Spectral Agreement),Q3: Moderate-High Relative Stress,2040
C_061_175,79.781941,13.229624,0.2908,0.1464,0.1986,0.5275,Low (Single Evidence Family),Q3: Moderate-High Relative Stress,2041
C_036_068,78.814635,13.454203,0.2907,0.1797,0.5853,0.1071,Low (Single Evidence Family),Q3: Moderate-High Relative Stress,2042
C_044_112,79.209893,13.382338,0.2907,0.1552,0.2095,0.5073,Moderate (Compound Moisture/Vegetation Stress),Q3: Moderate-High Relative Stress,2043
C_062_049,78.643955,13.220641,0.2907,0.335,0.3838,0.1533,High (Multi-Source Convergence),Q3: Moderate-High Relative Stress,2044
C_037_128,79.353624,13.44522,0.2906,0.3185,0.4036,0.1497,High (Multi-Source Convergence),Q3: Moderate-High Relative Stress,2045
C_059_107,79.164978,13.24759,0.2905,0.2752,0.3723,0.224,High (Multi-Source Convergence),Q3: Moderate-High Relative Stress,2046
C_065_117,79.254809,13.193691,0.2905,0.2139,0.3126,0.3448,High (Multi-Source Convergence),Q3: Moderate-High Relative Stress,2047
C_037_119,79.272775,13.44522,0.2904,0.1714,0.3155,0.3845,Moderate (Compound Moisture/Vegetation Stress),Q3: Moderate-High Relative Stress,2048
C_033_074,78.868534,13.481152,0.2903,0.1742,0.4544,0.2423,Moderate (Compound Moisture/Vegetation Stress),Q3: Moderate-High Relative Stress,2049
C_090_033,78.500224,12.969113,0.2903,0.2541,0.4952,0.1218,High (Multi-Source Convergence),Q3: Moderate-High Relative Stress,2050
C_061_106,79.155994,13.229624,0.2902,0.3609,0.4106,0.0992,High (Multi-Source Convergence),Q3: Moderate-High Relative Stress,2051
C_043_056,78.706837,13.391321,0.2902,0.3176,0.5174,0.0357,High (Multi-Source Convergence),Q3: Moderate-High Relative Stress,2052
C_085_031,78.482258,13.014028,0.29,0.31,0.2743,0.2856,High (Multi-Source Convergence),Q3: Moderate-High Relative Stress,2053
C_095_027,78.446325,12.924197,0.29,0.2838,0.331,0.2551,High (Multi-Source Convergence),Q3: Moderate-High Relative Stress,2054
C_060_170,79.737025,13.238607,0.29,0.112,0.1516,0.6063,Low (Single Evidence Family),Q3: Moderate-High Relative Stress,2055
C_032_051,78.661921,13.490135,0.2898,0.2085,0.6545,0.0065,Moderate (Same-Sensor Spectral Agreement),Q3: Moderate-High Relative Stress,2056
C_053_156,79.611261,13.301489,0.2897,0.3262,0.2793,0.2636,High (Multi-Source Convergence),Q3: Moderate-High Relative Stress,2057
C_061_125,79.326674,13.229624,0.2897,0.243,0.2826,0.3435,High (Multi-Source Convergence),Q3: Moderate-High Relative Stress,2058
C_051_062,78.760736,13.319455,0.2897,0.321,0.3437,0.2043,High (Multi-Source Convergence),Q3: Moderate-High Relative Stress,2059
C_100_030,78.473275,12.879281,0.2896,0.1213,0.2647,0.4827,Moderate (Compound Moisture/Vegetation Stress),Q3: Moderate-High Relative Stress,2060
C_031_084,78.958365,13.499119,0.2896,0.2175,0.5608,0.0904,High (Multi-Source Convergence),Q3: Moderate-High Relative Stress,2061
C_066_103,79.129045,13.184708,0.2896,0.2425,0.3809,0.2453,High (Multi-Source Convergence),Q3: Moderate-High Relative Stress,2062
C_039_041,78.57209,13.427253,0.2895,0.2181,0.4554,0.1948,High (Multi-Source Convergence),Q3: Moderate-High Relative Stress,2063
C_101_025,78.428359,12.870298,0.2895,0.2247,0.2478,0.3959,High (Multi-Source Convergence),Q3: Moderate-High Relative Stress,2064
C_114_007,78.266662,12.753517,0.2894,0.3755,0.4419,0.0508,High (Multi-Source Convergence),Q3: Moderate-High Relative Stress,2065
C_042_087,78.985315,13.400304,0.2894,0.3392,0.3404,0.1886,High (Multi-Source Convergence),Q3: Moderate-High Relative Stress,2066
C_072_074,78.868534,13.130809,0.2894,0.2587,0.5382,0.0714,High (Multi-Source Convergence),Q3: Moderate-High Relative Stress,2067
C_025_062,78.760736,13.553017,0.2893,0.2103,0.3484,0.3091,High (Multi-Source Convergence),Q3: Moderate-High Relative Stress,2068
C_044_050,78.652938,13.382338,0.2893,0.2046,0.5678,0.0956,Moderate (Same-Sensor Spectral Agreement),Q3: Moderate-High Relative Stress,2069
C_024_072,78.850567,13.562001,0.2892,0.2752,0.3719,0.2204,High (Multi-Source Convergence),Q3: Moderate-High Relative Stress,2070
C_053_108,79.173961,13.301489,0.2892,0.2128,0.2591,0.3956,High (Multi-Source Convergence),Q3: Moderate-High Relative Stress,2071
C_077_036,78.527174,13.085893,0.2891,0.287,0.4779,0.1025,Moderate (Same-Sensor Spectral Agreement),Q3: Moderate-High Relative Stress,2072
C_021_094,79.048197,13.58895,0.2891,0.1081,0.1272,0.632,Low (Single Evidence Family),Q3: Moderate-High Relative Stress,2073
C_031_039,78.554123,13.499119,0.2891,0.1763,0.4978,0.1932,Low (Single Evidence Family),Q3: Moderate-High Relative Stress,2074
C_055_113,79.218877,13.283523,0.289,0.2046,0.2822,0.3802,High (Multi-Source Convergence),Q3: Moderate-High Relative Stress,2075
C_109_028,78.455309,12.798433,0.289,0.1042,0.2321,0.5305,Moderate (Compound Moisture/Vegetation Stress),Q3: Moderate-High Relative Stress,2076
C_097_045,78.608022,12.90623,0.2888,0.225,0.6366,0.0049,Moderate (Same-Sensor Spectral Agreement),Q3: Moderate-High Relative Stress,2077
C_056_115,79.236843,13.27454,0.2887,0.113,0.284,0.4689,Moderate (Compound Moisture/Vegetation Stress),Q3: Moderate-High Relative Stress,2078
C_100_015,78.338528,12.879281,0.2886,0.195,0.1238,0.5469,Low (Single Evidence Family),Q3: Moderate-High Relative Stress,2079
C_035_046,78.617005,13.463186,0.2886,0.2616,0.533,0.0711,High (Multi-Source Convergence),Q3: Moderate-High Relative Stress,2080
C_050_042,78.581073,13.328439,0.2886,0.2267,0.5083,0.1307,Moderate (Same-Sensor Spectral Agreement),Q3: Moderate-High Relative Stress,2081
C_039_124,79.317691,13.427253,0.2885,0.1192,0.2618,0.4847,Moderate (Compound Moisture/Vegetation Stress),Q3: Moderate-High Relative Stress,2082
C_038_119,79.272775,13.436236,0.2885,0.1754,0.3495,0.3406,Moderate (Compound Moisture/Vegetation Stress),Q3: Moderate-High Relative Stress,2083
C_109_020,78.383443,12.798433,0.2883,0.4301,0.2398,0.1948,High (Multi-Source Convergence),Q3: Moderate-High Relative Stress,2084
C_044_086,78.976331,13.382338,0.2881,0.2325,0.3766,0.2551,High (Multi-Source Convergence),Q3: Moderate-High Relative Stress,2085
C_046_099,79.093112,13.364371,0.2881,0.2271,0.3565,0.2806,High (Multi-Source Convergence),Q3: Moderate-High Relative Stress,2086
C_072_104,79.138028,13.130809,0.288,0.3313,0.263,0.2698,High (Multi-Source Convergence),Q3: Moderate-High Relative Stress,2087
C_079_037,78.536157,13.067927,0.288,0.3894,0.4349,0.0396,High (Multi-Source Convergence),Q3: Moderate-High Relative Stress,2088
C_068_057,78.71582,13.166742,0.288,0.1876,0.546,0.1303,Low (Single Evidence Family),Q3: Moderate-High Relative Stress,2089
C_047_111,79.20091,13.355388,0.288,0.3697,0.297,0.1975,High (Multi-Source Convergence),Q3: Moderate-High Relative Stress,2090
C_058_114,79.22786,13.256573,0.288,0.2656,0.4112,0.1873,High (Multi-Source Convergence),Q3: Moderate-High Relative Stress,2091
C_047_036,78.527174,13.355388,0.2879,0.2425,0.4511,0.17,High (Multi-Source Convergence),Q3: Moderate-High Relative Stress,2092
C_056_123,79.308708,13.27454,0.2878,0.1707,0.3274,0.3651,Moderate (Compound Moisture/Vegetation Stress),Q3: Moderate-High Relative Stress,2093
C_054_114,79.22786,13.292506,0.2877,0.1644,0.2731,0.4257,Moderate (Compound Moisture/Vegetation Stress),Q3: Moderate-High Relative Stress,2094
C_086_035,78.518191,13.005045,0.2877,0.3556,0.3758,0.1316,High (Multi-Source Convergence),Q3: Moderate-High Relative Stress,2095
C_094_032,78.491241,12.93318,0.2877,0.2799,0.504,0.0792,High (Multi-Source Convergence),Q3: Moderate-High Relative Stress,2096
C_068_073,78.85955,13.166742,0.2877,0.2743,0.3272,0.2617,High (Multi-Source Convergence),Q3: Moderate-High Relative Stress,2097
C_063_043,78.590056,13.211658,0.2876,0.2791,0.4332,0.1503,High (Multi-Source Convergence),Q3: Moderate-High Relative Stress,2098
C_043_135,79.422614,13.391321,0.2876,0.1352,0.1811,0.5466,Low (Single Evidence Family),Q3: Moderate-High Relative Stress,2099
C_076_104,79.138028,13.094877,0.2875,0.2393,0.4552,0.168,High (Multi-Source Convergence),Q3: Moderate-High Relative Stress,2100
C_056_151,79.566345,13.27454,0.2875,0.1417,0.3349,0.3858,Moderate (Compound Moisture/Vegetation Stress),Q3: Moderate-High Relative Stress,2101
C_067_094,79.048197,13.175725,0.2874,0.2418,0.1562,0.464,Moderate (Compound Urban/Water Signal),Q3: Moderate-High Relative Stress,2102
C_068_110,79.191927,13.166742,0.2873,0.3035,0.304,0.2545,High (Multi-Source Convergence),Q3: Moderate-High Relative Stress,2103
C_051_065,78.787685,13.319455,0.2873,0.3199,0.3888,0.1533,High (Multi-Source Convergence),Q3: Moderate-High Relative Stress,2104
C_029_084,78.958365,13.517085,0.2872,0.268,0.2914,0.3023,High (Multi-Source Convergence),Q3: Moderate-High Relative Stress,2105
C_100_034,78.509207,12.879281,0.2871,0.2105,0.3328,0.318,High (Multi-Source Convergence),Q3: Moderate-High Relative Stress,2106
C_055_148,79.539395,13.283523,0.287,0.1029,0.1323,0.6258,Low (Single Evidence Family),Q3: Moderate-High Relative Stress,2107
C_049_073,78.85955,13.337422,0.287,0.3024,0.5586,0.0,Moderate (Same-Sensor Spectral Agreement),Q3: Moderate-High Relative Stress,2108
C_108_029,78.464292,12.807416,0.2868,0.2127,0.4587,0.189,High (Multi-Source Convergence),Q3: Moderate-High Relative Stress,2109
C_071_043,78.590056,13.139792,0.2868,0.2398,0.3632,0.2574,High (Multi-Source Convergence),Q3: Moderate-High Relative Stress,2110
C_062_095,79.05718,13.220641,0.2868,0.2365,0.3986,0.2253,High (Multi-Source Convergence),Q3: Moderate-High Relative Stress,2111
C_046_055,78.697854,13.364371,0.2867,0.2351,0.4793,0.1457,High (Multi-Source Convergence),Q3: Moderate-High Relative Stress,2112
C_069_116,79.245826,13.157759,0.2866,0.151,0.379,0.3298,Moderate (Compound Moisture/Vegetation Stress),Q3: Moderate-High Relative Stress,2113
C_048_133,79.39854,13.346405,0.2865,0.2045,0.3836,0.2715,High (Multi-Source Convergence),Q3: Moderate-High Relative Stress,2114
C_042_044,78.599039,13.400304,0.2865,0.2031,0.4818,0.1745,High (Multi-Source Convergence),Q3: Moderate-High Relative Stress,2115
C_115_010,78.293612,12.744534,0.2864,0.3776,0.276,0.2057,High (Multi-Source Convergence),Q3: Moderate-High Relative Stress,2116
C_059_106,79.155994,13.24759,0.2863,0.3193,0.3641,0.1755,High (Multi-Source Convergence),Q3: Moderate-High Relative Stress,2117
C_031_073,78.85955,13.499119,0.2863,0.076,0.5641,0.2188,Moderate (Compound Moisture/Vegetation Stress),Q3: Moderate-High Relative Stress,2118
C_037_046,78.617005,13.44522,0.2862,0.264,0.4976,0.0969,High (Multi-Source Convergence),Q3: Moderate-High Relative Stress,2119
C_063_089,79.003281,13.211658,0.2861,0.1524,0.1688,0.5371,Low (Single Evidence Family),Q3: Moderate-High Relative Stress,2120
C_039_036,78.527174,13.427253,0.2861,0.3258,0.3171,0.2155,High (Multi-Source Convergence),Q3: Moderate-High Relative Stress,2121
C_056_084,78.958365,13.27454,0.2861,0.243,0.1391,0.4762,Moderate (Compound Urban/Water Signal),Q3: Moderate-High Relative Stress,2122
C_065_124,79.317691,13.193691,0.286,0.2518,0.3009,0.3052,High (Multi-Source Convergence),Q3: Moderate-High Relative Stress,2123
C_076_102,79.120062,13.094877,0.286,0.2703,0.3441,0.2436,High (Multi-Source Convergence),Q3: Moderate-High Relative Stress,2124
C_051_170,79.737025,13.319455,0.2859,0.0087,0.1614,0.6877,Low (Single Evidence Family),Q3: Moderate-High Relative Stress,2125
C_038_120,79.281759,13.436236,0.2858,0.1563,0.3562,0.3448,Moderate (Compound Moisture/Vegetation Stress),Q3: Moderate-High Relative Stress,2126
C_041_096,79.066163,13.409287,0.2858,0.311,0.2344,0.3121,High (Multi-Source Convergence),Q3: Moderate-High Relative Stress,2127
C_019_066,78.796668,13.606916,0.2857,0.179,0.2852,0.3929,Moderate (Compound Moisture/Vegetation Stress),Q3: Moderate-High Relative Stress,2128
C_095_034,78.509207,12.924197,0.2857,0.274,0.4631,0.1199,High (Multi-Source Convergence),Q3: Moderate-High Relative Stress,2129
C_022_091,79.021247,13.579967,0.2857,0.1491,0.3025,0.4054,Moderate (Compound Moisture/Vegetation Stress),Q3: Moderate-High Relative Stress,2130
C_070_099,79.093112,13.148776,0.2856,0.2332,0.4501,0.1736,High (Multi-Source Convergence),Q3: Moderate-High Relative Stress,2131
C_031_056,78.706837,13.499119,0.2856,0.3151,0.5418,0.0,Moderate (Same-Sensor Spectral Agreement),Q3: Moderate-High Relative Stress,2132
C_120_017,78.356494,12.699618,0.2856,0.1811,0.2107,0.465,Moderate (Compound Moisture/Vegetation Stress),Q3: Moderate-High Relative Stress,2133
C_052_120,79.281759,13.310472,0.2856,0.3301,0.3322,0.1945,High (Multi-Source Convergence),Q3: Moderate-High Relative Stress,2134
C_054_127,79.344641,13.292506,0.2856,0.1143,0.2412,0.5014,Moderate (Compound Moisture/Vegetation Stress),Q3: Moderate-High Relative Stress,2135
C_049_089,79.003281,13.337422,0.2855,0.1422,0.1434,0.5708,Low (Single Evidence Family),Q3: Moderate-High Relative Stress,2136
C_024_061,78.751753,13.562001,0.2855,0.15,0.4287,0.2777,Moderate (Compound Moisture/Vegetation Stress),Q3: Moderate-High Relative Stress,2137
C_072_102,79.120062,13.130809,0.2855,0.2733,0.5287,0.0544,High (Multi-Source Convergence),Q3: Moderate-High Relative Stress,2138
C_039_093,79.039214,13.427253,0.2855,0.2431,0.3418,0.2715,High (Multi-Source Convergence),Q3: Moderate-High Relative Stress,2139
C_073_071,78.841584,13.121826,0.2854,0.215,0.6413,0.0,Moderate (Same-Sensor Spectral Agreement),Q3: Moderate-High Relative Stress,2140
C_039_043,78.590056,13.427253,0.2853,0.2699,0.4913,0.0946,High (Multi-Source Convergence),Q3: Moderate-High Relative Stress,2141
C_101_019,78.37446,12.870298,0.2853,0.2244,0.1541,0.4775,Moderate (Compound Urban/Water Signal),Q3: Moderate-High Relative Stress,2142
C_040_128,79.353624,13.41827,0.2852,0.2218,0.4452,0.1886,High (Multi-Source Convergence),Q3: Moderate-High Relative Stress,2143
C_058_092,79.03023,13.256573,0.2852,0.2819,0.2239,0.3497,High (Multi-Source Convergence),Q3: Moderate-High Relative Stress,2144
C_091_038,78.54514,12.960129,0.2851,0.2915,0.3867,0.1772,High (Multi-Source Convergence),Q3: Moderate-High Relative Stress,2145
C_054_112,79.209893,13.292506,0.285,0.1805,0.2912,0.3831,Moderate (Compound Moisture/Vegetation Stress),Q3: Moderate-High Relative Stress,2146
C_035_049,78.643955,13.463186,0.2849,0.2908,0.3941,0.1696,High (Multi-Source Convergence),Q3: Moderate-High Relative Stress,2147
C_110_027,78.446325,12.789449,0.2849,0.2628,0.4783,0.1136,High (Multi-Source Convergence),Q3: Moderate-High Relative Stress,2148
C_055_087,78.985315,13.283523,0.2847,0.2339,0.4396,0.1804,High (Multi-Source Convergence),Q3: Moderate-High Relative Stress,2149
C_064_044,78.599039,13.202674,0.2846,0.2358,0.4511,0.1667,High (Multi-Source Convergence),Q3: Moderate-High Relative Stress,2150
C_120_009,78.284629,12.699618,0.2846,0.4219,0.4317,0.0,Moderate (Same-Sensor Spectral Agreement),Q3: Moderate-High Relative Stress,2151
C_066_079,78.913449,13.184708,0.2845,0.2251,0.2885,0.3399,High (Multi-Source Convergence),Q3: Moderate-High Relative Stress,2152
C_053_121,79.290742,13.301489,0.2845,0.319,0.3198,0.2148,High (Multi-Source Convergence),Q3: Moderate-High Relative Stress,2153
C_069_091,79.021247,13.157759,0.2844,0.3098,0.2478,0.2957,High (Multi-Source Convergence),Q3: Moderate-High Relative Stress,2154
C_121_023,78.410393,12.690635,0.2843,0.314,0.0792,0.4598,Moderate (Compound Urban/Water Signal),Q3: Moderate-High Relative Stress,2155
C_039_053,78.679887,13.427253,0.2843,0.2516,0.3441,0.2571,High (Multi-Source Convergence),Q3: Moderate-High Relative Stress,2156
C_119_014,78.329544,12.708601,0.2843,0.1907,0.0875,0.5747,Low (Single Evidence Family),Q3: Moderate-High Relative Stress,2157
C_078_052,78.670904,13.07691,0.2842,0.3664,0.2431,0.2433,High (Multi-Source Convergence),Q3: Moderate-High Relative Stress,2158
C_065_051,78.661921,13.193691,0.2841,0.2397,0.5024,0.1104,High (Multi-Source Convergence),Q3: Moderate-High Relative Stress,2159
C_049_095,79.05718,13.337422,0.2841,0.2648,0.4655,0.1221,High (Multi-Source Convergence),Q3: Moderate-High Relative Stress,2160
C_034_065,78.787685,13.472169,0.2839,0.3042,0.4087,0.1389,High (Multi-Source Convergence),Q3: Moderate-High Relative Stress,2161
C_090_037,78.536157,12.969113,0.2839,0.2862,0.4515,0.114,High (Multi-Source Convergence),Q3: Moderate-High Relative Stress,2162
C_055_128,79.353624,13.283523,0.2838,0.2541,0.3859,0.2112,High (Multi-Source Convergence),Q3: Moderate-High Relative Stress,2163
C_036_050,78.652938,13.454203,0.2838,0.3007,0.3404,0.2102,High (Multi-Source Convergence),Q3: Moderate-High Relative Stress,2164
C_049_057,78.71582,13.337422,0.2837,0.224,0.5108,0.1163,High (Multi-Source Convergence),Q3: Moderate-High Relative Stress,2165
C_048_101,79.111079,13.346405,0.2837,0.2609,0.1782,0.412,Moderate (Compound Urban/Water Signal),Q3: Moderate-High Relative Stress,2166
C_125_023,78.410393,12.654702,0.2837,0.3743,0.2319,0.245,High (Multi-Source Convergence),Q3: Moderate-High Relative Stress,2167
C_042_062,78.760736,13.400304,0.2836,0.3987,0.4522,0.0,Moderate (Same-Sensor Spectral Agreement),Q3: Moderate-High Relative Stress,2168
C_079_041,78.57209,13.067927,0.2835,0.3412,0.5094,0.0,Moderate (Same-Sensor Spectral Agreement),Q3: Moderate-High Relative Stress,2169
C_048_047,78.625988,13.346405,0.2833,0.2675,0.5337,0.0488,High (Multi-Source Convergence),Q3: Moderate-High Relative Stress,2170
C_065_098,79.084129,13.193691,0.2832,0.3384,0.3783,0.133,High (Multi-Source Convergence),Q3: Moderate-High Relative Stress,2171
C_029_085,78.967348,13.517085,0.2831,0.2186,0.4583,0.1723,High (Multi-Source Convergence),Q3: Moderate-High Relative Stress,2172
C_061_052,78.670904,13.229624,0.2831,0.2824,0.4596,0.1074,High (Multi-Source Convergence),Q3: Moderate-High Relative Stress,2173
C_056_104,79.138028,13.27454,0.2831,0.2109,0.3906,0.2479,High (Multi-Source Convergence),Q3: Moderate-High Relative Stress,2174
C_064_120,79.281759,13.202674,0.2831,0.2818,0.4482,0.1192,High (Multi-Source Convergence),Q3: Moderate-High Relative Stress,2175
C_053_132,79.389556,13.301489,0.283,0.1062,0.3762,0.3665,Moderate (Compound Moisture/Vegetation Stress),Q3: Moderate-High Relative Stress,2176
C_046_110,79.191927,13.364371,0.283,0.3667,0.3091,0.1732,High (Multi-Source Convergence),Q3: Moderate-High Relative Stress,2177
C_040_103,79.129045,13.41827,0.2829,0.2861,0.3101,0.2526,High (Multi-Source Convergence),Q3: Moderate-High Relative Stress,2178
C_061_135,79.422614,13.229624,0.2829,0.3839,0.4408,0.0239,High (Multi-Source Convergence),Q3: Moderate-High Relative Stress,2179
C_042_071,78.841584,13.400304,0.2828,0.2144,0.4983,0.1359,High (Multi-Source Convergence),Q3: Moderate-High Relative Stress,2180
C_090_038,78.54514,12.969113,0.2828,0.3424,0.4242,0.0819,High (Multi-Source Convergence),Q3: Moderate-High Relative Stress,2181
C_059_045,78.608022,13.24759,0.2827,0.1698,0.2155,0.4627,Moderate (Compound Moisture/Vegetation Stress),Q3: Moderate-High Relative Stress,2182
C_097_037,78.536157,12.90623,0.2827,0.201,0.354,0.2931,High (Multi-Source Convergence),Q3: Moderate-High Relative Stress,2183
C_052_125,79.326674,13.310472,0.2827,0.1647,0.2935,0.39,Moderate (Compound Moisture/Vegetation Stress),Q3: Moderate-High Relative Stress,2184
C_063_106,79.155994,13.211658,0.2826,0.3878,0.3414,0.1185,High (Multi-Source Convergence),Q3: Moderate-High Relative Stress,2185
C_071_112,79.209893,13.139792,0.2825,0.2371,0.3501,0.2603,High (Multi-Source Convergence),Q3: Moderate-High Relative Stress,2186
C_029_083,78.949382,13.517085,0.2824,0.1889,0.5229,0.1352,Low (Single Evidence Family),Q3: Moderate-High Relative Stress,2187
C_073_089,79.003281,13.121826,0.2824,0.2646,0.2752,0.3075,High (Multi-Source Convergence),Q3: Moderate-High Relative Stress,2188
C_044_124,79.317691,13.382338,0.2823,0.2048,0.3229,0.3193,High (Multi-Source Convergence),Q3: Moderate-High Relative Stress,2189
C_111_005,78.248696,12.780466,0.2823,0.2831,0.4487,0.115,High (Multi-Source Convergence),Q3: Moderate-High Relative Stress,2190
C_125_024,78.419376,12.654702,0.2822,0.3607,0.1721,0.3137,Moderate (Compound Urban/Water Signal),Q3: Moderate-High Relative Stress,2191
C_050_112,79.209893,13.328439,0.2821,0.0956,0.2208,0.5299,Moderate (Compound Moisture/Vegetation Stress),Q3: Moderate-High Relative Stress,2192
C_046_123,79.308708,13.364371,0.2821,0.2171,0.3894,0.2397,High (Multi-Source Convergence),Q3: Moderate-High Relative Stress,2193
C_057_108,79.173961,13.265557,0.282,0.218,0.4133,0.2148,High (Multi-Source Convergence),Q3: Moderate-High Relative Stress,2194
C_125_016,78.347511,12.654702,0.2819,0.3448,0.4801,0.0206,Moderate (Same-Sensor Spectral Agreement),Q3: Moderate-High Relative Stress,2195
C_063_115,79.236843,13.211658,0.2819,0.1982,0.4978,0.1497,Low (Single Evidence Family),Q3: Moderate-High Relative Stress,2196
C_091_043,78.590056,12.960129,0.2818,0.2665,0.4013,0.1775,High (Multi-Source Convergence),Q3: Moderate-High Relative Stress,2197
C_126_020,78.383443,12.645719,0.2817,0.3125,0.108,0.4244,Moderate (Compound Urban/Water Signal),Q3: Moderate-High Relative Stress,2198
C_121_018,78.365477,12.690635,0.2817,0.2633,0.2037,0.3779,High (Multi-Source Convergence),Q3: Moderate-High Relative Stress,2199
C_071_072,78.850567,13.139792,0.2817,0.2615,0.5034,0.0802,Moderate (Same-Sensor Spectral Agreement),Q3: Moderate-High Relative Stress,2200
C_060_043,78.590056,13.238607,0.2817,0.134,0.2326,0.4784,Moderate (Compound Moisture/Vegetation Stress),Q3: Moderate-High Relative Stress,2201
C_011_096,79.066163,13.678782,0.2816,0.0835,0.3307,0.4306,Moderate (Compound Moisture/Vegetation Stress),Q3: Moderate-High Relative Stress,2202
C_048_138,79.449564,13.346405,0.2815,0.1795,0.3321,0.3329,Moderate (Compound Moisture/Vegetation Stress),Q3: Moderate-High Relative Stress,2203
C_037_037,78.536157,13.44522,0.2813,0.1195,0.6938,0.0305,Low (Single Evidence Family),Q3: Moderate-High Relative Stress,2204
C_047_108,79.173961,13.355388,0.2813,0.2494,0.4964,0.0982,High (Multi-Source Convergence),Q3: Moderate-High Relative Stress,2205
C_050_094,79.048197,13.328439,0.2813,0.2957,0.3289,0.2194,High (Multi-Source Convergence),Q3: Moderate-High Relative Stress,2206
C_068_100,79.102096,13.166742,0.2811,0.2019,0.4865,0.1549,High (Multi-Source Convergence),Q3: Moderate-High Relative Stress,2207
C_047_154,79.593294,13.355388,0.2811,0.2481,0.263,0.3321,High (Multi-Source Convergence),Q3: Moderate-High Relative Stress,2208
C_071_125,79.326674,13.139792,0.281,0.2484,0.4203,0.1742,High (Multi-Source Convergence),Q3: Moderate-High Relative Stress,2209
C_083_037,78.536157,13.031995,0.2809,0.2775,0.4816,0.0835,High (Multi-Source Convergence),Q3: Moderate-High Relative Stress,2210
C_062_044,78.599039,13.220641,0.2809,0.2922,0.2708,0.2797,High (Multi-Source Convergence),Q3: Moderate-High Relative Stress,2211
C_065_068,78.814635,13.193691,0.2809,0.185,0.6267,0.0311,Low (Single Evidence Family),Q3: Moderate-High Relative Stress,2212
C_109_029,78.464292,12.798433,0.2809,0.2098,0.4281,0.2047,High (Multi-Source Convergence),Q3: Moderate-High Relative Stress,2213
C_056_114,79.22786,13.27454,0.2808,0.2089,0.3495,0.2839,High (Multi-Source Convergence),Q3: Moderate-High Relative Stress,2214
C_071_040,78.563106,13.139792,0.2808,0.286,0.1809,0.3756,Moderate (Compound Urban/Water Signal),Q3: Moderate-High Relative Stress,2215
C_035_072,78.850567,13.463186,0.2808,0.2044,0.5664,0.0717,High (Multi-Source Convergence),Q3: Moderate-High Relative Stress,2216
C_046_050,78.652938,13.364371,0.2808,0.3693,0.4415,0.0318,High (Multi-Source Convergence),Q3: Moderate-High Relative Stress,2217
C_107_018,78.365477,12.816399,0.2808,0.2985,0.2927,0.2512,High (Multi-Source Convergence),Q3: Moderate-High Relative Stress,2218
C_049_096,79.066163,13.337422,0.2807,0.0979,0.5302,0.2142,Moderate (Compound Moisture/Vegetation Stress),Q3: Moderate-High Relative Stress,2219
C_027_099,79.093112,13.535051,0.2807,0.173,0.2015,0.4676,Moderate (Compound Moisture/Vegetation Stress),Q3: Moderate-High Relative Stress,2220
C_125_022,78.40141,12.654702,0.2806,0.3046,0.1157,0.4215,Moderate (Compound Urban/Water Signal),Q3: Moderate-High Relative Stress,2221
C_022_076,78.8865,13.579967,0.2806,0.1079,0.4468,0.2872,Moderate (Compound Moisture/Vegetation Stress),Q3: Moderate-High Relative Stress,2222
C_066_047,78.625988,13.184708,0.2805,0.2924,0.3608,0.1883,High (Multi-Source Convergence),Q3: Moderate-High Relative Stress,2223
C_042_088,78.994298,13.400304,0.2804,0.2093,0.2556,0.3763,High (Multi-Source Convergence),Q3: Moderate-High Relative Stress,2224
C_070_046,78.617005,13.148776,0.2804,0.2586,0.2645,0.3183,High (Multi-Source Convergence),Q3: Moderate-High Relative Stress,2225
C_077_101,79.111079,13.085893,0.2803,0.2364,0.3857,0.2188,High (Multi-Source Convergence),Q3: Moderate-High Relative Stress,2226
C_058_127,79.344641,13.256573,0.2802,0.1652,0.3371,0.3383,Moderate (Compound Moisture/Vegetation Stress),Q3: Moderate-High Relative Stress,2227
C_036_034,78.509207,13.454203,0.2801,0.3438,0.4017,0.0946,High (Multi-Source Convergence),Q3: Moderate-High Relative Stress,2228
C_035_076,78.8865,13.463186,0.28,0.2711,0.3017,0.2672,High (Multi-Source Convergence),Q3: Moderate-High Relative Stress,2229
C_064_078,78.904466,13.202674,0.28,0.2031,0.4324,0.2047,High (Multi-Source Convergence),Q3: Moderate-High Relative Stress,2230
C_107_027,78.446325,12.816399,0.28,0.1868,0.3054,0.3478,Moderate (Compound Moisture/Vegetation Stress),Q3: Moderate-High Relative Stress,2231
C_076_037,78.536157,13.094877,0.2799,0.2374,0.546,0.0563,Moderate (Same-Sensor Spectral Agreement),Q3: Moderate-High Relative Stress,2232
C_059_118,79.263792,13.24759,0.2796,0.294,0.3844,0.1605,High (Multi-Source Convergence),Q3: Moderate-High Relative Stress,2233
C_101_016,78.347511,12.870298,0.2796,0.4121,0.1087,0.318,Moderate (Compound Urban/Water Signal),Q3: Moderate-High Relative Stress,2234
C_071_090,79.012264,13.139792,0.2795,0.107,0.0852,0.6464,Low (Single Evidence Family),Q3: Moderate-High Relative Stress,2235
C_122_015,78.338528,12.681652,0.2795,0.2448,0.1332,0.4604,Moderate (Compound Urban/Water Signal),Q3: Moderate-High Relative Stress,2236
C_055_107,79.164978,13.283523,0.2795,0.1922,0.4709,0.1755,Low (Single Evidence Family),Q3: Moderate-High Relative Stress,2237
C_041_088,78.994298,13.409287,0.2794,0.281,0.3208,0.2364,High (Multi-Source Convergence),Q3: Moderate-High Relative Stress,2238
C_043_118,79.263792,13.391321,0.2794,0.1548,0.2334,0.45,Moderate (Compound Moisture/Vegetation Stress),Q3: Moderate-High Relative Stress,2239
C_012_096,79.066163,13.669798,0.2793,0.0876,0.2817,0.4686,Moderate (Compound Moisture/Vegetation Stress),Q3: Moderate-High Relative Stress,2240
C_072_128,79.353624,13.130809,0.2793,0.1751,0.3466,0.3163,Moderate (Compound Moisture/Vegetation Stress),Q3: Moderate-High Relative Stress,2241
C_083_045,78.608022,13.031995,0.2793,0.2433,0.4503,0.1444,Moderate (Same-Sensor Spectral Agreement),Q3: Moderate-High Relative Stress,2242
C_037_089,79.003281,13.44522,0.2793,0.1821,0.3509,0.3049,Moderate (Compound Moisture/Vegetation Stress),Q3: Moderate-High Relative Stress,2243
C_055_129,79.362607,13.283523,0.2793,0.1693,0.5254,0.1431,Low (Single Evidence Family),Q3: Moderate-High Relative Stress,2244
C_060_089,79.003281,13.238607,0.2792,0.1462,0.2229,0.4686,Moderate (Compound Moisture/Vegetation Stress),Q3: Moderate-High Relative Stress,2245
C_031_042,78.581073,13.499119,0.2792,0.1516,0.5104,0.1755,Low (Single Evidence Family),Q3: Moderate-High Relative Stress,2246
C_016_088,78.994298,13.633866,0.2791,0.1741,0.3474,0.3158,Moderate (Compound Moisture/Vegetation Stress),Q3: Moderate-High Relative Stress,2247
C_100_020,78.383443,12.879281,0.2791,0.3345,0.1576,0.3452,Moderate (Compound Urban/Water Signal),Q3: Moderate-High Relative Stress,2248
C_075_109,79.182944,13.10386,0.279,0.179,0.2992,0.3589,Moderate (Compound Moisture/Vegetation Stress),Q3: Moderate-High Relative Stress,2249
C_074_063,78.769719,13.112843,0.279,0.238,0.4375,0.1614,High (Multi-Source Convergence),Q3: Moderate-High Relative Stress,2250
C_070_050,78.652938,13.148776,0.2789,0.214,0.4273,0.1955,High (Multi-Source Convergence),Q3: Moderate-High Relative Stress,2251
C_106_027,78.446325,12.825382,0.2788,0.2432,0.3303,0.263,High (Multi-Source Convergence),Q3: Moderate-High Relative Stress,2252
C_051_121,79.290742,13.319455,0.2788,0.249,0.3147,0.2728,High (Multi-Source Convergence),Q3: Moderate-High Relative Stress,2253
C_106_028,78.455309,12.825382,0.2787,0.2385,0.2694,0.3281,High (Multi-Source Convergence),Q3: Moderate-High Relative Stress,2254
C_094_025,78.428359,12.93318,0.2787,0.2228,0.4375,0.1758,High (Multi-Source Convergence),Q3: Moderate-High Relative Stress,2255
C_076_050,78.652938,13.094877,0.2785,0.3363,0.3449,0.1542,High (Multi-Source Convergence),Q3: Moderate-High Relative Stress,2256
C_017_087,78.985315,13.624883,0.2784,0.3183,0.2694,0.2476,High (Multi-Source Convergence),Q3: Moderate-High Relative Stress,2257
C_076_108,79.173961,13.094877,0.2784,0.1902,0.5444,0.1005,Low (Single Evidence Family),Q3: Moderate-High Relative Stress,2258
C_068_099,79.093112,13.166742,0.2784,0.398,0.2912,0.1461,High (Multi-Source Convergence),Q3: Moderate-High Relative Stress,2259
C_063_068,78.814635,13.211658,0.2784,0.2299,0.6024,0.0029,Moderate (Same-Sensor Spectral Agreement),Q3: Moderate-High Relative Stress,2260
C_112_010,78.293612,12.771483,0.2783,0.2706,0.2663,0.298,High (Multi-Source Convergence),Q3: Moderate-High Relative Stress,2261
C_043_084,78.958365,13.391321,0.2782,0.2747,0.4079,0.1519,High (Multi-Source Convergence),Q3: Moderate-High Relative Stress,2262
C_092_043,78.590056,12.951146,0.2781,0.3678,0.2402,0.2263,High (Multi-Source Convergence),Q3: Moderate-High Relative Stress,2263
C_069_118,79.263792,13.157759,0.278,0.278,0.4896,0.0665,High (Multi-Source Convergence),Q3: Moderate-High Relative Stress,2264
C_117_017,78.356494,12.726567,0.2778,0.2248,0.1422,0.4663,Moderate (Compound Urban/Water Signal),Q3: Moderate-High Relative Stress,2265
C_016_093,79.039214,13.633866,0.2777,0.2147,0.3719,0.2466,High (Multi-Source Convergence),Q3: Moderate-High Relative Stress,2266
C_031_083,78.949382,13.499119,0.2777,0.3321,0.4602,0.0409,High (Multi-Source Convergence),Q3: Moderate-High Relative Stress,2267
C_049_040,78.563106,13.337422,0.2777,0.2419,0.4592,0.132,High (Multi-Source Convergence),Q3: Moderate-High Relative Stress,2268
C_060_171,79.746008,13.238607,0.2776,0.0008,0.0101,0.822,Low (Single Evidence Family),Q3: Moderate-High Relative Stress,2269
C_107_017,78.356494,12.816399,0.2775,0.3475,0.3032,0.1818,High (Multi-Source Convergence),Q3: Moderate-High Relative Stress,2270
C_063_081,78.931416,13.211658,0.2774,0.2394,0.282,0.3108,High (Multi-Source Convergence),Q3: Moderate-High Relative Stress,2271
C_040_068,78.814635,13.41827,0.2774,0.4241,0.4079,0.0003,Moderate (Same-Sensor Spectral Agreement),Q3: Moderate-High Relative Stress,2272
C_073_114,79.22786,13.121826,0.2773,0.335,0.4855,0.0114,Moderate (Same-Sensor Spectral Agreement),Q3: Moderate-High Relative Stress,2273
C_065_120,79.281759,13.193691,0.2773,0.2532,0.3976,0.1811,High (Multi-Source Convergence),Q3: Moderate-High Relative Stress,2274
C_083_049,78.643955,13.031995,0.2772,0.2932,0.5376,0.001,Moderate (Same-Sensor Spectral Agreement),Q3: Moderate-High Relative Stress,2275
C_037_054,78.688871,13.44522,0.2772,0.2669,0.3988,0.1657,High (Multi-Source Convergence),Q3: Moderate-High Relative Stress,2276
C_092_027,78.446325,12.951146,0.2771,0.3597,0.3116,0.1601,High (Multi-Source Convergence),Q3: Moderate-High Relative Stress,2277
C_125_027,78.446325,12.654702,0.277,0.2196,0.1698,0.4418,Moderate (Compound Urban/Water Signal),Q3: Moderate-High Relative Stress,2278
C_040_039,78.554123,13.41827,0.277,0.3791,0.2959,0.1559,High (Multi-Source Convergence),Q3: Moderate-High Relative Stress,2279
C_063_057,78.71582,13.211658,0.2769,0.2157,0.4748,0.1402,High (Multi-Source Convergence),Q3: Moderate-High Relative Stress,2280
C_042_051,78.661921,13.400304,0.2769,0.3085,0.4734,0.0488,High (Multi-Source Convergence),Q3: Moderate-High Relative Stress,2281
C_082_034,78.509207,13.040978,0.2768,0.4125,0.3318,0.0861,High (Multi-Source Convergence),Q3: Moderate-High Relative Stress,2282
C_063_102,79.120062,13.211658,0.2768,0.3072,0.4126,0.1107,High (Multi-Source Convergence),Q3: Moderate-High Relative Stress,2283
C_051_124,79.317691,13.319455,0.2767,0.1429,0.1786,0.5086,Low (Single Evidence Family),Q3: Moderate-High Relative Stress,2284
C_093_035,78.518191,12.942163,0.2767,0.2083,0.4927,0.129,High (Multi-Source Convergence),Q3: Moderate-High Relative Stress,2285
C_064_081,78.931416,13.202674,0.2766,0.3177,0.403,0.1091,High (Multi-Source Convergence),Q3: Moderate-High Relative Stress,2286
C_019_073,78.85955,13.606916,0.2766,0.2607,0.3346,0.2345,High (Multi-Source Convergence),Q3: Moderate-High Relative Stress,2287
C_093_044,78.599039,12.942163,0.2766,0.2425,0.4497,0.1375,High (Multi-Source Convergence),Q3: Moderate-High Relative Stress,2288
C_092_034,78.509207,12.951146,0.2766,0.2204,0.4561,0.1533,High (Multi-Source Convergence),Q3: Moderate-High Relative Stress,2289
C_075_102,79.120062,13.10386,0.2765,0.3502,0.3276,0.1516,High (Multi-Source Convergence),Q3: Moderate-High Relative Stress,2290
C_096_018,78.365477,12.915214,0.2765,0.2387,0.2107,0.3802,High (Multi-Source Convergence),Q3: Moderate-High Relative Stress,2291
C_055_091,79.021247,13.283523,0.2765,0.2845,0.355,0.1899,High (Multi-Source Convergence),Q3: Moderate-High Relative Stress,2292
C_063_053,78.679887,13.211658,0.2765,0.3129,0.4402,0.0763,High (Multi-Source Convergence),Q3: Moderate-High Relative Stress,2293
C_050_111,79.20091,13.328439,0.2765,0.1861,0.3768,0.2666,Moderate (Compound Moisture/Vegetation Stress),Q3: Moderate-High Relative Stress,2294
C_061_087,78.985315,13.229624,0.2764,0.132,0.1603,0.5371,Low (Single Evidence Family),Q3: Moderate-High Relative Stress,2295
C_041_119,79.272775,13.409287,0.2764,0.1851,0.162,0.482,Low (Single Evidence Family),Q3: Moderate-High Relative Stress,2296
C_100_019,78.37446,12.879281,0.2764,0.1955,0.1091,0.5246,Low (Single Evidence Family),Q3: Moderate-High Relative Stress,2297
C_117_036,78.527174,12.726567,0.2763,0.3976,0.4254,0.0059,Moderate (Same-Sensor Spectral Agreement),Q3: Moderate-High Relative Stress,2298
C_073_100,79.102096,13.121826,0.2763,0.1957,0.5571,0.076,Low (Single Evidence Family),Q3: Moderate-High Relative Stress,2299
C_022_085,78.967348,13.579967,0.2763,0.2905,0.2083,0.3301,High (Multi-Source Convergence),Q3: Moderate-High Relative Stress,2300
C_065_047,78.625988,13.193691,0.2762,0.214,0.4775,0.1372,High (Multi-Source Convergence),Q3: Moderate-High Relative Stress,2301
C_045_067,78.805652,13.373354,0.276,0.2312,0.4795,0.1172,High (Multi-Source Convergence),Q3: Moderate-High Relative Stress,2302
C_044_056,78.706837,13.382338,0.2759,0.2846,0.4915,0.0517,High (Multi-Source Convergence),Q3: Moderate-High Relative Stress,2303
C_082_031,78.482258,13.040978,0.2758,0.2482,0.4116,0.1677,High (Multi-Source Convergence),Q3: Moderate-High Relative Stress,2304
C_045_102,79.120062,13.373354,0.2758,0.1362,0.2459,0.4454,Moderate (Compound Moisture/Vegetation Stress),Q3: Moderate-High Relative Stress,2305
C_072_123,79.308708,13.130809,0.2757,0.2916,0.4111,0.1243,High (Multi-Source Convergence),Q3: Moderate-High Relative Stress,2306
C_057_106,79.155994,13.265557,0.2757,0.2576,0.4186,0.151,High (Multi-Source Convergence),Q3: Moderate-High Relative Stress,2307
C_053_084,78.958365,13.301489,0.2757,0.4104,0.298,0.1185,High (Multi-Source Convergence),Q3: Moderate-High Relative Stress,2308
C_057_170,79.737025,13.265557,0.2757,0.0022,0.0016,0.8233,Low (Single Evidence Family),Q3: Moderate-High Relative Stress,2309
C_099_020,78.383443,12.888264,0.2757,0.0532,0.1052,0.6687,Low (Single Evidence Family),Q3: Moderate-High Relative Stress,2310
C_036_038,78.54514,13.454203,0.2757,0.2409,0.518,0.0681,High (Multi-Source Convergence),Q3: Moderate-High Relative Stress,2311
C_031_074,78.868534,13.499119,0.2756,0.146,0.2229,0.4578,Moderate (Compound Moisture/Vegetation Stress),Q3: Moderate-High Relative Stress,2312
C_027_061,78.751753,13.535051,0.2756,0.2472,0.4386,0.1411,High (Multi-Source Convergence),Q3: Moderate-High Relative Stress,2313
C_036_133,79.39854,13.454203,0.2756,0.1637,0.2394,0.4238,Moderate (Compound Moisture/Vegetation Stress),Q3: Moderate-High Relative Stress,2314
C_115_009,78.284629,12.744534,0.2754,0.2755,0.1677,0.3831,Moderate (Compound Urban/Water Signal),Q3: Moderate-High Relative Stress,2315
C_113_013,78.320561,12.7625,0.2754,0.2829,0.2618,0.2816,High (Multi-Source Convergence),Q3: Moderate-High Relative Stress,2316
C_064_118,79.263792,13.202674,0.2754,0.3291,0.3348,0.1624,High (Multi-Source Convergence),Q3: Moderate-High Relative Stress,2317
C_066_095,79.05718,13.184708,0.2754,0.1932,0.1721,0.4611,Low (Single Evidence Family),Q3: Moderate-High Relative Stress,2318
C_109_017,78.356494,12.798433,0.2753,0.259,0.2268,0.3402,High (Multi-Source Convergence),Q3: Moderate-High Relative Stress,2319
C_090_034,78.509207,12.969113,0.2753,0.3156,0.4338,0.0763,High (Multi-Source Convergence),Q3: Moderate-High Relative Stress,2320
C_039_037,78.536157,13.427253,0.2752,0.2792,0.3108,0.2358,High (Multi-Source Convergence),Q3: Moderate-High Relative Stress,2321
C_053_040,78.563106,13.301489,0.2751,0.1638,0.5751,0.0863,Low (Single Evidence Family),Q3: Moderate-High Relative Stress,2322
C_025_065,78.787685,13.553017,0.275,0.2257,0.3779,0.2214,High (Multi-Source Convergence),Q3: Moderate-High Relative Stress,2323
C_094_037,78.536157,12.93318,0.275,0.1959,0.2747,0.3543,Moderate (Compound Moisture/Vegetation Stress),Q3: Moderate-High Relative Stress,2324
C_075_046,78.617005,13.10386,0.275,0.2116,0.4396,0.1739,High (Multi-Source Convergence),Q3: Moderate-High Relative Stress,2325
C_072_121,79.290742,13.130809,0.2749,0.3821,0.3803,0.0622,Moderate (Same-Sensor Spectral Agreement),Q3: Moderate-High Relative Stress,2326
C_065_106,79.155994,13.193691,0.2749,0.192,0.2303,0.4025,Moderate (Compound Moisture/Vegetation Stress),Q3: Moderate-High Relative Stress,2327
C_047_058,78.724803,13.355388,0.2749,0.3044,0.4482,0.072,High (Multi-Source Convergence),Q3: Moderate-High Relative Stress,2328
C_071_059,78.733786,13.139792,0.2749,0.2495,0.4668,0.1084,High (Multi-Source Convergence),Q3: Moderate-High Relative Stress,2329
C_062_112,79.209893,13.220641,0.2748,0.2237,0.5264,0.0743,High (Multi-Source Convergence),Q3: Moderate-High Relative Stress,2330
C_050_100,79.102096,13.328439,0.2748,0.2644,0.2947,0.2653,High (Multi-Source Convergence),Q3: Moderate-High Relative Stress,2331
C_041_115,79.236843,13.409287,0.2747,0.2464,0.2192,0.3586,High (Multi-Source Convergence),Q3: Moderate-High Relative Stress,2332
C_094_033,78.500224,12.93318,0.2746,0.2551,0.4275,0.1411,High (Multi-Source Convergence),Q3: Moderate-High Relative Stress,2333
C_035_060,78.742769,13.463186,0.2746,0.1746,0.3844,0.2646,Moderate (Compound Moisture/Vegetation Stress),Q3: Moderate-High Relative Stress,2334
C_024_085,78.967348,13.562001,0.2745,0.1761,0.3034,0.3442,Moderate (Compound Moisture/Vegetation Stress),Q3: Moderate-High Relative Stress,2335
C_026_064,78.778702,13.544034,0.2745,0.3174,0.3752,0.131,High (Multi-Source Convergence),Q3: Moderate-High Relative Stress,2336
C_049_112,79.209893,13.337422,0.2744,0.1609,0.176,0.4863,Low (Single Evidence Family),Q3: Moderate-High Relative Stress,2337
C_053_127,79.344641,13.301489,0.2744,0.1568,0.3196,0.3468,Moderate (Compound Moisture/Vegetation Stress),Q3: Moderate-High Relative Stress,2338
C_036_072,78.850567,13.454203,0.2744,0.1967,0.4447,0.1818,Low (Single Evidence Family),Q3: Moderate-High Relative Stress,2339
C_047_037,78.536157,13.355388,0.2743,0.1666,0.5322,0.1241,Low (Single Evidence Family),Q3: Moderate-High Relative Stress,2340
C_076_041,78.57209,13.094877,0.2743,0.2532,0.4353,0.1343,High (Multi-Source Convergence),Q3: Moderate-High Relative Stress,2341
C_050_090,79.012264,13.328439,0.2741,0.2133,0.2809,0.3281,High (Multi-Source Convergence),Q3: Moderate-High Relative Stress,2342
C_051_111,79.20091,13.319455,0.274,0.2289,0.2552,0.338,High (Multi-Source Convergence),Q3: Moderate-High Relative Stress,2343
C_023_081,78.931416,13.570984,0.274,0.1031,0.2941,0.4247,Moderate (Compound Moisture/Vegetation Stress),Q3: Moderate-High Relative Stress,2344
C_057_109,79.182944,13.265557,0.2739,0.2186,0.397,0.206,High (Multi-Source Convergence),Q3: Moderate-High Relative Stress,2345
C_034_087,78.985315,13.472169,0.2739,0.3583,0.4445,0.019,Moderate (Same-Sensor Spectral Agreement),Q3: Moderate-High Relative Stress,2346
C_047_062,78.760736,13.355388,0.2738,0.1292,0.291,0.4012,Moderate (Compound Moisture/Vegetation Stress),Q3: Moderate-High Relative Stress,2347
C_106_019,78.37446,12.825382,0.2737,0.4482,0.2103,0.1624,High (Multi-Source Convergence),Q3: Moderate-High Relative Stress,2348
C_075_042,78.581073,13.10386,0.2737,0.1167,0.4861,0.2184,Moderate (Compound Moisture/Vegetation Stress),Q3: Moderate-High Relative Stress,2349
C_041_065,78.787685,13.409287,0.2737,0.1983,0.5756,0.0472,Low (Single Evidence Family),Q3: Moderate-High Relative Stress,2350
C_052_117,79.254809,13.310472,0.2735,0.2434,0.2375,0.3396,High (Multi-Source Convergence),Q3: Moderate-High Relative Stress,2351
C_047_066,78.796668,13.355388,0.2734,0.1722,0.5946,0.0534,Low (Single Evidence Family),Q3: Moderate-High Relative Stress,2352
C_069_099,79.093112,13.157759,0.2734,0.2156,0.4454,0.1592,High (Multi-Source Convergence),Q3: Moderate-High Relative Stress,2353
C_110_028,78.455309,12.789449,0.2733,0.2035,0.4917,0.1248,Moderate (Same-Sensor Spectral Agreement),Q3: Moderate-High Relative Stress,2354
C_040_088,78.994298,13.41827,0.2732,0.2281,0.3365,0.2551,High (Multi-Source Convergence),Q3: Moderate-High Relative Stress,2355
C_020_093,79.039214,13.597933,0.2731,0.1971,0.2924,0.3298,Moderate (Compound Moisture/Vegetation Stress),Q3: Moderate-High Relative Stress,2356
C_039_051,78.661921,13.427253,0.2731,0.2593,0.4538,0.1061,High (Multi-Source Convergence),Q3: Moderate-High Relative Stress,2357
C_071_095,79.05718,13.139792,0.2731,0.1634,0.6133,0.0426,Low (Single Evidence Family),Q3: Moderate-High Relative Stress,2358
C_105_028,78.455309,12.834365,0.2731,0.3359,0.2758,0.2076,High (Multi-Source Convergence),Q3: Moderate-High Relative Stress,2359
C_035_061,78.751753,13.463186,0.273,0.1849,0.4773,0.1569,Low (Single Evidence Family),Q3: Moderate-High Relative Stress,2360
C_073_110,79.191927,13.121826,0.273,0.1847,0.1725,0.4617,Low (Single Evidence Family),Q3: Moderate-High Relative Stress,2361
C_076_078,78.904466,13.094877,0.2729,0.3011,0.2678,0.2499,High (Multi-Source Convergence),Q3: Moderate-High Relative Stress,2362
C_048_151,79.566345,13.346405,0.2729,0.2704,0.3204,0.2279,High (Multi-Source Convergence),Q3: Moderate-High Relative Stress,2363
C_059_123,79.308708,13.24759,0.2728,0.5002,0.2126,0.1054,High (Multi-Source Convergence),Q3: Moderate-High Relative Stress,2364
C_057_118,79.263792,13.265557,0.2728,0.2731,0.3573,0.188,High (Multi-Source Convergence),Q3: Moderate-High Relative Stress,2365
C_074_036,78.527174,13.112843,0.2728,0.2458,0.3128,0.2597,High (Multi-Source Convergence),Q3: Moderate-High Relative Stress,2366
C_049_128,79.353624,13.337422,0.2727,0.1324,0.3169,0.3687,Moderate (Compound Moisture/Vegetation Stress),Q3: Moderate-High Relative Stress,2367
C_029_065,78.787685,13.517085,0.2727,0.1903,0.462,0.1657,Low (Single Evidence Family),Q3: Moderate-High Relative Stress,2368
C_096_043,78.590056,12.915214,0.2727,0.25,0.568,0.0,Moderate (Same-Sensor Spectral Agreement),Q3: Moderate-High Relative Stress,2369
C_112_020,78.383443,12.771483,0.2726,0.2287,0.0908,0.4984,Moderate (Compound Urban/Water Signal),Q3: Moderate-High Relative Stress,2370
C_057_043,78.590056,13.265557,0.2726,0.2044,0.2948,0.3187,High (Multi-Source Convergence),Q3: Moderate-High Relative Stress,2371
C_051_105,79.147011,13.319455,0.2726,0.2479,0.3171,0.2528,High (Multi-Source Convergence),Q3: Moderate-High Relative Stress,2372
C_077_072,78.850567,13.085893,0.2725,0.3507,0.4657,0.001,Moderate (Same-Sensor Spectral Agreement),Q3: Moderate-High Relative Stress,2373
C_077_102,79.120062,13.085893,0.2725,0.2419,0.2319,0.3435,High (Multi-Source Convergence),Q3: Moderate-High Relative Stress,2374
C_040_086,78.976331,13.41827,0.2725,0.1584,0.3252,0.334,Moderate (Compound Moisture/Vegetation Stress),Q3: Moderate-High Relative Stress,2375
C_067_092,79.03023,13.175725,0.2725,0.1466,0.646,0.0249,Low (Single Evidence Family),Q3: Moderate-High Relative Stress,2376
C_055_103,79.129045,13.283523,0.2724,0.23,0.5345,0.0527,High (Multi-Source Convergence),Q3: Moderate-High Relative Stress,2377
C_067_057,78.71582,13.175725,0.2724,0.2657,0.4653,0.0861,High (Multi-Source Convergence),Q3: Moderate-High Relative Stress,2378
C_044_063,78.769719,13.382338,0.2724,0.2249,0.5905,0.002,Moderate (Same-Sensor Spectral Agreement),Q3: Moderate-High Relative Stress,2379
C_052_167,79.710075,13.310472,0.2723,0.2581,0.2315,0.3272,High (Multi-Source Convergence),Q3: Moderate-High Relative Stress,2380
C_037_133,79.39854,13.44522,0.2723,0.1277,0.2295,0.4598,Moderate (Compound Moisture/Vegetation Stress),Q3: Moderate-High Relative Stress,2381
C_046_111,79.20091,13.364371,0.2722,0.3236,0.3149,0.1781,High (Multi-Source Convergence),Q3: Moderate-High Relative Stress,2382
C_063_086,78.976331,13.211658,0.272,0.2234,0.1338,0.4588,Moderate (Compound Urban/Water Signal),Q3: Moderate-High Relative Stress,2383
C_035_128,79.353624,13.463186,0.2717,0.293,0.272,0.2501,High (Multi-Source Convergence),Q3: Moderate-High Relative Stress,2384
C_097_044,78.599039,12.90623,0.2717,0.297,0.516,0.002,Moderate (Same-Sensor Spectral Agreement),Q3: Moderate-High Relative Stress,2385
C_055_112,79.209893,13.283523,0.2715,0.0276,0.2083,0.5787,Moderate (Compound Moisture/Vegetation Stress),Q3: Moderate-High Relative Stress,2386
C_048_100,79.102096,13.346405,0.2715,0.1857,0.1599,0.4689,Low (Single Evidence Family),Q3: Moderate-High Relative Stress,2387
C_041_090,79.012264,13.409287,0.2715,0.2186,0.1675,0.4283,Moderate (Compound Urban/Water Signal),Q3: Moderate-High Relative Stress,2388
C_077_109,79.182944,13.085893,0.2715,0.1285,0.1935,0.4923,Low (Single Evidence Family),Q3: Moderate-High Relative Stress,2389
C_051_149,79.548379,13.319455,0.2714,0.1534,0.2315,0.4294,Moderate (Compound Moisture/Vegetation Stress),Q3: Moderate-High Relative Stress,2390
C_036_057,78.71582,13.454203,0.2714,0.2793,0.5073,0.0275,High (Multi-Source Convergence),Q3: Moderate-High Relative Stress,2391
C_100_044,78.599039,12.879281,0.2714,0.2285,0.5804,0.0052,Moderate (Same-Sensor Spectral Agreement),Q3: Moderate-High Relative Stress,2392
C_029_077,78.895483,13.517085,0.2711,0.2231,0.3126,0.2777,High (Multi-Source Convergence),Q3: Moderate-High Relative Stress,2393
C_057_093,79.039214,13.265557,0.2711,0.2264,0.3515,0.2355,High (Multi-Source Convergence),Q3: Moderate-High Relative Stress,2394
C_114_018,78.365477,12.753517,0.271,0.3351,0.1488,0.3291,Moderate (Compound Urban/Water Signal),Q3: Moderate-High Relative Stress,2395
C_104_031,78.482258,12.843348,0.2709,0.1747,0.2089,0.429,Moderate (Compound Moisture/Vegetation Stress),Q3: Moderate-High Relative Stress,2396
C_047_068,78.814635,13.355388,0.2708,0.2519,0.4513,0.1091,High (Multi-Source Convergence),Q3: Moderate-High Relative Stress,2397
C_059_089,79.003281,13.24759,0.2706,0.155,0.1704,0.4863,Low (Single Evidence Family),Q3: Moderate-High Relative Stress,2398
C_046_106,79.155994,13.364371,0.2703,0.341,0.3651,0.1048,High (Multi-Source Convergence),Q3: Moderate-High Relative Stress,2399
C_118_008,78.275646,12.717584,0.2703,0.239,0.4071,0.1647,High (Multi-Source Convergence),Q3: Moderate-High Relative Stress,2400
C_101_028,78.455309,12.870298,0.2702,0.1909,0.1965,0.4231,Low (Single Evidence Family),Q3: Moderate-High Relative Stress,2401
C_059_097,79.075146,13.24759,0.2702,0.2136,0.3001,0.297,High (Multi-Source Convergence),Q3: Moderate-High Relative Stress,2402
C_088_044,78.599039,12.987079,0.2702,0.242,0.5686,0.0,Moderate (Same-Sensor Spectral Agreement),Q3: Moderate-High Relative Stress,2403
C_030_067,78.805652,13.508102,0.2702,0.2766,0.5028,0.0311,High (Multi-Source Convergence),Q3: Moderate-High Relative Stress,2404
C_038_129,79.362607,13.436236,0.2701,0.1922,0.2439,0.3743,Moderate (Compound Moisture/Vegetation Stress),Q3: Moderate-High Relative Stress,2405
C_067_114,79.22786,13.175725,0.2701,0.1414,0.5324,0.1366,Low (Single Evidence Family),Q3: Moderate-High Relative Stress,2406
C_069_098,79.084129,13.157759,0.2701,0.3163,0.3408,0.1533,High (Multi-Source Convergence),Q3: Moderate-High Relative Stress,2407
C_094_024,78.419376,12.93318,0.27,0.1238,0.2797,0.4065,Moderate (Compound Moisture/Vegetation Stress),Q3: Moderate-High Relative Stress,2408
C_027_071,78.841584,13.535051,0.27,0.2406,0.5695,0.0,Moderate (Same-Sensor Spectral Agreement),Q3: Moderate-High Relative Stress,2409
C_050_092,79.03023,13.328439,0.27,0.1107,0.2959,0.4035,Moderate (Compound Moisture/Vegetation Stress),Q3: Moderate-High Relative Stress,2410
C_060_067,78.805652,13.238607,0.2699,0.2333,0.5756,0.0007,Moderate (Same-Sensor Spectral Agreement),Q3: Moderate-High Relative Stress,2411
C_056_158,79.629227,13.27454,0.2698,0.1032,0.2086,0.4976,Moderate (Compound Moisture/Vegetation Stress),Q3: Moderate-High Relative Stress,2412
C_106_016,78.347511,12.825382,0.2698,0.3095,0.3698,0.13,High (Multi-Source Convergence),Q3: Moderate-High Relative Stress,2413
C_097_020,78.383443,12.90623,0.2697,0.0639,0.1279,0.6174,Low (Single Evidence Family),Q3: Moderate-High Relative Stress,2414
C_057_122,79.299725,13.265557,0.2697,0.1038,0.2445,0.4608,Moderate (Compound Moisture/Vegetation Stress),Q3: Moderate-High Relative Stress,2415
C_113_008,78.275646,12.7625,0.2697,0.2994,0.3729,0.1369,High (Multi-Source Convergence),Q3: Moderate-High Relative Stress,2416
C_038_047,78.625988,13.436236,0.2697,0.1856,0.3581,0.2653,Moderate (Compound Moisture/Vegetation Stress),Q3: Moderate-High Relative Stress,2417
C_097_030,78.473275,12.90623,0.2696,0.2905,0.2496,0.2685,High (Multi-Source Convergence),Q3: Moderate-High Relative Stress,2418
C_108_011,78.302595,12.807416,0.2696,0.2848,0.2138,0.3101,High (Multi-Source Convergence),Q3: Moderate-High Relative Stress,2419
C_073_054,78.688871,13.121826,0.2695,0.2246,0.5048,0.0789,High (Multi-Source Convergence),Q3: Moderate-High Relative Stress,2420
C_059_127,79.344641,13.24759,0.2695,0.2141,0.4705,0.1239,High (Multi-Source Convergence),Q3: Moderate-High Relative Stress,2421
C_042_063,78.769719,13.400304,0.2693,0.2913,0.5127,0.0039,Moderate (Same-Sensor Spectral Agreement),Q3: Moderate-High Relative Stress,2422
C_070_047,78.625988,13.148776,0.2693,0.2271,0.2953,0.2856,High (Multi-Source Convergence),Q3: Moderate-High Relative Stress,2423
C_036_056,78.706837,13.454203,0.2693,0.1939,0.5114,0.1025,Low (Single Evidence Family),Q3: Moderate-High Relative Stress,2424
C_043_044,78.599039,13.391321,0.2691,0.1864,0.531,0.0901,Low (Single Evidence Family),Q3: Moderate-High Relative Stress,2425
C_098_019,78.37446,12.897247,0.269,0.1324,0.233,0.4418,Moderate (Compound Moisture/Vegetation Stress),Q3: Moderate-High Relative Stress,2426
C_081_105,79.147011,13.049961,0.269,0.1763,0.3064,0.3242,Moderate (Compound Moisture/Vegetation Stress),Q3: Moderate-High Relative Stress,2427
C_068_116,79.245826,13.166742,0.269,0.2501,0.3265,0.2305,High (Multi-Source Convergence),Q3: Moderate-High Relative Stress,2428
C_049_111,79.20091,13.337422,0.269,0.2526,0.3733,0.1811,High (Multi-Source Convergence),Q3: Moderate-High Relative Stress,2429
C_037_134,79.407523,13.44522,0.2689,0.2373,0.2194,0.3501,High (Multi-Source Convergence),Q3: Moderate-High Relative Stress,2430
C_030_059,78.733786,13.508102,0.2688,0.3864,0.42,0.0,Moderate (Same-Sensor Spectral Agreement),Q3: Moderate-High Relative Stress,2431
C_105_017,78.356494,12.834365,0.2687,0.2068,0.227,0.3723,High (Multi-Source Convergence),Q3: Moderate-High Relative Stress,2432
C_032_050,78.652938,13.490135,0.2685,0.162,0.6436,0.0,Low (Single Evidence Family),Q3: Moderate-High Relative Stress,2433
C_072_098,79.084129,13.130809,0.2685,0.162,0.3951,0.2482,Moderate (Compound Moisture/Vegetation Stress),Q3: Moderate-High Relative Stress,2434
C_117_015,78.338528,12.726567,0.2685,0.165,0.3694,0.2712,Moderate (Compound Moisture/Vegetation Stress),Q3: Moderate-High Relative Stress,2435
C_019_067,78.805652,13.606916,0.2684,0.083,0.2044,0.5177,Moderate (Compound Moisture/Vegetation Stress),Q3: Moderate-High Relative Stress,2436
C_107_010,78.293612,12.816399,0.2684,0.4088,0.288,0.1084,High (Multi-Source Convergence),Q3: Moderate-High Relative Stress,2437
C_074_060,78.742769,13.112843,0.2682,0.2546,0.4443,0.1058,High (Multi-Source Convergence),Q3: Moderate-High Relative Stress,2438
C_051_040,78.563106,13.319455,0.2682,0.2899,0.3587,0.1559,Moderate (Same-Sensor Spectral Agreement),Q3: Moderate-High Relative Stress,2439
C_065_070,78.832601,13.193691,0.2681,0.1825,0.6203,0.0016,Low (Single Evidence Family),Q3: Moderate-High Relative Stress,2440
C_122_018,78.365477,12.681652,0.268,0.2974,0.1303,0.3763,Moderate (Compound Urban/Water Signal),Q3: Moderate-High Relative Stress,2441
C_064_121,79.290742,13.202674,0.268,0.326,0.3552,0.1228,High (Multi-Source Convergence),Q3: Moderate-High Relative Stress,2442
C_060_173,79.763974,13.238607,0.268,0.038,0.0494,0.7165,Low (Single Evidence Family),Q3: Moderate-High Relative Stress,2443
C_095_031,78.482258,12.924197,0.268,0.332,0.3015,0.1706,High (Multi-Source Convergence),Q3: Moderate-High Relative Stress,2444
C_072_048,78.634972,13.130809,0.2679,0.2065,0.3073,0.2898,High (Multi-Source Convergence),Q3: Moderate-High Relative Stress,2445
C_117_011,78.302595,12.726567,0.2679,0.2947,0.353,0.1562,High (Multi-Source Convergence),Q3: Moderate-High Relative Stress,2446
C_067_112,79.209893,13.175725,0.2678,0.2247,0.3433,0.2355,High (Multi-Source Convergence),Q3: Moderate-High Relative Stress,2447
C_074_059,78.733786,13.112843,0.2676,0.2897,0.3425,0.1706,High (Multi-Source Convergence),Q3: Moderate-High Relative Stress,2448
C_086_037,78.536157,13.005045,0.2676,0.2403,0.3995,0.1631,High (Multi-Source Convergence),Q3: Moderate-High Relative Stress,2449
C_088_038,78.54514,12.987079,0.2676,0.235,0.291,0.2767,High (Multi-Source Convergence),Q3: Moderate-High Relative Stress,2450
C_045_098,79.084129,13.373354,0.2675,0.2419,0.2986,0.262,High (Multi-Source Convergence),Q3: Moderate-High Relative Stress,2451
C_036_093,79.039214,13.454203,0.2675,0.3367,0.2873,0.1785,High (Multi-Source Convergence),Q3: Moderate-High Relative Stress,2452
C_036_045,78.608022,13.454203,0.2675,0.2508,0.4087,0.1431,High (Multi-Source Convergence),Q3: Moderate-High Relative Stress,2453
C_102_029,78.464292,12.861315,0.2675,0.1618,0.1747,0.466,Low (Single Evidence Family),Q3: Moderate-High Relative Stress,2454
C_054_109,79.182944,13.292506,0.2674,0.1899,0.3978,0.2145,Moderate (Compound Moisture/Vegetation Stress),Q3: Moderate-High Relative Stress,2455
C_019_092,79.03023,13.606916,0.2674,0.2578,0.4783,0.0662,High (Multi-Source Convergence),Q3: Moderate-High Relative Stress,2456
C_038_128,79.353624,13.436236,0.2673,0.1519,0.3562,0.2937,Moderate (Compound Moisture/Vegetation Stress),Q3: Moderate-High Relative Stress,2457
C_036_131,79.380573,13.454203,0.2671,0.0978,0.2673,0.4362,Moderate (Compound Moisture/Vegetation Stress),Q3: Moderate-High Relative Stress,2458
C_025_085,78.967348,13.553017,0.2671,0.1166,0.3064,0.3782,Moderate (Compound Moisture/Vegetation Stress),Q3: Moderate-High Relative Stress,2459
C_025_068,78.814635,13.553017,0.2671,0.1829,0.4163,0.2021,Moderate (Compound Moisture/Vegetation Stress),Q3: Moderate-High Relative Stress,2460
C_038_040,78.563106,13.436236,0.267,0.3429,0.3412,0.1169,High (Multi-Source Convergence),Q3: Moderate-High Relative Stress,2461
C_033_063,78.769719,13.481152,0.2669,0.2283,0.4419,0.1307,High (Multi-Source Convergence),Q3: Moderate-High Relative Stress,2462
C_069_102,79.120062,13.157759,0.2668,0.2227,0.2618,0.316,High (Multi-Source Convergence),Q3: Moderate-High Relative Stress,2463
C_083_107,79.164978,13.031995,0.2667,0.4396,0.2377,0.1228,High (Multi-Source Convergence),Q3: Moderate-High Relative Stress,2464
C_050_052,78.670904,13.328439,0.2667,0.2327,0.4423,0.1251,High (Multi-Source Convergence),Q3: Moderate-High Relative Stress,2465
C_081_035,78.518191,13.049961,0.2667,0.2718,0.2381,0.2901,High (Multi-Source Convergence),Q3: Moderate-High Relative Stress,2466
C_053_082,78.940399,13.301489,0.2666,0.2423,0.1795,0.3779,Moderate (Compound Urban/Water Signal),Q3: Moderate-High Relative Stress,2467
C_074_110,79.191927,13.112843,0.2665,0.1575,0.2745,0.3674,Moderate (Compound Moisture/Vegetation Stress),Q3: Moderate-High Relative Stress,2468
C_050_110,79.191927,13.328439,0.2664,0.2039,0.3081,0.2872,High (Multi-Source Convergence),Q3: Moderate-High Relative Stress,2469
C_056_082,78.940399,13.27454,0.2662,0.1342,0.3328,0.3317,Moderate (Compound Moisture/Vegetation Stress),Q3: Moderate-High Relative Stress,2470
C_071_106,79.155994,13.139792,0.2662,0.2191,0.3145,0.2649,High (Multi-Source Convergence),Q3: Moderate-High Relative Stress,2471
C_063_112,79.209893,13.211658,0.2661,0.1614,0.2455,0.3913,Moderate (Compound Moisture/Vegetation Stress),Q3: Moderate-High Relative Stress,2472
C_107_012,78.311578,12.816399,0.2661,0.3213,0.3614,0.1156,High (Multi-Source Convergence),Q3: Moderate-High Relative Stress,2473
C_068_098,79.084129,13.166742,0.2661,0.3273,0.2855,0.1857,High (Multi-Source Convergence),Q3: Moderate-High Relative Stress,2474
C_024_070,78.832601,13.562001,0.2661,0.2347,0.264,0.2996,High (Multi-Source Convergence),Q3: Moderate-High Relative Stress,2475
C_113_012,78.311578,12.7625,0.266,0.2257,0.4353,0.1369,High (Multi-Source Convergence),Q3: Moderate-High Relative Stress,2476
C_071_063,78.769719,13.139792,0.2659,0.2265,0.5588,0.0124,Moderate (Same-Sensor Spectral Agreement),Q3: Moderate-High Relative Stress,2477
C_105_010,78.293612,12.834365,0.2658,0.2242,0.3466,0.2266,High (Multi-Source Convergence),Q3: Moderate-High Relative Stress,2478
C_065_126,79.335658,13.193691,0.2658,0.2053,0.4242,0.168,High (Multi-Source Convergence),Q3: Moderate-High Relative Stress,2479
C_022_087,78.985315,13.579967,0.2657,0.097,0.1953,0.5046,Low (Single Evidence Family),Q3: Moderate-High Relative Stress,2480
C_048_117,79.254809,13.346405,0.2656,0.2001,0.3427,0.2541,High (Multi-Source Convergence),Q3: Moderate-High Relative Stress,2481
C_095_028,78.455309,12.924197,0.2656,0.2384,0.4491,0.1094,High (Multi-Source Convergence),Q3: Moderate-High Relative Stress,2482
C_033_086,78.976331,13.481152,0.2654,0.3237,0.4713,0.0013,Moderate (Same-Sensor Spectral Agreement),Q3: Moderate-High Relative Stress,2483
C_040_046,78.617005,13.41827,0.2654,0.1736,0.4838,0.1389,Low (Single Evidence Family),Q3: Moderate-High Relative Stress,2484
C_075_107,79.164978,13.10386,0.265,0.204,0.2657,0.3252,High (Multi-Source Convergence),Q3: Moderate-High Relative Stress,2485
C_033_087,78.985315,13.481152,0.265,0.3267,0.4682,0.0,Moderate (Same-Sensor Spectral Agreement),Q3: Moderate-High Relative Stress,2486
C_057_119,79.272775,13.265557,0.2649,0.2132,0.3381,0.2433,High (Multi-Source Convergence),Q3: Moderate-High Relative Stress,2487
C_049_051,78.661921,13.337422,0.2648,0.2497,0.5018,0.0429,High (Multi-Source Convergence),Q3: Moderate-High Relative Stress,2488
C_117_004,78.239713,12.726567,0.2648,0.3012,0.4933,0.0,Moderate (Same-Sensor Spectral Agreement),Q3: Moderate-High Relative Stress,2489
C_071_097,79.075146,13.139792,0.2647,0.174,0.4674,0.1526,Low (Single Evidence Family),Q3: Moderate-High Relative Stress,2490
C_126_023,78.410393,12.645719,0.2646,0.213,0.1784,0.4025,Moderate (Compound Urban/Water Signal),Q3: Moderate-High Relative Stress,2491
C_058_077,78.895483,13.256573,0.2646,0.2862,0.2774,0.2302,High (Multi-Source Convergence),Q3: Moderate-High Relative Stress,2492
C_021_089,79.003281,13.58895,0.2646,0.1561,0.3289,0.3088,Moderate (Compound Moisture/Vegetation Stress),Q3: Moderate-High Relative Stress,2493
C_031_071,78.841584,13.499119,0.2645,0.2774,0.3982,0.1179,High (Multi-Source Convergence),Q3: Moderate-High Relative Stress,2494
C_036_051,78.661921,13.454203,0.2644,0.2844,0.3532,0.1556,High (Multi-Source Convergence),Q3: Moderate-High Relative Stress,2495
C_045_052,78.670904,13.373354,0.2644,0.2413,0.4456,0.1064,Moderate (Same-Sensor Spectral Agreement),Q3: Moderate-High Relative Stress,2496
C_067_110,79.191927,13.175725,0.2642,0.1617,0.2447,0.3861,Moderate (Compound Moisture/Vegetation Stress),Q3: Moderate-High Relative Stress,2497
C_051_120,79.281759,13.319455,0.2641,0.1628,0.3988,0.2305,Moderate (Compound Moisture/Vegetation Stress),Q3: Moderate-High Relative Stress,2498
C_112_011,78.302595,12.771483,0.264,0.3545,0.2299,0.2076,High (Multi-Source Convergence),Q3: Moderate-High Relative Stress,2499
C_116_022,78.40141,12.735551,0.264,0.2575,0.1574,0.3769,Moderate (Compound Urban/Water Signal),Q3: Moderate-High Relative Stress,2500
C_066_120,79.281759,13.184708,0.2638,0.1257,0.2935,0.3723,Moderate (Compound Moisture/Vegetation Stress),Q3: Moderate-High Relative Stress,2501
C_029_082,78.940399,13.517085,0.2638,0.1718,0.3857,0.2338,Moderate (Compound Moisture/Vegetation Stress),Q3: Moderate-High Relative Stress,2502
C_009_093,79.039214,13.696748,0.2638,0.2128,0.3762,0.2024,High (Multi-Source Convergence),Q3: Moderate-High Relative Stress,2503
C_060_099,79.093112,13.238607,0.2636,0.3647,0.2496,0.1765,High (Multi-Source Convergence),Q3: Moderate-High Relative Stress,2504
C_043_111,79.20091,13.391321,0.2636,0.228,0.3206,0.242,High (Multi-Source Convergence),Q3: Moderate-High Relative Stress,2505
C_058_105,79.147011,13.256573,0.2635,0.21,0.4847,0.096,High (Multi-Source Convergence),Q3: Moderate-High Relative Stress,2506
C_064_117,79.254809,13.202674,0.2635,0.2828,0.3536,0.1542,High (Multi-Source Convergence),Q3: Moderate-High Relative Stress,2507
C_062_091,79.021247,13.220641,0.2633,0.25,0.2295,0.3104,High (Multi-Source Convergence),Q3: Moderate-High Relative Stress,2508
C_043_119,79.272775,13.391321,0.2631,0.0936,0.1869,0.5089,Low (Single Evidence Family),Q3: Moderate-High Relative Stress,2509
C_071_098,79.084129,13.139792,0.263,0.1104,0.4318,0.2469,Moderate (Compound Moisture/Vegetation Stress),Q3: Moderate-High Relative Stress,2510
C_052_109,79.182944,13.310472,0.263,0.2602,0.2396,0.2892,High (Multi-Source Convergence),Q3: Moderate-High Relative Stress,2511
C_040_071,78.841584,13.41827,0.2629,0.1825,0.3684,0.2377,Moderate (Compound Moisture/Vegetation Stress),Q3: Moderate-High Relative Stress,2512
C_068_043,78.590056,13.166742,0.2628,0.2648,0.2455,0.278,High (Multi-Source Convergence),Q3: Moderate-High Relative Stress,2513
C_056_112,79.209893,13.27454,0.2627,0.1615,0.3993,0.2273,Moderate (Compound Moisture/Vegetation Stress),Q3: Moderate-High Relative Stress,2514
C_113_004,78.239713,12.7625,0.2627,0.2985,0.4897,0.0,High (Multi-Source Convergence),Q3: Moderate-High Relative Stress,2515
C_059_119,79.272775,13.24759,0.2626,0.2372,0.3982,0.1523,High (Multi-Source Convergence),Q3: Moderate-High Relative Stress,2516
C_065_048,78.634972,13.193691,0.2626,0.1914,0.4869,0.1094,Low (Single Evidence Family),Q3: Moderate-High Relative Stress,2517
C_009_094,79.048197,13.696748,0.2625,0.1923,0.4575,0.1379,Low (Single Evidence Family),Q3: Moderate-High Relative Stress,2518
C_008_097,79.075146,13.705731,0.2624,0.2176,0.4258,0.1438,Moderate (Same-Sensor Spectral Agreement),Q3: Moderate-High Relative Stress,2519
C_038_049,78.643955,13.436236,0.2624,0.1525,0.3772,0.2574,Moderate (Compound Moisture/Vegetation Stress),Q3: Moderate-High Relative Stress,2520
C_036_119,79.272775,13.454203,0.2624,0.0885,0.339,0.3599,Moderate (Compound Moisture/Vegetation Stress),Q3: Moderate-High Relative Stress,2521
C_033_081,78.931416,13.481152,0.2623,0.2355,0.4643,0.0871,High (Multi-Source Convergence),Q3: Moderate-High Relative Stress,2522
C_065_113,79.218877,13.193691,0.2623,0.076,0.4742,0.2368,Moderate (Compound Moisture/Vegetation Stress),Q3: Moderate-High Relative Stress,2523
C_055_116,79.245826,13.283523,0.2623,0.2567,0.198,0.3321,Moderate (Compound Urban/Water Signal),Q3: Moderate-High Relative Stress,2524
C_075_099,79.093112,13.10386,0.2623,0.1416,0.3635,0.282,Moderate (Compound Moisture/Vegetation Stress),Q3: Moderate-High Relative Stress,2525
C_077_108,79.173961,13.085893,0.2622,0.1233,0.2585,0.4048,Moderate (Compound Moisture/Vegetation Stress),Q3: Moderate-High Relative Stress,2526
C_095_018,78.365477,12.924197,0.2622,0.123,0.3276,0.3359,Moderate (Compound Moisture/Vegetation Stress),Q3: Moderate-High Relative Stress,2527
C_097_023,78.410393,12.90623,0.2622,0.1596,0.1921,0.435,Low (Single Evidence Family),Q3: Moderate-High Relative Stress,2528
C_061_056,78.706837,13.229624,0.2621,0.2427,0.4023,0.1411,High (Multi-Source Convergence),Q3: Moderate-High Relative Stress,2529
C_024_069,78.823618,13.562001,0.2621,0.1437,0.3357,0.3068,Moderate (Compound Moisture/Vegetation Stress),Q3: Moderate-High Relative Stress,2530
C_123_021,78.392426,12.672668,0.262,0.2693,0.1167,0.4002,Moderate (Compound Urban/Water Signal),Q3: Moderate-High Relative Stress,2531
C_047_137,79.440581,13.355388,0.262,0.2592,0.4035,0.1232,High (Multi-Source Convergence),Q3: Moderate-High Relative Stress,2532
C_066_077,78.895483,13.184708,0.2619,0.1565,0.3087,0.3206,Moderate (Compound Moisture/Vegetation Stress),Q3: Moderate-High Relative Stress,2533
C_057_083,78.949382,13.265557,0.2619,0.1435,0.1527,0.4896,Low (Single Evidence Family),Q3: Moderate-High Relative Stress,2534
C_039_090,79.012264,13.427253,0.2619,0.1173,0.2649,0.4035,Moderate (Compound Moisture/Vegetation Stress),Q3: Moderate-High Relative Stress,2535
C_035_088,78.994298,13.463186,0.2618,0.4076,0.3777,0.0,Moderate (Same-Sensor Spectral Agreement),Q3: Moderate-High Relative Stress,2536
C_081_051,78.661921,13.049961,0.2618,0.2301,0.5246,0.0308,Moderate (Same-Sensor Spectral Agreement),Q3: Moderate-High Relative Stress,2537
C_026_099,79.093112,13.544034,0.2616,0.227,0.3451,0.2125,High (Multi-Source Convergence),Q3: Moderate-High Relative Stress,2538
C_011_097,79.075146,13.678782,0.2616,0.1347,0.2806,0.3694,Moderate (Compound Moisture/Vegetation Stress),Q3: Moderate-High Relative Stress,2539
C_039_045,78.608022,13.427253,0.2616,0.2423,0.4067,0.1359,High (Multi-Source Convergence),Q3: Moderate-High Relative Stress,2540
C_077_074,78.868534,13.085893,0.2615,0.2539,0.5289,0.0016,Moderate (Same-Sensor Spectral Agreement),Q3: Moderate-High Relative Stress,2541
C_124_021,78.392426,12.663685,0.2615,0.289,0.0969,0.3985,Moderate (Compound Urban/Water Signal),Q3: Moderate-High Relative Stress,2542
C_059_052,78.670904,13.24759,0.2615,0.2215,0.3754,0.1876,High (Multi-Source Convergence),Q3: Moderate-High Relative Stress,2543
C_038_091,79.021247,13.436236,0.2613,0.2508,0.3439,0.1893,High (Multi-Source Convergence),Q3: Moderate-High Relative Stress,2544
C_077_035,78.518191,13.085893,0.2613,0.2744,0.453,0.0567,High (Multi-Source Convergence),Q3: Moderate-High Relative Stress,2545
C_064_108,79.173961,13.202674,0.2612,0.1033,0.1078,0.5724,Low (Single Evidence Family),Q3: Moderate-High Relative Stress,2546
C_038_096,79.066163,13.436236,0.261,0.1492,0.3577,0.2761,Moderate (Compound Moisture/Vegetation Stress),Q3: Moderate-High Relative Stress,2547
C_098_043,78.590056,12.897247,0.261,0.2694,0.5137,0.0,Moderate (Same-Sensor Spectral Agreement),Q3: Moderate-High Relative Stress,2548
C_092_026,78.437342,12.951146,0.2608,0.1821,0.4653,0.1349,Low (Single Evidence Family),Q3: Moderate-High Relative Stress,2549
C_056_081,78.931416,13.27454,0.2607,0.1822,0.3585,0.2414,Moderate (Compound Moisture/Vegetation Stress),Q3: Moderate-High Relative Stress,2550
C_061_041,78.57209,13.229624,0.2607,0.1432,0.3126,0.3262,Moderate (Compound Moisture/Vegetation Stress),Q3: Moderate-High Relative Stress,2551
C_036_089,79.003281,13.454203,0.2607,0.1932,0.2486,0.3402,Moderate (Compound Moisture/Vegetation Stress),Q3: Moderate-High Relative Stress,2552
C_048_092,79.03023,13.346405,0.2607,0.2214,0.1288,0.4319,Moderate (Compound Urban/Water Signal),Q3: Moderate-High Relative Stress,2553
C_095_029,78.464292,12.924197,0.2606,0.1126,0.4038,0.2656,Moderate (Compound Moisture/Vegetation Stress),Q3: Moderate-High Relative Stress,2554
C_104_027,78.446325,12.843348,0.2606,0.2856,0.1758,0.3206,Moderate (Compound Urban/Water Signal),Q3: Moderate-High Relative Stress,2555
C_037_132,79.389556,13.44522,0.2606,0.1571,0.3134,0.3111,Moderate (Compound Moisture/Vegetation Stress),Q3: Moderate-High Relative Stress,2556
C_057_060,78.742769,13.265557,0.2605,0.21,0.4215,0.15,Moderate (Same-Sensor Spectral Agreement),Q3: Moderate-High Relative Stress,2557
C_042_086,78.976331,13.400304,0.2604,0.1989,0.3573,0.225,Moderate (Compound Moisture/Vegetation Stress),Q3: Moderate-High Relative Stress,2558
C_035_055,78.697854,13.463186,0.2604,0.2573,0.396,0.128,High (Multi-Source Convergence),Q3: Moderate-High Relative Stress,2559
C_103_030,78.473275,12.852332,0.2603,0.0956,0.3157,0.3697,Moderate (Compound Moisture/Vegetation Stress),Q3: Moderate-High Relative Stress,2560
C_076_038,78.54514,13.094877,0.2603,0.2896,0.3289,0.1624,High (Multi-Source Convergence),Q3: Moderate-High Relative Stress,2561
C_059_133,79.39854,13.24759,0.2603,0.2203,0.3583,0.2024,High (Multi-Source Convergence),Q3: Moderate-High Relative Stress,2562
C_098_032,78.491241,12.897247,0.2602,0.291,0.4114,0.0783,High (Multi-Source Convergence),Q3: Moderate-High Relative Stress,2563
C_069_044,78.599039,13.157759,0.2602,0.2476,0.2688,0.2643,High (Multi-Source Convergence),Q3: Moderate-High Relative Stress,2564
C_079_052,78.670904,13.067927,0.2601,0.2627,0.2968,0.2207,High (Multi-Source Convergence),Q3: Moderate-High Relative Stress,2565
C_118_013,78.320561,12.717584,0.2601,0.1567,0.0858,0.5377,Low (Single Evidence Family),Q3: Moderate-High Relative Stress,2566
C_040_091,79.021247,13.41827,0.2601,0.1686,0.3007,0.3111,Moderate (Compound Moisture/Vegetation Stress),Q3: Moderate-High Relative Stress,2567
C_029_081,78.931416,13.517085,0.26,0.1906,0.3984,0.1909,Low (Single Evidence Family),Q3: Moderate-High Relative Stress,2568
C_054_102,79.120062,13.292506,0.2599,0.3799,0.2356,0.1641,High (Multi-Source Convergence),Q3: Moderate-High Relative Stress,2569
C_054_107,79.164978,13.292506,0.2599,0.2178,0.3184,0.2436,High (Multi-Source Convergence),Q3: Moderate-High Relative Stress,2570
C_038_090,79.012264,13.436236,0.2599,0.3542,0.3087,0.1169,High (Multi-Source Convergence),Q3: Moderate-High Relative Stress,2571
C_066_121,79.290742,13.184708,0.2598,0.1505,0.3075,0.3213,Moderate (Compound Moisture/Vegetation Stress),Q3: Moderate-High Relative Stress,2572
C_103_022,78.40141,12.852332,0.2598,0.2889,0.0978,0.3926,Moderate (Compound Urban/Water Signal),Q3: Moderate-High Relative Stress,2573
C_053_045,78.608022,13.301489,0.2597,0.2714,0.4077,0.0999,Moderate (Same-Sensor Spectral Agreement),Q3: Moderate-High Relative Stress,2574
C_062_104,79.138028,13.220641,0.2597,0.4024,0.2486,0.128,High (Multi-Source Convergence),Q3: Moderate-High Relative Stress,2575
C_098_020,78.383443,12.897247,0.2597,0.2017,0.1048,0.4726,Moderate (Compound Urban/Water Signal),Q3: Moderate-High Relative Stress,2576
C_060_109,79.182944,13.238607,0.2597,0.3404,0.1657,0.2731,Moderate (Compound Urban/Water Signal),Q3: Moderate-High Relative Stress,2577
C_108_041,78.57209,12.807416,0.2596,0.0906,0.1852,0.503,Low (Single Evidence Family),Q3: Moderate-High Relative Stress,2578
C_076_085,78.967348,13.094877,0.2596,0.1183,0.164,0.4965,Low (Single Evidence Family),Q3: Moderate-High Relative Stress,2579
C_028_066,78.796668,13.526068,0.2596,0.1575,0.4283,0.1929,Low (Single Evidence Family),Q3: Moderate-High Relative Stress,2580
C_074_070,78.832601,13.112843,0.2596,0.2921,0.4867,0.0,Moderate (Same-Sensor Spectral Agreement),Q3: Moderate-High Relative Stress,2581
C_089_031,78.482258,12.978096,0.2595,0.1823,0.3624,0.2338,Moderate (Compound Moisture/Vegetation Stress),Q3: Moderate-High Relative Stress,2582
C_025_077,78.895483,13.553017,0.2593,0.2315,0.2855,0.261,High (Multi-Source Convergence),Q3: Moderate-High Relative Stress,2583
C_080_104,79.138028,13.058944,0.2593,0.2262,0.4096,0.1421,High (Multi-Source Convergence),Q3: Moderate-High Relative Stress,2584
C_047_035,78.518191,13.355388,0.2592,0.1993,0.4931,0.0851,Low (Single Evidence Family),Q3: Moderate-High Relative Stress,2585
C_002_097,79.075146,13.75963,0.2592,0.0935,0.3373,0.3468,Moderate (Compound Moisture/Vegetation Stress),Q3: Moderate-High Relative Stress,2586
C_063_046,78.617005,13.211658,0.2591,0.226,0.418,0.1333,Moderate (Same-Sensor Spectral Agreement),Q3: Moderate-High Relative Stress,2587
C_025_098,79.084129,13.553017,0.259,0.1779,0.2136,0.3854,Moderate (Compound Moisture/Vegetation Stress),Q3: Moderate-High Relative Stress,2588
C_056_097,79.075146,13.27454,0.259,0.0969,0.197,0.483,Low (Single Evidence Family),Q3: Moderate-High Relative Stress,2589
C_079_098,79.084129,13.067927,0.259,0.185,0.2171,0.375,Moderate (Compound Moisture/Vegetation Stress),Q3: Moderate-High Relative Stress,2590
C_045_132,79.389556,13.373354,0.2589,0.1202,0.1601,0.4965,Low (Single Evidence Family),Q3: Moderate-High Relative Stress,2591
C_038_098,79.084129,13.436236,0.2589,0.2325,0.3219,0.2224,High (Multi-Source Convergence),Q3: Moderate-High Relative Stress,2592
C_105_026,78.437342,12.834365,0.2588,0.1572,0.2144,0.4048,Moderate (Compound Moisture/Vegetation Stress),Q3: Moderate-High Relative Stress,2593
C_081_055,78.697854,13.049961,0.2588,0.1457,0.2859,0.3448,Moderate (Compound Moisture/Vegetation Stress),Q3: Moderate-High Relative Stress,2594
C_067_105,79.147011,13.175725,0.2588,0.1116,0.2344,0.4303,Moderate (Compound Moisture/Vegetation Stress),Q3: Moderate-High Relative Stress,2595
C_097_034,78.509207,12.90623,0.2588,0.1807,0.4135,0.1821,Low (Single Evidence Family),Q3: Moderate-High Relative Stress,2596
C_058_060,78.742769,13.256573,0.2587,0.2483,0.3939,0.1339,High (Multi-Source Convergence),Q3: Moderate-High Relative Stress,2597
C_038_086,78.976331,13.436236,0.2587,0.2261,0.5067,0.0432,High (Multi-Source Convergence),Q3: Moderate-High Relative Stress,2598
C_106_026,78.437342,12.825382,0.2587,0.1861,0.2177,0.3723,Moderate (Compound Moisture/Vegetation Stress),Q3: Moderate-High Relative Stress,2599
C_046_125,79.326674,13.364371,0.2586,0.1976,0.1836,0.3946,Low (Single Evidence Family),Q3: Moderate-High Relative Stress,2600
C_061_080,78.922433,13.229624,0.2586,0.3268,0.2212,0.2276,High (Multi-Source Convergence),Q3: Moderate-High Relative Stress,2601
C_066_111,79.20091,13.184708,0.2586,0.1801,0.2348,0.3609,Moderate (Compound Moisture/Vegetation Stress),Q3: Moderate-High Relative Stress,2602
C_056_106,79.155994,13.27454,0.2585,0.2472,0.4519,0.0763,High (Multi-Source Convergence),Q3: Moderate-High Relative Stress,2603
C_070_039,78.554123,13.148776,0.2585,0.2549,0.2807,0.24,High (Multi-Source Convergence),Q3: Moderate-High Relative Stress,2604
C_067_113,79.218877,13.175725,0.2585,0.1677,0.2239,0.3838,Moderate (Compound Moisture/Vegetation Stress),Q3: Moderate-High Relative Stress,2605
C_036_063,78.769719,13.454203,0.2585,0.3672,0.4028,0.0056,Moderate (Same-Sensor Spectral Agreement),Q3: Moderate-High Relative Stress,2606
C_047_054,78.688871,13.355388,0.2584,0.2125,0.455,0.1077,Moderate (Same-Sensor Spectral Agreement),Q3: Moderate-High Relative Stress,2607
C_116_035,78.518191,12.735551,0.2582,0.3226,0.3729,0.0792,Moderate (Same-Sensor Spectral Agreement),Q3: Moderate-High Relative Stress,2608
C_032_047,78.625988,13.490135,0.2581,0.2711,0.4536,0.0494,High (Multi-Source Convergence),Q3: Moderate-High Relative Stress,2609
C_052_038,78.54514,13.310472,0.2581,0.2816,0.4293,0.0635,Moderate (Same-Sensor Spectral Agreement),Q3: Moderate-High Relative Stress,2610
C_064_061,78.751753,13.202674,0.2581,0.2566,0.4233,0.0943,High (Multi-Source Convergence),Q3: Moderate-High Relative Stress,2611
C_075_039,78.554123,13.10386,0.2581,0.16,0.2513,0.3632,Moderate (Compound Moisture/Vegetation Stress),Q3: Moderate-High Relative Stress,2612
C_119_020,78.383443,12.708601,0.258,0.1908,0.1624,0.4208,Low (Single Evidence Family),Q3: Moderate-High Relative Stress,2613
C_054_121,79.290742,13.292506,0.258,0.087,0.2317,0.4552,Moderate (Compound Moisture/Vegetation Stress),Q3: Moderate-High Relative Stress,2614
C_063_050,78.652938,13.211658,0.2579,0.1253,0.3608,0.2875,Moderate (Compound Moisture/Vegetation Stress),Q3: Moderate-High Relative Stress,2615
C_063_117,79.254809,13.211658,0.2578,0.2038,0.3328,0.2368,High (Multi-Source Convergence),Q3: Moderate-High Relative Stress,2616
C_043_052,78.670904,13.391321,0.2577,0.2679,0.3112,0.1939,High (Multi-Source Convergence),Q3: Moderate-High Relative Stress,2617
C_044_097,79.075146,13.382338,0.2576,0.2719,0.3702,0.1307,High (Multi-Source Convergence),Q3: Moderate-High Relative Stress,2618
C_036_064,78.778702,13.454203,0.2574,0.2737,0.4301,0.0684,Moderate (Same-Sensor Spectral Agreement),Q3: Moderate-High Relative Stress,2619
C_075_108,79.173961,13.10386,0.2572,0.1239,0.1642,0.4834,Low (Single Evidence Family),Q3: Moderate-High Relative Stress,2620
C_050_097,79.075146,13.328439,0.2572,0.1047,0.5087,0.1582,Low (Single Evidence Family),Q3: Moderate-High Relative Stress,2621
C_064_107,79.164978,13.202674,0.257,0.1056,0.1743,0.4912,Low (Single Evidence Family),Q3: Moderate-High Relative Stress,2622
C_056_036,78.527174,13.27454,0.2569,0.095,0.3429,0.3328,Moderate (Compound Moisture/Vegetation Stress),Q3: Moderate-High Relative Stress,2623
C_033_057,78.71582,13.481152,0.2569,0.3284,0.3791,0.0632,High (Multi-Source Convergence),Q3: Moderate-High Relative Stress,2624
C_110_010,78.293612,12.789449,0.2569,0.3041,0.2986,0.168,High (Multi-Source Convergence),Q3: Moderate-High Relative Stress,2625
C_051_096,79.066163,13.319455,0.2569,0.095,0.4787,0.1971,Low (Single Evidence Family),Q3: Moderate-High Relative Stress,2626
C_054_050,78.652938,13.292506,0.2567,0.3268,0.3396,0.1038,High (Multi-Source Convergence),Q3: Moderate-High Relative Stress,2627
C_083_052,78.670904,13.031995,0.2566,0.2499,0.5174,0.0026,Moderate (Same-Sensor Spectral Agreement),Q3: Moderate-High Relative Stress,2628
C_022_075,78.877517,13.579967,0.2565,0.1793,0.2589,0.3314,Moderate (Compound Moisture/Vegetation Stress),Q3: Moderate-High Relative Stress,2629
C_082_046,78.617005,13.040978,0.2565,0.2064,0.3256,0.2374,High (Multi-Source Convergence),Q3: Moderate-High Relative Stress,2630
C_053_100,79.102096,13.301489,0.2564,0.304,0.2167,0.2486,High (Multi-Source Convergence),Q3: Moderate-High Relative Stress,2631
C_043_127,79.344641,13.391321,0.2563,0.2241,0.1601,0.3848,Moderate (Compound Urban/Water Signal),Q3: Moderate-High Relative Stress,2632
C_010_091,79.021247,13.687765,0.2563,0.177,0.3787,0.2132,Moderate (Compound Moisture/Vegetation Stress),Q3: Moderate-High Relative Stress,2633
C_067_111,79.20091,13.175725,0.2563,0.2739,0.3966,0.0986,High (Multi-Source Convergence),Q3: Moderate-High Relative Stress,2634
C_062_045,78.608022,13.220641,0.2563,0.2483,0.3431,0.1775,High (Multi-Source Convergence),Q3: Moderate-High Relative Stress,2635
C_094_031,78.482258,12.93318,0.2563,0.2296,0.3742,0.165,High (Multi-Source Convergence),Q3: Moderate-High Relative Stress,2636
C_057_153,79.584311,13.265557,0.2562,0.2601,0.3721,0.1366,High (Multi-Source Convergence),Q3: Moderate-High Relative Stress,2637
C_062_088,78.994298,13.220641,0.2561,0.1251,0.0959,0.5472,Low (Single Evidence Family),Q3: Moderate-High Relative Stress,2638
C_055_085,78.967348,13.283523,0.2561,0.1889,0.2624,0.317,Moderate (Compound Moisture/Vegetation Stress),Q3: Moderate-High Relative Stress,2639
C_047_120,79.281759,13.355388,0.256,0.2278,0.2957,0.2443,High (Multi-Source Convergence),Q3: Moderate-High Relative Stress,2640
C_095_017,78.356494,12.924197,0.2559,0.2252,0.2797,0.263,High (Multi-Source Convergence),Q3: Moderate-High Relative Stress,2641
C_069_086,78.976331,13.157759,0.2558,0.0722,0.0891,0.6062,Low (Single Evidence Family),Q3: Moderate-High Relative Stress,2642
C_053_044,78.599039,13.301489,0.2558,0.2298,0.4032,0.1343,High (Multi-Source Convergence),Q3: Moderate-High Relative Stress,2643
C_051_066,78.796668,13.319455,0.2558,0.2337,0.2803,0.2535,High (Multi-Source Convergence),Q3: Moderate-High Relative Stress,2644
C_108_013,78.320561,12.807416,0.2556,0.3376,0.2801,0.149,High (Multi-Source Convergence),Q3: Moderate-High Relative Stress,2645
C_089_041,78.57209,12.978096,0.2556,0.2238,0.4188,0.1241,Moderate (Same-Sensor Spectral Agreement),Q3: Moderate-High Relative Stress,2646
C_062_056,78.706837,13.220641,0.2556,0.2586,0.3748,0.1333,High (Multi-Source Convergence),Q3: Moderate-High Relative Stress,2647
C_021_100,79.102096,13.58895,0.2556,0.2414,0.2721,0.2535,High (Multi-Source Convergence),Q3: Moderate-High Relative Stress,2648
C_070_041,78.57209,13.148776,0.2554,0.1538,0.2424,0.3701,Moderate (Compound Moisture/Vegetation Stress),Q3: Moderate-High Relative Stress,2649
C_054_115,79.236843,13.292506,0.2554,0.1739,0.305,0.2872,Moderate (Compound Moisture/Vegetation Stress),Q3: Moderate-High Relative Stress,2650
C_052_119,79.272775,13.310472,0.2554,0.2607,0.3132,0.1922,High (Multi-Source Convergence),Q3: Moderate-High Relative Stress,2651
C_054_036,78.527174,13.292506,0.2554,0.1694,0.5454,0.0514,Low (Single Evidence Family),Q3: Moderate-High Relative Stress,2652
C_037_122,79.299725,13.44522,0.2553,0.1237,0.2766,0.3655,Moderate (Compound Moisture/Vegetation Stress),Q3: Moderate-High Relative Stress,2653
C_082_098,79.084129,13.040978,0.2552,0.1906,0.3021,0.2728,Moderate (Compound Moisture/Vegetation Stress),Q3: Moderate-High Relative Stress,2654
C_064_122,79.299725,13.202674,0.2552,0.1384,0.2706,0.3566,Moderate (Compound Moisture/Vegetation Stress),Q3: Moderate-High Relative Stress,2655
C_096_033,78.500224,12.915214,0.2552,0.2177,0.3896,0.1582,High (Multi-Source Convergence),Q3: Moderate-High Relative Stress,2656
C_074_114,79.22786,13.112843,0.255,0.2255,0.4983,0.0413,High (Multi-Source Convergence),Q3: Moderate-High Relative Stress,2657
C_057_084,78.958365,13.265557,0.255,0.2021,0.2519,0.3111,High (Multi-Source Convergence),Q3: Moderate-High Relative Stress,2658
C_103_014,78.329544,12.852332,0.255,0.3245,0.184,0.2564,Moderate (Compound Urban/Water Signal),Q3: Moderate-High Relative Stress,2659
C_101_014,78.329544,12.870298,0.2549,0.3138,0.2896,0.1614,High (Multi-Source Convergence),Q3: Moderate-High Relative Stress,2660
C_039_046,78.617005,13.427253,0.2549,0.1545,0.3425,0.2675,Moderate (Compound Moisture/Vegetation Stress),Q3: Moderate-High Relative Stress,2661
C_053_109,79.182944,13.301489,0.2548,0.1537,0.3589,0.2518,Moderate (Compound Moisture/Vegetation Stress),Q3: Moderate-High Relative Stress,2662
C_083_033,78.500224,13.031995,0.2548,0.2568,0.3112,0.1965,High (Multi-Source Convergence),Q3: Moderate-High Relative Stress,2663
C_048_129,79.362607,13.346405,0.2548,0.0723,0.2455,0.4467,Moderate (Compound Moisture/Vegetation Stress),Q3: Moderate-High Relative Stress,2664
C_043_123,79.308708,13.391321,0.2547,0.0353,0.2801,0.4486,Moderate (Compound Moisture/Vegetation Stress),Q3: Moderate-High Relative Stress,2665
C_022_093,79.039214,13.579967,0.2547,0.1033,0.1058,0.5551,Low (Single Evidence Family),Q3: Moderate-High Relative Stress,2666
C_039_035,78.518191,13.427253,0.2546,0.306,0.3565,0.1012,High (Multi-Source Convergence),Q3: Moderate-High Relative Stress,2667
C_063_066,78.796668,13.211658,0.2544,0.2431,0.4139,0.1061,High (Multi-Source Convergence),Q3: Moderate-High Relative Stress,2668
C_040_041,78.57209,13.41827,0.2543,0.2488,0.3326,0.1814,High (Multi-Source Convergence),Q3: Moderate-High Relative Stress,2669
C_113_009,78.284629,12.7625,0.2542,0.27,0.346,0.1467,High (Multi-Source Convergence),Q3: Moderate-High Relative Stress,2670
C_048_120,79.281759,13.346405,0.2542,0.1735,0.3614,0.2276,Moderate (Compound Moisture/Vegetation Stress),Q3: Moderate-High Relative Stress,2671
C_035_129,79.362607,13.463186,0.254,0.1332,0.1434,0.4853,Low (Single Evidence Family),Q3: Moderate-High Relative Stress,2672
C_058_080,78.922433,13.256573,0.254,0.2061,0.2799,0.2761,High (Multi-Source Convergence),Q3: Moderate-High Relative Stress,2673
C_061_136,79.431598,13.229624,0.2539,0.3547,0.3127,0.0943,High (Multi-Source Convergence),Q3: Moderate-High Relative Stress,2674
C_017_071,78.841584,13.624883,0.2539,0.2059,0.4192,0.1366,Moderate (Same-Sensor Spectral Agreement),Q3: Moderate-High Relative Stress,2675
C_025_070,78.832601,13.553017,0.2539,0.1756,0.3921,0.1939,Low (Single Evidence Family),Q3: Moderate-High Relative Stress,2676
C_055_121,79.290742,13.283523,0.2539,0.2417,0.2284,0.2915,High (Multi-Source Convergence),Q3: Moderate-High Relative Stress,2677
C_030_084,78.958365,13.508102,0.2539,0.2995,0.3766,0.0855,High (Multi-Source Convergence),Q3: Moderate-High Relative Stress,2678
C_105_019,78.37446,12.834365,0.2538,0.336,0.1616,0.2639,Moderate (Compound Urban/Water Signal),Q3: Moderate-High Relative Stress,2679
C_073_088,78.994298,13.121826,0.2538,0.2459,0.2149,0.3006,High (Multi-Source Convergence),Q3: Moderate-High Relative Stress,2680
C_111_026,78.437342,12.780466,0.2538,0.2185,0.3954,0.1477,High (Multi-Source Convergence),Q3: Moderate-High Relative Stress,2681
C_023_074,78.868534,13.570984,0.2537,0.0942,0.2554,0.4116,Moderate (Compound Moisture/Vegetation Stress),Q3: Moderate-High Relative Stress,2682
C_070_040,78.563106,13.148776,0.2537,0.1593,0.3272,0.2744,Moderate (Compound Moisture/Vegetation Stress),Q3: Moderate-High Relative Stress,2683
C_055_086,78.976331,13.283523,0.2536,0.252,0.3766,0.1323,Moderate (Same-Sensor Spectral Agreement),Q3: Moderate-High Relative Stress,2684
C_054_113,79.218877,13.292506,0.2536,0.0808,0.1492,0.5308,Low (Single Evidence Family),Q3: Moderate-High Relative Stress,2685
C_106_014,78.329544,12.825382,0.2536,0.2311,0.327,0.2027,High (Multi-Source Convergence),Q3: Moderate-High Relative Stress,2686
C_072_101,79.111079,13.130809,0.2536,0.367,0.3402,0.0537,High (Multi-Source Convergence),Q3: Moderate-High Relative Stress,2687
C_073_105,79.147011,13.121826,0.2536,0.2047,0.2517,0.3046,High (Multi-Source Convergence),Q3: Moderate-High Relative Stress,2688
C_049_090,79.012264,13.337422,0.2535,0.1083,0.3281,0.3242,Moderate (Compound Moisture/Vegetation Stress),Q3: Moderate-High Relative Stress,2689
C_062_110,79.191927,13.220641,0.2535,0.3318,0.2175,0.2112,High (Multi-Source Convergence),Q3: Moderate-High Relative Stress,2690
C_048_076,78.8865,13.346405,0.2535,0.2066,0.5256,0.0282,Moderate (Same-Sensor Spectral Agreement),Q3: Moderate-High Relative Stress,2691
C_010_089,79.003281,13.687765,0.2534,0.1514,0.3021,0.3068,Moderate (Compound Moisture/Vegetation Stress),Q3: Moderate-High Relative Stress,2692
C_066_052,78.670904,13.184708,0.2534,0.2506,0.4437,0.0658,Moderate (Same-Sensor Spectral Agreement),Q3: Moderate-High Relative Stress,2693
C_090_048,78.634972,12.969113,0.2533,0.2992,0.4593,0.0013,Moderate (Same-Sensor Spectral Agreement),Q3: Moderate-High Relative Stress,2694
C_103_025,78.428359,12.852332,0.2533,0.1969,0.1949,0.3681,Low (Single Evidence Family),Q3: Moderate-High Relative Stress,2695
C_068_071,78.841584,13.166742,0.2532,0.2413,0.4484,0.0698,Moderate (Same-Sensor Spectral Agreement),Q3: Moderate-High Relative Stress,2696
C_098_044,78.599039,12.897247,0.2532,0.2017,0.5579,0.0,Moderate (Same-Sensor Spectral Agreement),Q3: Moderate-High Relative Stress,2697
C_053_148,79.539395,13.301489,0.2532,0.162,0.2619,0.3356,Moderate (Compound Moisture/Vegetation Stress),Q3: Moderate-High Relative Stress,2698
C_070_088,78.994298,13.148776,0.2532,0.1497,0.1694,0.4405,Low (Single Evidence Family),Q3: Moderate-High Relative Stress,2699
C_051_092,79.03023,13.319455,0.2531,0.1985,0.3735,0.1873,Low (Single Evidence Family),Q3: Moderate-High Relative Stress,2700
C_042_121,79.290742,13.400304,0.2531,0.1125,0.2478,0.3989,Moderate (Compound Moisture/Vegetation Stress),Q3: Moderate-High Relative Stress,2701
C_048_056,78.706837,13.346405,0.253,0.2088,0.4509,0.0992,High (Multi-Source Convergence),Q3: Moderate-High Relative Stress,2702
C_041_072,78.850567,13.409287,0.253,0.1855,0.4855,0.0881,Low (Single Evidence Family),Q3: Moderate-High Relative Stress,2703
C_099_035,78.518191,12.888264,0.253,0.2362,0.3194,0.2034,High (Multi-Source Convergence),Q3: Moderate-High Relative Stress,2704
C_070_044,78.599039,13.148776,0.2529,0.2424,0.2443,0.2721,High (Multi-Source Convergence),Q3: Moderate-High Relative Stress,2705
C_048_049,78.643955,13.346405,0.2529,0.2433,0.4705,0.0449,Moderate (Same-Sensor Spectral Agreement),Q3: Moderate-High Relative Stress,2706
C_071_091,79.021247,13.139792,0.2528,0.1902,0.1173,0.4509,Low (Single Evidence Family),Q3: Moderate-High Relative Stress,2707
C_052_069,78.823618,13.310472,0.2527,0.2447,0.5127,0.0007,Moderate (Same-Sensor Spectral Agreement),Q3: Moderate-High Relative Stress,2708
C_038_116,79.245826,13.436236,0.2526,0.1096,0.4258,0.2224,Moderate (Compound Moisture/Vegetation Stress),Q3: Moderate-High Relative Stress,2709
C_050_149,79.548379,13.328439,0.2526,0.2267,0.2838,0.2472,High (Multi-Source Convergence),Q3: Moderate-High Relative Stress,2710
C_079_036,78.527174,13.067927,0.2525,0.2259,0.3879,0.1438,High (Multi-Source Convergence),Q3: Moderate-High Relative Stress,2711
C_036_066,78.796668,13.454203,0.2525,0.2608,0.4754,0.0213,High (Multi-Source Convergence),Q3: Moderate-High Relative Stress,2712
C_108_020,78.383443,12.807416,0.2525,0.3472,0.2538,0.1565,High (Multi-Source Convergence),Q3: Moderate-High Relative Stress,2713
C_041_097,79.075146,13.409287,0.2524,0.2834,0.3095,0.1644,High (Multi-Source Convergence),Q3: Moderate-High Relative Stress,2714
C_019_071,78.841584,13.606916,0.2523,0.1863,0.3851,0.1857,Low (Single Evidence Family),Q3: Moderate-High Relative Stress,2715
C_033_069,78.823618,13.481152,0.2522,0.2087,0.2157,0.3321,High (Multi-Source Convergence),Q3: Moderate-High Relative Stress,2716
C_068_083,78.949382,13.166742,0.2522,0.1955,0.2785,0.2826,Moderate (Compound Moisture/Vegetation Stress),Q3: Moderate-High Relative Stress,2717
C_053_107,79.164978,13.301489,0.2522,0.1714,0.2212,0.3638,Moderate (Compound Moisture/Vegetation Stress),Q3: Moderate-High Relative Stress,2718
C_105_014,78.329544,12.834365,0.2522,0.3289,0.2513,0.1765,High (Multi-Source Convergence),Q3: Moderate-High Relative Stress,2719
C_048_156,79.611261,13.346405,0.2521,0.12,0.2453,0.391,Moderate (Compound Moisture/Vegetation Stress),Q3: Moderate-High Relative Stress,2720
C_016_074,78.868534,13.633866,0.2521,0.164,0.2717,0.3206,Moderate (Compound Moisture/Vegetation Stress),Q3: Moderate-High Relative Stress,2721
C_048_116,79.245826,13.346405,0.2521,0.3334,0.2929,0.13,High (Multi-Source Convergence),Q3: Moderate-High Relative Stress,2722
C_099_027,78.446325,12.888264,0.2521,0.1895,0.1214,0.4454,Low (Single Evidence Family),Q3: Moderate-High Relative Stress,2723
C_067_071,78.841584,13.175725,0.252,0.1495,0.3396,0.2669,Moderate (Compound Moisture/Vegetation Stress),Q3: Moderate-High Relative Stress,2724
C_071_123,79.308708,13.139792,0.252,0.3373,0.3826,0.036,Moderate (Same-Sensor Spectral Agreement),Q3: Moderate-High Relative Stress,2725
C_064_053,78.679887,13.202674,0.252,0.2249,0.4734,0.0576,High (Multi-Source Convergence),Q3: Moderate-High Relative Stress,2726
C_080_046,78.617005,13.058944,0.2519,0.2401,0.3097,0.206,High (Multi-Source Convergence),Q3: Moderate-High Relative Stress,2727
C_123_019,78.37446,12.672668,0.2518,0.3378,0.0858,0.3317,Moderate (Compound Urban/Water Signal),Q3: Moderate-High Relative Stress,2728
C_055_043,78.590056,13.283523,0.2518,0.1346,0.3522,0.2684,Moderate (Compound Moisture/Vegetation Stress),Q3: Moderate-High Relative Stress,2729
C_066_113,79.218877,13.184708,0.2517,0.2296,0.3087,0.2168,High (Multi-Source Convergence),Q3: Moderate-High Relative Stress,2730
C_010_093,79.039214,13.687765,0.2515,0.0751,0.4795,0.1998,Low (Single Evidence Family),Q3: Moderate-High Relative Stress,2731
C_068_089,79.003281,13.166742,0.2515,0.099,0.099,0.5564,Low (Single Evidence Family),Q3: Moderate-High Relative Stress,2732
C_038_059,78.733786,13.436236,0.2514,0.2487,0.5048,0.0007,Moderate (Same-Sensor Spectral Agreement),Q3: Moderate-High Relative Stress,2733
C_031_041,78.57209,13.499119,0.2514,0.2798,0.2603,0.2142,High (Multi-Source Convergence),Q3: Moderate-High Relative Stress,2734
C_021_093,79.039214,13.58895,0.2513,0.0858,0.1865,0.4817,Low (Single Evidence Family),Q3: Moderate-High Relative Stress,2735
C_048_131,79.380573,13.346405,0.2512,0.1024,0.1692,0.482,Low (Single Evidence Family),Q3: Moderate-High Relative Stress,2736
C_055_099,79.093112,13.283523,0.2511,0.1432,0.2566,0.3533,Moderate (Compound Moisture/Vegetation Stress),Q3: Moderate-High Relative Stress,2737
C_042_103,79.129045,13.400304,0.2511,0.139,0.2713,0.3432,Moderate (Compound Moisture/Vegetation Stress),Q3: Moderate-High Relative Stress,2738
C_040_065,78.787685,13.41827,0.251,0.2978,0.455,0.0,Moderate (Same-Sensor Spectral Agreement),Q3: Moderate-High Relative Stress,2739
C_043_110,79.191927,13.391321,0.251,0.2603,0.2589,0.2338,High (Multi-Source Convergence),Q3: Moderate-High Relative Stress,2740
C_013_087,78.985315,13.660815,0.251,0.1708,0.385,0.1973,Low (Single Evidence Family),Q3: Moderate-High Relative Stress,2741
C_061_097,79.075146,13.229624,0.2509,0.2944,0.2332,0.225,High (Multi-Source Convergence),Q3: Moderate-High Relative Stress,2742
C_036_130,79.37159,13.454203,0.2509,0.1334,0.2151,0.4041,Moderate (Compound Moisture/Vegetation Stress),Q3: Moderate-High Relative Stress,2743
C_063_054,78.688871,13.211658,0.2508,0.2326,0.4398,0.0799,Moderate (Same-Sensor Spectral Agreement),Q3: Moderate-High Relative Stress,2744
C_068_088,78.994298,13.166742,0.2508,0.0727,0.0626,0.617,Low (Single Evidence Family),Q3: Moderate-High Relative Stress,2745
C_057_055,78.697854,13.265557,0.2508,0.1963,0.5209,0.0354,Low (Single Evidence Family),Q3: Moderate-High Relative Stress,2746
C_028_080,78.922433,13.526068,0.2507,0.2142,0.369,0.169,High (Multi-Source Convergence),Q3: Moderate-High Relative Stress,2747
C_049_109,79.182944,13.337422,0.2507,0.2218,0.1949,0.3353,Moderate (Compound Urban/Water Signal),Q3: Moderate-High Relative Stress,2748
C_050_085,78.967348,13.328439,0.2505,0.1723,0.1817,0.3976,Low (Single Evidence Family),Q3: Moderate-High Relative Stress,2749
C_057_154,79.593294,13.265557,0.2505,0.1872,0.4331,0.1312,Low (Single Evidence Family),Q3: Moderate-High Relative Stress,2750
C_063_090,79.012264,13.211658,0.2504,0.0603,0.0834,0.6075,Low (Single Evidence Family),Q3: Moderate-High Relative Stress,2751
C_045_135,79.422614,13.373354,0.2504,0.1921,0.2009,0.3583,Moderate (Compound Moisture/Vegetation Stress),Q3: Moderate-High Relative Stress,2752
C_036_037,78.536157,13.454203,0.2504,0.3368,0.3291,0.0855,High (Multi-Source Convergence),Q3: Moderate-High Relative Stress,2753
C_047_099,79.093112,13.355388,0.2504,0.1445,0.2075,0.3992,Moderate (Compound Moisture/Vegetation Stress),Q3: Moderate-High Relative Stress,2754
C_054_158,79.629227,13.292506,0.2504,0.1313,0.1068,0.5132,Low (Single Evidence Family),Q3: Moderate-High Relative Stress,2755
C_037_072,78.850567,13.44522,0.2503,0.2177,0.3873,0.1461,High (Multi-Source Convergence),Q3: Moderate-High Relative Stress,2756
C_050_099,79.093112,13.328439,0.2502,0.2168,0.2809,0.2528,High (Multi-Source Convergence),Q3: Moderate-High Relative Stress,2757
C_058_049,78.643955,13.256573,0.2501,0.2563,0.2731,0.221,High (Multi-Source Convergence),Q3: Moderate-High Relative Stress,2758
C_069_127,79.344641,13.157759,0.2499,0.1351,0.439,0.1755,Low (Single Evidence Family),Q3: Moderate-High Relative Stress,2759
C_040_123,79.308708,13.41827,0.2499,0.1737,0.2451,0.3308,Moderate (Compound Moisture/Vegetation Stress),Q3: Moderate-High Relative Stress,2760
C_064_136,79.431598,13.202674,0.2499,0.4125,0.3238,0.0134,Moderate (Same-Sensor Spectral Agreement),Q3: Moderate-High Relative Stress,2761
C_035_052,78.670904,13.463186,0.2496,0.2579,0.3966,0.0944,Moderate (Same-Sensor Spectral Agreement),Q3: Moderate-High Relative Stress,2762
C_070_080,78.922433,13.148776,0.2495,0.1549,0.39,0.2037,Moderate (Compound Moisture/Vegetation Stress),Q3: Moderate-High Relative Stress,2763
C_075_047,78.625988,13.10386,0.2493,0.2893,0.2694,0.1893,High (Multi-Source Convergence),Q3: Moderate-High Relative Stress,2764
C_068_056,78.706837,13.166742,0.2493,0.1557,0.4808,0.1113,Low (Single Evidence Family),Q3: Moderate-High Relative Stress,2765
C_081_037,78.536157,13.049961,0.2493,0.2827,0.3453,0.1199,Moderate (Same-Sensor Spectral Agreement),Q3: Moderate-High Relative Stress,2766
C_049_055,78.697854,13.337422,0.2492,0.3126,0.3653,0.0698,High (Multi-Source Convergence),Q3: Moderate-High Relative Stress,2767
C_081_078,78.904466,13.049961,0.2491,0.2774,0.4681,0.0017,Moderate (Same-Sensor Spectral Agreement),Q3: Moderate-High Relative Stress,2768
C_071_092,79.03023,13.139792,0.2491,0.2548,0.1023,0.3904,Moderate (Compound Urban/Water Signal),Q3: Moderate-High Relative Stress,2769
C_020_094,79.048197,13.597933,0.2489,0.2887,0.1498,0.3082,Moderate (Compound Urban/Water Signal),Q3: Moderate-High Relative Stress,2770
C_104_015,78.338528,12.843348,0.2489,0.2112,0.2764,0.259,High (Multi-Source Convergence),Q3: Moderate-High Relative Stress,2771
C_067_099,79.093112,13.175725,0.2489,0.2468,0.4067,0.0933,High (Multi-Source Convergence),Q3: Moderate-High Relative Stress,2772
C_102_031,78.482258,12.861315,0.2489,0.1415,0.2696,0.3357,Moderate (Compound Moisture/Vegetation Stress),Q3: Moderate-High Relative Stress,2773
C_111_018,78.365477,12.780466,0.2488,0.2785,0.1967,0.2712,Moderate (Compound Urban/Water Signal),Q3: Moderate-High Relative Stress,2774
C_054_035,78.518191,13.292506,0.2488,0.256,0.4703,0.02,High (Multi-Source Convergence),Q3: Moderate-High Relative Stress,2775
C_043_121,79.290742,13.391321,0.2488,0.1107,0.1797,0.4558,Low (Single Evidence Family),Q3: Moderate-High Relative Stress,2776
C_062_046,78.617005,13.220641,0.2486,0.2469,0.2941,0.2047,High (Multi-Source Convergence),Q3: Moderate-High Relative Stress,2777
C_056_150,79.557362,13.27454,0.2485,0.1296,0.1513,0.4647,Low (Single Evidence Family),Q3: Moderate-High Relative Stress,2778
C_040_036,78.527174,13.41827,0.2485,0.1866,0.2902,0.2689,Moderate (Compound Moisture/Vegetation Stress),Q3: Moderate-High Relative Stress,2779
C_052_058,78.724803,13.310472,0.2485,0.2416,0.4659,0.038,High (Multi-Source Convergence),Q3: Moderate-High Relative Stress,2780
C_037_038,78.54514,13.44522,0.2485,0.1526,0.5172,0.0756,Low (Single Evidence Family),Q3: Moderate-High Relative Stress,2781
C_082_047,78.625988,13.040978,0.2485,0.2142,0.3941,0.1372,Moderate (Same-Sensor Spectral Agreement),Q3: Moderate-High Relative Stress,2782
C_023_077,78.895483,13.570984,0.2484,0.1111,0.1379,0.4961,Low (Single Evidence Family),Q3: Moderate-High Relative Stress,2783
C_049_113,79.218877,13.337422,0.2483,0.2104,0.2507,0.2839,High (Multi-Source Convergence),Q3: Moderate-High Relative Stress,2784
C_039_123,79.308708,13.427253,0.2482,0.1493,0.2531,0.3422,Moderate (Compound Moisture/Vegetation Stress),Q3: Moderate-High Relative Stress,2785
C_083_036,78.527174,13.031995,0.2482,0.276,0.2476,0.221,High (Multi-Source Convergence),Q3: Moderate-High Relative Stress,2786
C_035_033,78.500224,13.463186,0.2482,0.1898,0.5544,0.0003,Low (Single Evidence Family),Q3: Moderate-High Relative Stress,2787
C_090_026,78.437342,12.969113,0.2482,0.1527,0.3407,0.2512,Moderate (Compound Moisture/Vegetation Stress),Q3: Moderate-High Relative Stress,2788
C_097_017,78.356494,12.90623,0.248,0.3375,0.2513,0.1552,High (Multi-Source Convergence),Q3: Moderate-High Relative Stress,2789
C_057_103,79.129045,13.265557,0.2479,0.3404,0.2235,0.1798,High (Multi-Source Convergence),Q3: Moderate-High Relative Stress,2790
C_063_091,79.021247,13.211658,0.2479,0.1724,0.1274,0.4437,Low (Single Evidence Family),Q3: Moderate-High Relative Stress,2791
C_055_070,78.832601,13.283523,0.2478,0.2171,0.5262,0.0,Moderate (Same-Sensor Spectral Agreement),Q3: Moderate-High Relative Stress,2792
C_122_031,78.482258,12.681652,0.2478,0.3226,0.4209,0.0,Moderate (Same-Sensor Spectral Agreement),Q3: Moderate-High Relative Stress,2793
C_076_039,78.554123,13.094877,0.2478,0.2324,0.3215,0.1896,High (Multi-Source Convergence),Q3: Moderate-High Relative Stress,2794
C_038_115,79.236843,13.436236,0.2478,0.2067,0.2915,0.2453,High (Multi-Source Convergence),Q3: Moderate-High Relative Stress,2795
C_025_067,78.805652,13.553017,0.2477,0.2085,0.3046,0.2299,High (Multi-Source Convergence),Q3: Moderate-High Relative Stress,2796
C_053_095,79.05718,13.301489,0.2477,0.1254,0.4871,0.1307,Low (Single Evidence Family),Q3: Moderate-High Relative Stress,2797
C_104_009,78.284629,12.843348,0.2476,0.2642,0.3237,0.1549,High (Multi-Source Convergence),Q3: Moderate-High Relative Stress,2798
C_047_038,78.54514,13.355388,0.2475,0.1971,0.3155,0.2299,Moderate (Compound Moisture/Vegetation Stress),Q3: Moderate-High Relative Stress,2799
C_060_090,79.012264,13.238607,0.2475,0.1094,0.157,0.4762,Low (Single Evidence Family),Q3: Moderate-High Relative Stress,2800
C_045_088,78.994298,13.373354,0.2474,0.2691,0.2272,0.2459,High (Multi-Source Convergence),Q3: Moderate-High Relative Stress,2801
C_080_050,78.652938,13.058944,0.2473,0.2573,0.4725,0.0121,Moderate (Same-Sensor Spectral Agreement),Q3: Moderate-High Relative Stress,2802
C_036_054,78.688871,13.454203,0.2473,0.2437,0.3548,0.1434,High (Multi-Source Convergence),Q3: Moderate-High Relative Stress,2803
C_096_034,78.509207,12.915214,0.2473,0.2423,0.3468,0.1529,High (Multi-Source Convergence),Q3: Moderate-High Relative Stress,2804
C_042_123,79.308708,13.400304,0.2472,0.0577,0.1109,0.5731,Low (Single Evidence Family),Q3: Moderate-High Relative Stress,2805
C_055_100,79.102096,13.283523,0.2471,0.191,0.2766,0.2738,Moderate (Compound Moisture/Vegetation Stress),Q3: Moderate-High Relative Stress,2806
C_081_036,78.527174,13.049961,0.2471,0.2023,0.285,0.2538,High (Multi-Source Convergence),Q3: Moderate-High Relative Stress,2807
C_054_085,78.967348,13.292506,0.2471,0.1351,0.3435,0.2626,Moderate (Compound Moisture/Vegetation Stress),Q3: Moderate-High Relative Stress,2808
C_081_033,78.500224,13.049961,0.247,0.3245,0.3676,0.0488,High (Multi-Source Convergence),Q3: Moderate-High Relative Stress,2809
C_027_078,78.904466,13.535051,0.247,0.0856,0.3503,0.3052,Moderate (Compound Moisture/Vegetation Stress),Q3: Moderate-High Relative Stress,2810
C_013_088,78.994298,13.660815,0.247,0.2184,0.377,0.1456,High (Multi-Source Convergence),Q3: Moderate-High Relative Stress,2811
C_064_047,78.625988,13.202674,0.2469,0.2366,0.3766,0.1274,High (Multi-Source Convergence),Q3: Moderate-High Relative Stress,2812
C_054_104,79.138028,13.292506,0.2468,0.2796,0.332,0.1287,High (Multi-Source Convergence),Q3: Moderate-High Relative Stress,2813
C_054_044,78.599039,13.292506,0.2468,0.2279,0.4493,0.0632,High (Multi-Source Convergence),Q3: Moderate-High Relative Stress,2814
C_106_006,78.257679,12.825382,0.2467,0.3869,0.1978,0.1556,Low (Single Evidence Family),Q3: Moderate-High Relative Stress,2815
C_080_055,78.697854,13.058944,0.2467,0.1336,0.3497,0.2567,Moderate (Compound Moisture/Vegetation Stress),Q3: Moderate-High Relative Stress,2816
C_085_038,78.54514,13.014028,0.2467,0.3211,0.2959,0.1231,High (Multi-Source Convergence),Q3: Moderate-High Relative Stress,2817
C_097_043,78.590056,12.90623,0.2466,0.2727,0.4661,0.001,Moderate (Same-Sensor Spectral Agreement),Q3: Moderate-High Relative Stress,2818
C_104_013,78.320561,12.843348,0.2466,0.3506,0.2122,0.1768,High (Multi-Source Convergence),Q3: Moderate-High Relative Stress,2819
C_094_029,78.464292,12.93318,0.2466,0.1508,0.4038,0.1854,Low (Single Evidence Family),Q3: Moderate-High Relative Stress,2820
C_033_058,78.724803,13.481152,0.2465,0.2101,0.4649,0.0645,Moderate (Same-Sensor Spectral Agreement),Q3: Moderate-High Relative Stress,2821
C_042_097,79.075146,13.400304,0.2464,0.0975,0.3801,0.2617,Moderate (Compound Moisture/Vegetation Stress),Q3: Moderate-High Relative Stress,2822
C_125_026,78.437342,12.654702,0.2462,0.2385,0.1688,0.3314,Moderate (Compound Urban/Water Signal),Q3: Moderate-High Relative Stress,2823
C_078_042,78.581073,13.07691,0.2462,0.3302,0.3789,0.0295,High (Multi-Source Convergence),Q3: Moderate-High Relative Stress,2824
C_057_104,79.138028,13.265557,0.2461,0.2587,0.3694,0.1104,High (Multi-Source Convergence),Q3: Moderate-High Relative Stress,2825
C_064_127,79.344641,13.202674,0.246,0.2114,0.2741,0.2525,High (Multi-Source Convergence),Q3: Moderate-High Relative Stress,2826
C_103_015,78.338528,12.852332,0.246,0.3527,0.1638,0.2214,Moderate (Compound Urban/Water Signal),Q3: Moderate-High Relative Stress,2827
C_082_045,78.608022,13.040978,0.2459,0.128,0.2527,0.357,Moderate (Compound Moisture/Vegetation Stress),Q3: Moderate-High Relative Stress,2828
C_040_090,79.012264,13.41827,0.2458,0.166,0.1609,0.4103,Low (Single Evidence Family),Q3: Moderate-High Relative Stress,2829
C_048_150,79.557362,13.346405,0.2457,0.169,0.2542,0.3141,Moderate (Compound Moisture/Vegetation Stress),Q3: Moderate-High Relative Stress,2830
C_071_065,78.787685,13.139792,0.2457,0.2549,0.4789,0.0033,Moderate (Same-Sensor Spectral Agreement),Q3: Moderate-High Relative Stress,2831
C_099_016,78.347511,12.888264,0.2456,0.0977,0.1854,0.4536,Low (Single Evidence Family),Q3: Moderate-High Relative Stress,2832
C_057_128,79.353624,13.265557,0.2455,0.2225,0.2861,0.2279,High (Multi-Source Convergence),Q3: Moderate-High Relative Stress,2833
C_025_086,78.976331,13.553017,0.2454,0.1095,0.2118,0.4149,Moderate (Compound Moisture/Vegetation Stress),Q3: Moderate-High Relative Stress,2834
C_067_056,78.706837,13.175725,0.2454,0.1991,0.3783,0.1588,Low (Single Evidence Family),Q3: Moderate-High Relative Stress,2835
C_103_011,78.302595,12.852332,0.2453,0.2937,0.1982,0.244,Moderate (Compound Urban/Water Signal),Q3: Moderate-High Relative Stress,2836
C_008_091,79.021247,13.705731,0.2453,0.1361,0.4289,0.1709,Low (Single Evidence Family),Q3: Moderate-High Relative Stress,2837
C_116_021,78.392426,12.735551,0.2453,0.1995,0.2313,0.3052,Moderate (Compound Moisture/Vegetation Stress),Q3: Moderate-High Relative Stress,2838
C_058_134,79.407523,13.256573,0.2452,0.2229,0.2142,0.2983,High (Multi-Source Convergence),Q3: Moderate-High Relative Stress,2839
C_076_044,78.599039,13.094877,0.2452,0.2674,0.3087,0.1595,High (Multi-Source Convergence),Q3: Moderate-High Relative Stress,2840
C_032_058,78.724803,13.490135,0.2451,0.2697,0.4069,0.0586,High (Multi-Source Convergence),Q3: Moderate-High Relative Stress,2841
C_007_091,79.021247,13.714714,0.245,0.2126,0.3884,0.1339,High (Multi-Source Convergence),Q3: Moderate-High Relative Stress,2842
C_038_125,79.326674,13.436236,0.245,0.0732,0.2324,0.4293,Moderate (Compound Moisture/Vegetation Stress),Q3: Moderate-High Relative Stress,2843
C_078_039,78.554123,13.07691,0.2449,0.2398,0.4258,0.0691,High (Multi-Source Convergence),Q3: Moderate-High Relative Stress,2844
C_097_041,78.57209,12.90623,0.2448,0.2036,0.319,0.2119,High (Multi-Source Convergence),Q3: Moderate-High Relative Stress,2845
C_093_027,78.446325,12.942163,0.2448,0.29,0.3289,0.1156,High (Multi-Source Convergence),Q3: Moderate-High Relative Stress,2846
C_069_109,79.182944,13.157759,0.2447,0.1693,0.3709,0.1939,Low (Single Evidence Family),Q3: Moderate-High Relative Stress,2847
C_037_124,79.317691,13.44522,0.2446,0.2212,0.3482,0.1644,High (Multi-Source Convergence),Q3: Moderate-High Relative Stress,2848
C_054_064,78.778702,13.292506,0.2445,0.2228,0.5098,0.001,Moderate (Same-Sensor Spectral Agreement),Q3: Moderate-High Relative Stress,2849
C_104_021,78.392426,12.843348,0.2445,0.3009,0.2056,0.2269,High (Multi-Source Convergence),Q3: Moderate-High Relative Stress,2850
C_048_041,78.57209,13.346405,0.2445,0.2302,0.3579,0.1454,High (Multi-Source Convergence),Q3: Moderate-High Relative Stress,2851
C_047_129,79.362607,13.355388,0.2444,0.1304,0.2694,0.3334,Moderate (Compound Moisture/Vegetation Stress),Q3: Moderate-High Relative Stress,2852
C_103_029,78.464292,12.852332,0.2443,0.1806,0.2601,0.2921,Moderate (Compound Moisture/Vegetation Stress),Q3: Moderate-High Relative Stress,2853
C_067_077,78.895483,13.175725,0.2443,0.1682,0.4017,0.1631,Low (Single Evidence Family),Q3: Moderate-High Relative Stress,2854
C_058_113,79.218877,13.256573,0.2443,0.2627,0.2179,0.2522,High (Multi-Source Convergence),Q3: Moderate-High Relative Stress,2855
C_051_094,79.048197,13.319455,0.2442,0.2463,0.2071,0.2791,High (Multi-Source Convergence),Q3: Moderate-High Relative Stress,2856
C_064_102,79.120062,13.202674,0.2441,0.2428,0.3861,0.1035,High (Multi-Source Convergence),Q3: Moderate-High Relative Stress,2857
C_048_059,78.733786,13.346405,0.244,0.1647,0.433,0.1343,Low (Single Evidence Family),Q3: Moderate-High Relative Stress,2858
C_070_128,79.353624,13.148776,0.244,0.1146,0.3112,0.3062,Moderate (Compound Moisture/Vegetation Stress),Q3: Moderate-High Relative Stress,2859
C_109_019,78.37446,12.798433,0.244,0.2476,0.2184,0.2662,High (Multi-Source Convergence),Q3: Moderate-High Relative Stress,2860
C_083_030,78.473275,13.031995,0.2438,0.1963,0.3079,0.2273,Moderate (Compound Moisture/Vegetation Stress),Q3: Moderate-High Relative Stress,2861
C_118_004,78.239713,12.717584,0.2438,0.3207,0.4045,0.0063,Moderate (Same-Sensor Spectral Agreement),Q3: Moderate-High Relative Stress,2862
C_118_020,78.383443,12.717584,0.2438,0.2149,0.1811,0.3353,Moderate (Compound Urban/Water Signal),Q3: Moderate-High Relative Stress,2863
C_041_069,78.823618,13.409287,0.2437,0.2748,0.3898,0.0665,High (Multi-Source Convergence),Q3: Moderate-High Relative Stress,2864
C_052_037,78.536157,13.310472,0.2436,0.208,0.2922,0.2305,High (Multi-Source Convergence),Q3: Moderate-High Relative Stress,2865
C_105_021,78.392426,12.834365,0.2435,0.3173,0.2591,0.1539,High (Multi-Source Convergence),Q3: Moderate-High Relative Stress,2866
C_090_043,78.590056,12.969113,0.2435,0.1526,0.277,0.301,Moderate (Compound Moisture/Vegetation Stress),Q3: Moderate-High Relative Stress,2867
C_033_050,78.652938,13.481152,0.2435,0.1548,0.3766,0.1991,Low (Single Evidence Family),Q3: Moderate-High Relative Stress,2868
C_050_088,78.994298,13.328439,0.2434,0.1152,0.1679,0.447,Low (Single Evidence Family),Q3: Moderate-High Relative Stress,2869
C_014_090,79.012264,13.651832,0.2434,0.1862,0.4742,0.0698,Low (Single Evidence Family),Q3: Moderate-High Relative Stress,2870
C_033_075,78.877517,13.481152,0.2434,0.1352,0.5178,0.0773,Low (Single Evidence Family),Q3: Moderate-High Relative Stress,2871
C_050_086,78.976331,13.328439,0.2433,0.1131,0.3248,0.2921,Moderate (Compound Moisture/Vegetation Stress),Q3: Moderate-High Relative Stress,2872
C_089_042,78.581073,12.978096,0.2431,0.242,0.4198,0.0675,High (Multi-Source Convergence),Q3: Moderate-High Relative Stress,2873
C_015_090,79.012264,13.642849,0.2431,0.138,0.3906,0.2007,Moderate (Compound Moisture/Vegetation Stress),Q3: Moderate-High Relative Stress,2874
C_061_169,79.728042,13.229624,0.2431,0.0167,0.0659,0.6469,Low (Single Evidence Family),Q3: Moderate-High Relative Stress,2875
C_057_062,78.760736,13.265557,0.2428,0.1866,0.3309,0.2109,Moderate (Compound Moisture/Vegetation Stress),Q3: Moderate-High Relative Stress,2876
C_071_041,78.57209,13.139792,0.2428,0.2016,0.204,0.3229,High (Multi-Source Convergence),Q3: Moderate-High Relative Stress,2877
C_040_101,79.111079,13.41827,0.2426,0.1956,0.1291,0.4031,Low (Single Evidence Family),Q3: Moderate-High Relative Stress,2878
C_074_113,79.218877,13.112843,0.2426,0.2118,0.4579,0.058,Moderate (Same-Sensor Spectral Agreement),Q3: Moderate-High Relative Stress,2879
C_058_062,78.760736,13.256573,0.2425,0.22,0.4184,0.0891,High (Multi-Source Convergence),Q3: Moderate-High Relative Stress,2880
C_067_102,79.120062,13.175725,0.2425,0.3171,0.3583,0.0521,High (Multi-Source Convergence),Q3: Moderate-High Relative Stress,2881
C_082_048,78.634972,13.040978,0.2422,0.2569,0.4631,0.0065,Moderate (Same-Sensor Spectral Agreement),Q3: Moderate-High Relative Stress,2882
C_036_088,78.994298,13.454203,0.2422,0.2469,0.3229,0.1569,High (Multi-Source Convergence),Q3: Moderate-High Relative Stress,2883
C_108_017,78.356494,12.807416,0.2422,0.202,0.3525,0.1719,High (Multi-Source Convergence),Q3: Moderate-High Relative Stress,2884
C_043_057,78.71582,13.391321,0.2421,0.2067,0.4933,0.0262,Moderate (Same-Sensor Spectral Agreement),Q3: Moderate-High Relative Stress,2885
C_065_108,79.173961,13.193691,0.2421,0.1368,0.3134,0.2761,Moderate (Compound Moisture/Vegetation Stress),Q3: Moderate-High Relative Stress,2886
C_043_037,78.536157,13.391321,0.2421,0.1536,0.4275,0.1454,Low (Single Evidence Family),Q3: Moderate-High Relative Stress,2887
C_050_080,78.922433,13.328439,0.242,0.0705,0.1054,0.5502,Low (Single Evidence Family),Q3: Moderate-High Relative Stress,2888
C_079_047,78.625988,13.067927,0.2419,0.1723,0.1753,0.3779,Low (Single Evidence Family),Q3: Moderate-High Relative Stress,2889
C_054_098,79.084129,13.292506,0.2419,0.1897,0.4425,0.0937,Low (Single Evidence Family),Q3: Moderate-High Relative Stress,2890
C_078_038,78.54514,13.07691,0.2418,0.2605,0.3896,0.0753,High (Multi-Source Convergence),Q3: Moderate-High Relative Stress,2891
C_042_120,79.281759,13.400304,0.2418,0.0828,0.2138,0.4287,Moderate (Compound Moisture/Vegetation Stress),Q3: Moderate-High Relative Stress,2892
C_070_106,79.155994,13.148776,0.2416,0.1869,0.4139,0.1241,Low (Single Evidence Family),Q3: Moderate-High Relative Stress,2893
C_038_097,79.075146,13.436236,0.2416,0.2416,0.2869,0.1962,High (Multi-Source Convergence),Q3: Moderate-High Relative Stress,2894
C_057_081,78.931416,13.265557,0.2416,0.2349,0.3398,0.15,High (Multi-Source Convergence),Q3: Moderate-High Relative Stress,2895
C_047_151,79.566345,13.355388,0.2414,0.2591,0.2536,0.2116,High (Multi-Source Convergence),Q3: Moderate-High Relative Stress,2896
C_078_054,78.688871,13.07691,0.2414,0.1936,0.3791,0.1516,Low (Single Evidence Family),Q3: Moderate-High Relative Stress,2897
C_026_063,78.769719,13.544034,0.2413,0.1616,0.3307,0.2315,Moderate (Compound Moisture/Vegetation Stress),Q3: Moderate-High Relative Stress,2898
C_059_062,78.760736,13.24759,0.2413,0.1883,0.3237,0.2119,Moderate (Compound Moisture/Vegetation Stress),Q3: Moderate-High Relative Stress,2899
C_062_050,78.652938,13.220641,0.2413,0.1653,0.4135,0.1451,Low (Single Evidence Family),Q3: Moderate-High Relative Stress,2900
C_043_099,79.093112,13.391321,0.2412,0.2061,0.4297,0.0878,High (Multi-Source Convergence),Q3: Moderate-High Relative Stress,2901
C_035_069,78.823618,13.463186,0.2412,0.3065,0.3124,0.1048,High (Multi-Source Convergence),Q3: Moderate-High Relative Stress,2902
C_048_055,78.697854,13.346405,0.2411,0.1582,0.4273,0.1379,Low (Single Evidence Family),Q3: Moderate-High Relative Stress,2903
C_011_091,79.021247,13.678782,0.2411,0.2389,0.3278,0.1565,High (Multi-Source Convergence),Q3: Moderate-High Relative Stress,2904
C_035_035,78.518191,13.463186,0.2411,0.1684,0.5419,0.0131,Low (Single Evidence Family),Q3: Moderate-High Relative Stress,2905
C_075_059,78.733786,13.10386,0.2411,0.2104,0.4884,0.0246,Moderate (Same-Sensor Spectral Agreement),Q3: Moderate-High Relative Stress,2906
C_105_015,78.338528,12.834365,0.2411,0.3508,0.205,0.1677,High (Multi-Source Convergence),Q3: Moderate-High Relative Stress,2907
C_046_101,79.111079,13.364371,0.2411,0.171,0.1688,0.3835,Low (Single Evidence Family),Q3: Moderate-High Relative Stress,2908
C_107_008,78.275646,12.816399,0.241,0.1946,0.2826,0.2459,Moderate (Compound Moisture/Vegetation Stress),Q3: Moderate-High Relative Stress,2909
C_066_092,79.03023,13.184708,0.241,0.285,0.1863,0.2518,Moderate (Compound Urban/Water Signal),Q3: Moderate-High Relative Stress,2910
C_063_065,78.787685,13.211658,0.2409,0.2605,0.3225,0.1398,High (Multi-Source Convergence),Q3: Moderate-High Relative Stress,2911
C_033_055,78.697854,13.481152,0.2409,0.3113,0.4026,0.0088,Moderate (Same-Sensor Spectral Agreement),Q3: Moderate-High Relative Stress,2912
C_062_135,79.422614,13.220641,0.2409,0.2412,0.2494,0.2322,High (Multi-Source Convergence),Q3: Moderate-High Relative Stress,2913
C_017_089,79.003281,13.624883,0.2409,0.1466,0.192,0.3841,Low (Single Evidence Family),Q3: Moderate-High Relative Stress,2914
C_042_085,78.967348,13.400304,0.2408,0.2191,0.3445,0.1589,High (Multi-Source Convergence),Q3: Moderate-High Relative Stress,2915
C_060_096,79.066163,13.238607,0.2407,0.1337,0.4069,0.1814,Low (Single Evidence Family),Q3: Moderate-High Relative Stress,2916
C_028_082,78.940399,13.526068,0.2407,0.1439,0.2859,0.2924,Moderate (Compound Moisture/Vegetation Stress),Q3: Moderate-High Relative Stress,2917
C_055_084,78.958365,13.283523,0.2407,0.2308,0.2581,0.2332,High (Multi-Source Convergence),Q3: Moderate-High Relative Stress,2918
C_061_062,78.760736,13.229624,0.2407,0.2541,0.3309,0.1372,High (Multi-Source Convergence),Q3: Moderate-High Relative Stress,2919
C_102_028,78.455309,12.861315,0.2406,0.1463,0.1683,0.4071,Low (Single Evidence Family),Q3: Moderate-High Relative Stress,2920
C_050_109,79.182944,13.328439,0.2405,0.2264,0.2859,0.2093,High (Multi-Source Convergence),Q3: Moderate-High Relative Stress,2921
C_039_130,79.37159,13.427253,0.2405,0.2382,0.3946,0.0888,High (Multi-Source Convergence),Q3: Moderate-High Relative Stress,2922
C_059_046,78.617005,13.24759,0.2405,0.1591,0.2747,0.2875,Moderate (Compound Moisture/Vegetation Stress),Q3: Moderate-High Relative Stress,2923
C_112_019,78.37446,12.771483,0.2404,0.198,0.1541,0.3691,Low (Single Evidence Family),Q3: Moderate-High Relative Stress,2924
C_080_047,78.625988,13.058944,0.2403,0.2076,0.1377,0.3756,Moderate (Compound Urban/Water Signal),Q3: Moderate-High Relative Stress,2925
C_038_126,79.335658,13.436236,0.2402,0.145,0.2511,0.3245,Moderate (Compound Moisture/Vegetation Stress),Q3: Moderate-High Relative Stress,2926
C_027_079,78.913449,13.535051,0.2401,0.3492,0.2105,0.1605,High (Multi-Source Convergence),Q3: Moderate-High Relative Stress,2927
C_050_044,78.599039,13.328439,0.2401,0.1809,0.4668,0.0727,Low (Single Evidence Family),Q3: Moderate-High Relative Stress,2928
C_038_060,78.742769,13.436236,0.24,0.2344,0.4847,0.001,Moderate (Same-Sensor Spectral Agreement),Q3: Moderate-High Relative Stress,2929
C_094_035,78.518191,12.93318,0.24,0.1617,0.3229,0.2355,Moderate (Compound Moisture/Vegetation Stress),Q3: Moderate-High Relative Stress,2930
C_100_016,78.347511,12.879281,0.24,0.0473,0.1095,0.5633,Low (Single Evidence Family),Q3: Moderate-High Relative Stress,2931
C_065_115,79.236843,13.193691,0.24,0.2337,0.3612,0.1251,High (Multi-Source Convergence),Q3: Moderate-High Relative Stress,2932
C_053_049,78.643955,13.301489,0.24,0.213,0.3653,0.1418,High (Multi-Source Convergence),Q3: Moderate-High Relative Stress,2933
C_070_081,78.931416,13.148776,0.2399,0.1597,0.3894,0.1706,Low (Single Evidence Family),Q3: Moderate-High Relative Stress,2934
C_053_062,78.760736,13.301489,0.2399,0.2207,0.4989,0.0,Moderate (Same-Sensor Spectral Agreement),Q3: Moderate-High Relative Stress,2935
C_036_132,79.389556,13.454203,0.2398,0.1811,0.313,0.2253,Moderate (Compound Moisture/Vegetation Stress),Q3: Moderate-High Relative Stress,2936
C_074_104,79.138028,13.112843,0.2398,0.1914,0.22,0.3082,Moderate (Compound Moisture/Vegetation Stress),Q3: Moderate-High Relative Stress,2937
C_068_105,79.147011,13.166742,0.2398,0.2467,0.2027,0.2698,High (Multi-Source Convergence),Q3: Moderate-High Relative Stress,2938
C_054_155,79.602278,13.292506,0.2397,0.1765,0.4134,0.1291,Low (Single Evidence Family),Q3: Moderate-High Relative Stress,2939
C_087_041,78.57209,12.996062,0.2397,0.2953,0.4215,0.0023,Moderate (Same-Sensor Spectral Agreement),Q3: Moderate-High Relative Stress,2940
C_033_082,78.940399,13.481152,0.2396,0.187,0.5018,0.0301,Low (Single Evidence Family),Q3: Moderate-High Relative Stress,2941
C_117_023,78.410393,12.726567,0.2394,0.2853,0.1965,0.2364,Moderate (Compound Urban/Water Signal),Q3: Moderate-High Relative Stress,2942
C_064_070,78.832601,13.202674,0.2394,0.167,0.5511,0.0,Low (Single Evidence Family),Q3: Moderate-High Relative Stress,2943
C_077_098,79.084129,13.085893,0.2393,0.1555,0.1696,0.3926,Low (Single Evidence Family),Q3: Moderate-High Relative Stress,2944
C_063_056,78.706837,13.211658,0.2393,0.2467,0.3694,0.1018,High (Multi-Source Convergence),Q3: Moderate-High Relative Stress,2945
C_009_092,79.03023,13.696748,0.2393,0.1789,0.2867,0.2522,Moderate (Compound Moisture/Vegetation Stress),Q3: Moderate-High Relative Stress,2946
C_071_122,79.299725,13.139792,0.2391,0.2717,0.4342,0.0115,Moderate (Same-Sensor Spectral Agreement),Q3: Moderate-High Relative Stress,2947
C_044_098,79.084129,13.382338,0.2391,0.1698,0.3126,0.2348,Moderate (Compound Moisture/Vegetation Stress),Q3: Moderate-High Relative Stress,2948
C_039_063,78.769719,13.427253,0.239,0.3051,0.4118,0.0,Moderate (Same-Sensor Spectral Agreement),Q3: Moderate-High Relative Stress,2949
C_050_087,78.985315,13.328439,0.239,0.1679,0.268,0.2813,Moderate (Compound Moisture/Vegetation Stress),Q3: Moderate-High Relative Stress,2950
C_046_089,79.003281,13.364371,0.2389,0.1605,0.1978,0.3586,Low (Single Evidence Family),Q3: Moderate-High Relative Stress,2951
C_049_045,78.608022,13.337422,0.2388,0.2664,0.4149,0.035,High (Multi-Source Convergence),Q3: Moderate-High Relative Stress,2952
C_062_089,79.003281,13.220641,0.2388,0.1647,0.1474,0.4044,Low (Single Evidence Family),Q3: Moderate-High Relative Stress,2953
C_053_112,79.209893,13.301489,0.2387,0.1393,0.2324,0.3445,Moderate (Compound Moisture/Vegetation Stress),Q3: Moderate-High Relative Stress,2954
C_054_087,78.985315,13.292506,0.2387,0.208,0.3799,0.1284,High (Multi-Source Convergence),Q3: Moderate-High Relative Stress,2955
C_055_036,78.527174,13.283523,0.2387,0.1676,0.3614,0.187,Low (Single Evidence Family),Q3: Moderate-High Relative Stress,2956
C_023_064,78.778702,13.570984,0.2386,0.263,0.2536,0.1991,High (Multi-Source Convergence),Q3: Moderate-High Relative Stress,2957
C_044_138,79.449564,13.382338,0.2386,0.1949,0.2861,0.2348,Moderate (Compound Moisture/Vegetation Stress),Q3: Moderate-High Relative Stress,2958
C_059_115,79.236843,13.24759,0.2386,0.2525,0.3075,0.1559,High (Multi-Source Convergence),Q3: Moderate-High Relative Stress,2959
C_052_083,78.949382,13.310472,0.2385,0.0273,0.3548,0.3334,Moderate (Compound Moisture/Vegetation Stress),Q3: Moderate-High Relative Stress,2960
C_059_063,78.769719,13.24759,0.2385,0.1802,0.3632,0.1719,Low (Single Evidence Family),Q3: Moderate-High Relative Stress,2961
C_021_086,78.976331,13.58895,0.2383,0.0987,0.4161,0.2001,Moderate (Compound Moisture/Vegetation Stress),Q3: Moderate-High Relative Stress,2962
C_058_089,79.003281,13.256573,0.2382,0.2161,0.1432,0.3553,Moderate (Compound Urban/Water Signal),Q3: Moderate-High Relative Stress,2963
C_024_099,79.093112,13.562001,0.2382,0.1733,0.2023,0.3389,Moderate (Compound Moisture/Vegetation Stress),Q3: Moderate-High Relative Stress,2964
C_070_097,79.075146,13.148776,0.2382,0.101,0.488,0.1258,Low (Single Evidence Family),Q3: Moderate-High Relative Stress,2965
C_040_038,78.54514,13.41827,0.2382,0.2325,0.2772,0.205,High (Multi-Source Convergence),Q3: Moderate-High Relative Stress,2966
C_026_066,78.796668,13.544034,0.2382,0.1561,0.4688,0.0897,Low (Single Evidence Family),Q3: Moderate-High Relative Stress,2967
C_041_122,79.299725,13.409287,0.2381,0.0335,0.1066,0.5741,Low (Single Evidence Family),Q3: Moderate-High Relative Stress,2968
C_098_018,78.365477,12.897247,0.238,0.1373,0.3278,0.2489,Moderate (Compound Moisture/Vegetation Stress),Q3: Moderate-High Relative Stress,2969
C_069_039,78.554123,13.157759,0.238,0.1477,0.1591,0.4074,Low (Single Evidence Family),Q3: Moderate-High Relative Stress,2970
C_044_125,79.326674,13.382338,0.238,0.1152,0.2441,0.3547,Moderate (Compound Moisture/Vegetation Stress),Q3: Moderate-High Relative Stress,2971
C_059_078,78.904466,13.24759,0.2378,0.128,0.1745,0.411,Low (Single Evidence Family),Q3: Moderate-High Relative Stress,2972
C_032_067,78.805652,13.490135,0.2378,0.1241,0.3659,0.2233,Moderate (Compound Moisture/Vegetation Stress),Q3: Moderate-High Relative Stress,2973
C_057_072,78.850567,13.265557,0.2378,0.2166,0.4583,0.0386,High (Multi-Source Convergence),Q3: Moderate-High Relative Stress,2974
C_038_034,78.509207,13.436236,0.2377,0.1738,0.4499,0.0894,Low (Single Evidence Family),Q3: Moderate-High Relative Stress,2975
C_064_048,78.634972,13.202674,0.2377,0.1856,0.3408,0.1867,Low (Single Evidence Family),Q3: Moderate-High Relative Stress,2976
C_062_121,79.290742,13.220641,0.2377,0.2065,0.3237,0.1827,High (Multi-Source Convergence),Q3: Moderate-High Relative Stress,2977
C_114_021,78.392426,12.753517,0.2377,0.2343,0.1704,0.3085,Moderate (Compound Urban/Water Signal),Q3: Moderate-High Relative Stress,2978
C_073_123,79.308708,13.121826,0.2377,0.1535,0.5034,0.0563,Low (Single Evidence Family),Q3: Moderate-High Relative Stress,2979
C_054_111,79.20091,13.292506,0.2376,0.109,0.2595,0.3442,Moderate (Compound Moisture/Vegetation Stress),Q3: Moderate-High Relative Stress,2980
C_094_036,78.527174,12.93318,0.2376,0.1131,0.2686,0.3311,Moderate (Compound Moisture/Vegetation Stress),Q3: Moderate-High Relative Stress,2981
C_055_083,78.949382,13.283523,0.2375,0.1939,0.2132,0.3055,Moderate (Compound Moisture/Vegetation Stress),Q3: Moderate-High Relative Stress,2982
C_055_106,79.155994,13.283523,0.2375,0.1574,0.2612,0.2941,Moderate (Compound Moisture/Vegetation Stress),Q3: Moderate-High Relative Stress,2983
C_074_064,78.778702,13.112843,0.2375,0.2047,0.4096,0.0982,High (Multi-Source Convergence),Q3: Moderate-High Relative Stress,2984
C_037_121,79.290742,13.44522,0.2375,0.111,0.2188,0.3828,Moderate (Compound Moisture/Vegetation Stress),Q3: Moderate-High Relative Stress,2985
C_068_044,78.599039,13.166742,0.2375,0.2832,0.3359,0.0933,High (Multi-Source Convergence),Q3: Moderate-High Relative Stress,2986
C_025_089,79.003281,13.553017,0.2375,0.2974,0.2696,0.1454,High (Multi-Source Convergence),Q3: Moderate-High Relative Stress,2987
C_059_173,79.763974,13.24759,0.2375,0.0077,0.0218,0.6831,Low (Single Evidence Family),Q3: Moderate-High Relative Stress,2988
C_048_149,79.548379,13.346405,0.2375,0.1545,0.2238,0.3343,Moderate (Compound Moisture/Vegetation Stress),Q3: Moderate-High Relative Stress,2989
C_092_032,78.491241,12.951146,0.2375,0.2106,0.3781,0.1238,High (Multi-Source Convergence),Q3: Moderate-High Relative Stress,2990
C_000_097,79.075146,13.777596,0.2374,0.1104,0.4277,0.1742,Low (Single Evidence Family),Q3: Moderate-High Relative Stress,2991
C_126_026,78.437342,12.645719,0.2373,0.2563,0.2066,0.2489,High (Multi-Source Convergence),Q3: Moderate-High Relative Stress,2992
C_070_058,78.724803,13.148776,0.2373,0.2069,0.3394,0.1657,High (Multi-Source Convergence),Q3: Moderate-High Relative Stress,2993
C_062_094,79.048197,13.220641,0.2373,0.1203,0.312,0.2797,Moderate (Compound Moisture/Vegetation Stress),Q3: Moderate-High Relative Stress,2994
C_058_091,79.021247,13.256573,0.2372,0.1146,0.1616,0.4355,Low (Single Evidence Family),Q3: Moderate-High Relative Stress,2995
C_052_063,78.769719,13.310472,0.2372,0.237,0.4742,0.0003,Moderate (Same-Sensor Spectral Agreement),Q3: Moderate-High Relative Stress,2996
C_124_028,78.455309,12.663685,0.237,0.2483,0.2155,0.2472,High (Multi-Source Convergence),Q3: Moderate-High Relative Stress,2997
C_049_130,79.37159,13.337422,0.237,0.1587,0.2591,0.2931,Moderate (Compound Moisture/Vegetation Stress),Q3: Moderate-High Relative Stress,2998
C_066_093,79.039214,13.184708,0.237,0.2227,0.2509,0.2374,High (Multi-Source Convergence),Q3: Moderate-High Relative Stress,2999
C_050_062,78.760736,13.328439,0.2369,0.2632,0.3542,0.0933,High (Multi-Source Convergence),Q3: Moderate-High Relative Stress,3000
C_121_032,78.491241,12.690635,0.2369,0.3672,0.3237,0.0196,Moderate (Same-Sensor Spectral Agreement),Q3: Moderate-High Relative Stress,3001
C_081_043,78.590056,13.049961,0.2368,0.2397,0.4674,0.0033,Moderate (Same-Sensor Spectral Agreement),Q3: Moderate-High Relative Stress,3002
C_046_117,79.254809,13.364371,0.2367,0.2029,0.3019,0.2053,High (Multi-Source Convergence),Q3: Moderate-High Relative Stress,3003
C_108_006,78.257679,12.807416,0.2366,0.25,0.2976,0.1621,High (Multi-Source Convergence),Q3: Moderate-High Relative Stress,3004
C_033_085,78.967348,13.481152,0.2366,0.2908,0.419,0.0,Moderate (Same-Sensor Spectral Agreement),Q3: Moderate-High Relative Stress,3005
C_054_094,79.048197,13.292506,0.2366,0.1027,0.4061,0.2011,Moderate (Compound Moisture/Vegetation Stress),Q3: Moderate-High Relative Stress,3006
C_126_027,78.446325,12.645719,0.2366,0.3094,0.2274,0.1729,High (Multi-Source Convergence),Q3: Moderate-High Relative Stress,3007
C_084_038,78.54514,13.023011,0.2365,0.2432,0.363,0.1032,High (Multi-Source Convergence),Q3: Moderate-High Relative Stress,3008
C_041_053,78.679887,13.409287,0.2365,0.2168,0.2276,0.2649,High (Multi-Source Convergence),Q3: Moderate-High Relative Stress,3009
C_077_058,78.724803,13.085893,0.2365,0.1915,0.3902,0.1277,Low (Single Evidence Family),Q3: Moderate-High Relative Stress,3010
C_099_023,78.410393,12.888264,0.236,0.137,0.1459,0.4251,Low (Single Evidence Family),Q3: Moderate-High Relative Stress,3011
C_062_068,78.814635,13.220641,0.236,0.1939,0.5106,0.0036,Low (Single Evidence Family),Q3: Moderate-High Relative Stress,3012
C_097_033,78.500224,12.90623,0.2358,0.2188,0.2992,0.1893,High (Multi-Source Convergence),Q3: Moderate-High Relative Stress,3013
C_029_076,78.8865,13.517085,0.2358,0.1355,0.2863,0.2856,Moderate (Compound Moisture/Vegetation Stress),Q3: Moderate-High Relative Stress,3014
C_098_024,78.419376,12.897247,0.2358,0.1455,0.2099,0.352,Moderate (Compound Moisture/Vegetation Stress),Q3: Moderate-High Relative Stress,3015
C_107_037,78.536157,12.816399,0.2358,0.1921,0.0994,0.4159,Low (Single Evidence Family),Q3: Moderate-High Relative Stress,3016
C_109_006,78.257679,12.798433,0.2357,0.2671,0.3453,0.0946,High (Multi-Source Convergence),Q3: Moderate-High Relative Stress,3017
C_063_131,79.380573,13.211658,0.2356,0.3091,0.3682,0.0295,High (Multi-Source Convergence),Q3: Moderate-High Relative Stress,3018
C_047_085,78.967348,13.355388,0.2356,0.3299,0.377,0.0,Moderate (Same-Sensor Spectral Agreement),Q3: Moderate-High Relative Stress,3019
C_065_128,79.353624,13.193691,0.2356,0.2771,0.2892,0.1405,High (Multi-Source Convergence),Q3: Moderate-High Relative Stress,3020
C_054_157,79.620244,13.292506,0.2355,0.2919,0.2692,0.1454,High (Multi-Source Convergence),Q3: Moderate-High Relative Stress,3021
C_079_108,79.173961,13.067927,0.2355,0.1937,0.3385,0.1742,Low (Single Evidence Family),Q3: Moderate-High Relative Stress,3022
C_050_038,78.54514,13.328439,0.2355,0.2368,0.3809,0.0887,High (Multi-Source Convergence),Q3: Moderate-High Relative Stress,3023
C_044_084,78.958365,13.382338,0.2354,0.2801,0.4137,0.0124,Moderate (Same-Sensor Spectral Agreement),Q3: Moderate-High Relative Stress,3024
C_091_036,78.527174,12.960129,0.2354,0.2645,0.3797,0.0619,High (Multi-Source Convergence),Q3: Moderate-High Relative Stress,3025
C_101_034,78.509207,12.870298,0.2353,0.0672,0.1828,0.4558,Low (Single Evidence Family),Q3: Moderate-High Relative Stress,3026
C_044_070,78.832601,13.382338,0.2353,0.1224,0.2793,0.3042,Moderate (Compound Moisture/Vegetation Stress),Q3: Moderate-High Relative Stress,3027
C_028_076,78.8865,13.526068,0.2353,0.1093,0.3414,0.2551,Moderate (Compound Moisture/Vegetation Stress),Q3: Moderate-High Relative Stress,3028
C_100_025,78.428359,12.879281,0.2353,0.0865,0.1776,0.4418,Low (Single Evidence Family),Q3: Moderate-High Relative Stress,3029
C_059_043,78.590056,13.24759,0.2352,0.0895,0.1982,0.4179,Low (Single Evidence Family),Q3: Moderate-High Relative Stress,3030
C_042_118,79.263792,13.400304,0.2352,0.1953,0.1793,0.3311,Low (Single Evidence Family),Q3: Moderate-High Relative Stress,3031
C_024_077,78.895483,13.562001,0.2352,0.1078,0.1762,0.4218,Low (Single Evidence Family),Q3: Moderate-High Relative Stress,3032
C_070_069,78.823618,13.148776,0.2352,0.2229,0.4824,0.0003,Moderate (Same-Sensor Spectral Agreement),Q3: Moderate-High Relative Stress,3033
C_039_070,78.832601,13.427253,0.2351,0.2337,0.3258,0.1457,High (Multi-Source Convergence),Q3: Moderate-High Relative Stress,3034
C_091_039,78.554123,12.960129,0.2351,0.2333,0.3213,0.1506,High (Multi-Source Convergence),Q3: Moderate-High Relative Stress,3035
C_099_040,78.563106,12.888264,0.2351,0.1751,0.4044,0.1258,Low (Single Evidence Family),Q3: Moderate-High Relative Stress,3036
C_026_097,79.075146,13.544034,0.2351,0.1567,0.2254,0.3232,Moderate (Compound Moisture/Vegetation Stress),Q3: Moderate-High Relative Stress,3037
C_075_041,78.57209,13.10386,0.2349,0.1158,0.2394,0.3494,Moderate (Compound Moisture/Vegetation Stress),Q3: Moderate-High Relative Stress,3038
C_081_106,79.155994,13.049961,0.2348,0.1795,0.3202,0.2047,Moderate (Compound Moisture/Vegetation Stress),Q3: Moderate-High Relative Stress,3039
C_035_089,79.003281,13.463186,0.2348,0.2732,0.4312,0.0,Moderate (Same-Sensor Spectral Agreement),Q3: Moderate-High Relative Stress,3040
C_113_006,78.257679,12.7625,0.2348,0.2193,0.4258,0.0593,Moderate (Same-Sensor Spectral Agreement),Q3: Moderate-High Relative Stress,3041
C_056_058,78.724803,13.27454,0.2348,0.1967,0.3962,0.1117,Low (Single Evidence Family),Q3: Moderate-High Relative Stress,3042
C_051_091,79.021247,13.319455,0.2346,0.1062,0.205,0.3926,Moderate (Compound Moisture/Vegetation Stress),Q3: Moderate-High Relative Stress,3043
C_058_059,78.733786,13.256573,0.2346,0.2831,0.3499,0.0707,High (Multi-Source Convergence),Q3: Moderate-High Relative Stress,3044
C_020_090,79.012264,13.597933,0.2345,0.0517,0.4474,0.2043,Moderate (Compound Moisture/Vegetation Stress),Q3: Moderate-High Relative Stress,3045
C_116_009,78.284629,12.735551,0.2343,0.2557,0.2223,0.225,High (Multi-Source Convergence),Q3: Moderate-High Relative Stress,3046
C_043_067,78.805652,13.391321,0.2343,0.2199,0.342,0.1408,High (Multi-Source Convergence),Q3: Moderate-High Relative Stress,3047
C_068_082,78.940399,13.166742,0.2342,0.1999,0.3367,0.166,Low (Single Evidence Family),Q3: Moderate-High Relative Stress,3048
C_064_129,79.362607,13.202674,0.2342,0.3396,0.1828,0.1801,Low (Single Evidence Family),Q3: Moderate-High Relative Stress,3049
C_039_073,78.85955,13.427253,0.234,0.3537,0.3482,0.0,Moderate (Same-Sensor Spectral Agreement),Q3: Moderate-High Relative Stress,3050
C_044_104,79.138028,13.382338,0.2339,0.1918,0.339,0.1709,Low (Single Evidence Family),Q3: Moderate-High Relative Stress,3051
C_035_045,78.608022,13.463186,0.2339,0.1502,0.5162,0.0354,Low (Single Evidence Family),Q3: Moderate-High Relative Stress,3052
C_050_151,79.566345,13.328439,0.2339,0.1635,0.2883,0.2499,Moderate (Compound Moisture/Vegetation Stress),Q3: Moderate-High Relative Stress,3053
C_047_070,78.832601,13.355388,0.2338,0.105,0.3237,0.2728,Moderate (Compound Moisture/Vegetation Stress),Q3: Moderate-High Relative Stress,3054
C_038_130,79.37159,13.436236,0.2334,0.1075,0.2855,0.3072,Moderate (Compound Moisture/Vegetation Stress),Q3: Moderate-High Relative Stress,3055
C_070_091,79.021247,13.148776,0.2334,0.2053,0.2118,0.2833,High (Multi-Source Convergence),Q3: Moderate-High Relative Stress,3056
C_019_091,79.021247,13.606916,0.2334,0.122,0.3396,0.2387,Moderate (Compound Moisture/Vegetation Stress),Q3: Moderate-High Relative Stress,3057
C_062_132,79.389556,13.220641,0.2333,0.3043,0.3068,0.089,High (Multi-Source Convergence),Q3: Moderate-High Relative Stress,3058
C_051_119,79.272775,13.319455,0.2332,0.13,0.261,0.3088,Moderate (Compound Moisture/Vegetation Stress),Q3: Moderate-High Relative Stress,3059
C_016_089,79.003281,13.633866,0.2332,0.0934,0.4437,0.1624,Low (Single Evidence Family),Q3: Moderate-High Relative Stress,3060
C_021_097,79.075146,13.58895,0.2332,0.1685,0.2922,0.2387,Moderate (Compound Moisture/Vegetation Stress),Q3: Moderate-High Relative Stress,3061
C_053_115,79.236843,13.301489,0.2332,0.2074,0.2542,0.2381,High (Multi-Source Convergence),Q3: Moderate-High Relative Stress,3062
C_039_127,79.344641,13.427253,0.2332,0.124,0.2663,0.3095,Moderate (Compound Moisture/Vegetation Stress),Q3: Moderate-High Relative Stress,3063
C_125_018,78.365477,12.654702,0.2331,0.2333,0.1416,0.3245,Moderate (Compound Urban/Water Signal),Q3: Moderate-High Relative Stress,3064
C_070_111,79.20091,13.148776,0.233,0.1507,0.1998,0.3484,Low (Single Evidence Family),Q3: Moderate-High Relative Stress,3065
C_041_074,78.868534,13.409287,0.233,0.3107,0.3884,0.0,Moderate (Same-Sensor Spectral Agreement),Q3: Moderate-High Relative Stress,3066
C_046_041,78.57209,13.364371,0.233,0.2099,0.4196,0.0694,High (Multi-Source Convergence),Q3: Moderate-High Relative Stress,3067
C_055_089,79.003281,13.283523,0.2329,0.1457,0.2747,0.2784,Moderate (Compound Moisture/Vegetation Stress),Q3: Moderate-High Relative Stress,3068
C_018_072,78.850567,13.6159,0.2328,0.2381,0.3873,0.073,High (Multi-Source Convergence),Q3: Moderate-High Relative Stress,3069
C_051_052,78.670904,13.319455,0.2328,0.268,0.3283,0.1022,High (Multi-Source Convergence),Q3: Moderate-High Relative Stress,3070
C_058_167,79.710075,13.256573,0.2327,0.0116,0.0319,0.6546,Low (Single Evidence Family),Q3: Moderate-High Relative Stress,3071
C_053_104,79.138028,13.301489,0.2326,0.1281,0.2782,0.2915,Moderate (Compound Moisture/Vegetation Stress),Q3: Moderate-High Relative Stress,3072
C_098_017,78.356494,12.897247,0.2326,0.0955,0.1517,0.4506,Low (Single Evidence Family),Q3: Moderate-High Relative Stress,3073
C_033_066,78.796668,13.481152,0.2325,0.1506,0.4242,0.1228,Low (Single Evidence Family),Q3: Moderate-High Relative Stress,3074
C_060_116,79.245826,13.238607,0.2325,0.1806,0.3159,0.2011,Moderate (Compound Moisture/Vegetation Stress),Q3: Moderate-High Relative Stress,3075
C_063_047,78.625988,13.211658,0.2325,0.1465,0.3565,0.1945,Low (Single Evidence Family),Q3: Moderate-High Relative Stress,3076
C_054_131,79.380573,13.292506,0.2325,0.1572,0.2622,0.278,Moderate (Compound Moisture/Vegetation Stress),Q3: Moderate-High Relative Stress,3077
C_048_132,79.389556,13.346405,0.2324,0.1881,0.2929,0.2161,Moderate (Compound Moisture/Vegetation Stress),Q3: Moderate-High Relative Stress,3078
C_066_049,78.643955,13.184708,0.2324,0.2231,0.2303,0.2436,High (Multi-Source Convergence),Q3: Moderate-High Relative Stress,3079
C_015_073,78.85955,13.642849,0.2322,0.0875,0.4904,0.1185,Low (Single Evidence Family),Q3: Moderate-High Relative Stress,3080
C_066_048,78.634972,13.184708,0.2322,0.2496,0.2657,0.1814,High (Multi-Source Convergence),Q3: Moderate-High Relative Stress,3081
C_102_039,78.554123,12.861315,0.2322,0.2455,0.3879,0.0632,Moderate (Same-Sensor Spectral Agreement),Q3: Moderate-High Relative Stress,3082
C_033_049,78.643955,13.481152,0.2321,0.1836,0.4168,0.096,Low (Single Evidence Family),Q3: Moderate-High Relative Stress,3083
C_032_057,78.71582,13.490135,0.232,0.2733,0.4116,0.0111,High (Multi-Source Convergence),Q3: Moderate-High Relative Stress,3084
C_064_114,79.22786,13.202674,0.232,0.1106,0.2097,0.3756,Moderate (Compound Moisture/Vegetation Stress),Q3: Moderate-High Relative Stress,3085
C_112_013,78.320561,12.771483,0.2319,0.1648,0.0926,0.4382,Low (Single Evidence Family),Q3: Moderate-High Relative Stress,3086
C_059_108,79.173961,13.24759,0.2319,0.1502,0.3665,0.1788,Low (Single Evidence Family),Q3: Moderate-High Relative Stress,3087
C_065_046,78.617005,13.193691,0.2318,0.1892,0.3873,0.1189,Low (Single Evidence Family),Q3: Moderate-High Relative Stress,3088
C_044_096,79.066163,13.382338,0.2318,0.3481,0.2422,0.1051,High (Multi-Source Convergence),Q3: Moderate-High Relative Stress,3089
C_074_088,78.994298,13.112843,0.2318,0.1323,0.183,0.3802,Low (Single Evidence Family),Q3: Moderate-High Relative Stress,3090
C_024_090,79.012264,13.562001,0.2317,0.1715,0.2414,0.2823,Moderate (Compound Moisture/Vegetation Stress),Q3: Moderate-High Relative Stress,3091
C_041_055,78.697854,13.409287,0.2317,0.216,0.2822,0.1968,High (Multi-Source Convergence),Q3: Moderate-High Relative Stress,3092
C_125_025,78.428359,12.654702,0.2316,0.3679,0.1817,0.1451,Low (Single Evidence Family),Q3: Moderate-High Relative Stress,3093
C_112_024,78.419376,12.771483,0.2315,0.165,0.2527,0.2767,Moderate (Compound Moisture/Vegetation Stress),Q3: Moderate-High Relative Stress,3094
C_116_014,78.329544,12.735551,0.2315,0.2292,0.1895,0.2757,Moderate (Compound Urban/Water Signal),Q3: Moderate-High Relative Stress,3095
C_108_010,78.293612,12.807416,0.2314,0.2322,0.1739,0.2882,Moderate (Compound Urban/Water Signal),Q3: Moderate-High Relative Stress,3096
C_080_045,78.608022,13.058944,0.2314,0.1946,0.185,0.3147,Low (Single Evidence Family),Q3: Moderate-High Relative Stress,3097
C_101_041,78.57209,12.870298,0.2314,0.2276,0.4536,0.0131,Moderate (Same-Sensor Spectral Agreement),Q3: Moderate-High Relative Stress,3098
C_047_057,78.71582,13.355388,0.2313,0.1781,0.417,0.0989,Low (Single Evidence Family),Q3: Moderate-High Relative Stress,3099
C_046_124,79.317691,13.364371,0.2312,0.1138,0.241,0.3389,Moderate (Compound Moisture/Vegetation Stress),Q3: Moderate-High Relative Stress,3100
C_046_084,78.958365,13.364371,0.2312,0.1458,0.327,0.2207,Moderate (Compound Moisture/Vegetation Stress),Q3: Moderate-High Relative Stress,3101
C_048_115,79.236843,13.346405,0.2311,0.3527,0.2309,0.1097,High (Multi-Source Convergence),Q3: Moderate-High Relative Stress,3102
C_025_061,78.751753,13.553017,0.2311,0.1457,0.3737,0.1739,Low (Single Evidence Family),Q3: Moderate-High Relative Stress,3103
C_055_037,78.536157,13.283523,0.231,0.1094,0.2967,0.287,Moderate (Compound Moisture/Vegetation Stress),Q3: Moderate-High Relative Stress,3104
C_072_054,78.688871,13.130809,0.2309,0.2035,0.2914,0.1978,High (Multi-Source Convergence),Q3: Moderate-High Relative Stress,3105
C_078_104,79.138028,13.07691,0.2309,0.2414,0.2966,0.1549,High (Multi-Source Convergence),Q3: Moderate-High Relative Stress,3106
C_039_064,78.778702,13.427253,0.2308,0.2809,0.4106,0.001,Moderate (Same-Sensor Spectral Agreement),Q3: Moderate-High Relative Stress,3107
C_051_103,79.129045,13.319455,0.2308,0.3143,0.1208,0.2574,Moderate (Compound Urban/Water Signal),Q3: Moderate-High Relative Stress,3108
C_063_108,79.173961,13.211658,0.2307,0.2034,0.2568,0.2319,High (Multi-Source Convergence),Q3: Moderate-High Relative Stress,3109
C_104_028,78.455309,12.843348,0.2306,0.2184,0.1963,0.277,Moderate (Compound Urban/Water Signal),Q3: Moderate-High Relative Stress,3110
C_050_125,79.326674,13.328439,0.2306,0.2148,0.1319,0.3452,Moderate (Compound Urban/Water Signal),Q3: Moderate-High Relative Stress,3111
C_042_058,78.724803,13.400304,0.2306,0.2473,0.4396,0.0049,Moderate (Same-Sensor Spectral Agreement),Q3: Moderate-High Relative Stress,3112
C_034_073,78.85955,13.472169,0.2306,0.1191,0.2647,0.3082,Moderate (Compound Moisture/Vegetation Stress),Q3: Moderate-High Relative Stress,3113
C_054_097,79.075146,13.292506,0.2305,0.2047,0.264,0.2227,High (Multi-Source Convergence),Q3: Moderate-High Relative Stress,3114
C_041_123,79.308708,13.409287,0.2304,0.1147,0.1751,0.4015,Low (Single Evidence Family),Q3: Moderate-High Relative Stress,3115
C_022_082,78.940399,13.579967,0.2304,0.086,0.1706,0.4346,Low (Single Evidence Family),Q3: Moderate-High Relative Stress,3116
C_072_078,78.904466,13.130809,0.2303,0.2469,0.2941,0.15,High (Multi-Source Convergence),Q3: Moderate-High Relative Stress,3117
C_118_007,78.266662,12.717584,0.2302,0.2226,0.4579,0.0102,Moderate (Same-Sensor Spectral Agreement),Q3: Moderate-High Relative Stress,3118
C_062_081,78.931416,13.220641,0.2302,0.1315,0.1268,0.4323,Low (Single Evidence Family),Q3: Moderate-High Relative Stress,3119
C_067_100,79.102096,13.175725,0.23,0.2149,0.3684,0.1068,High (Multi-Source Convergence),Q3: Moderate-High Relative Stress,3120
C_043_080,78.922433,13.391321,0.23,0.3113,0.3783,0.0003,Moderate (Same-Sensor Spectral Agreement),Q3: Moderate-High Relative Stress,3121
C_008_090,79.012264,13.705731,0.23,0.2212,0.3398,0.129,High (Multi-Source Convergence),Q3: Moderate-High Relative Stress,3122
C_068_095,79.05718,13.166742,0.23,0.186,0.3643,0.1398,Low (Single Evidence Family),Q3: Moderate-High Relative Stress,3123
C_061_172,79.754991,13.229624,0.2299,0.0306,0.121,0.538,Low (Single Evidence Family),Q3: Moderate-High Relative Stress,3124
C_101_024,78.419376,12.870298,0.2299,0.2358,0.0965,0.3573,Moderate (Compound Urban/Water Signal),Q3: Moderate-High Relative Stress,3125
C_032_048,78.634972,13.490135,0.2299,0.2734,0.3519,0.0642,High (Multi-Source Convergence),Q3: Moderate-High Relative Stress,3126
C_055_131,79.380573,13.283523,0.2298,0.3715,0.3114,0.0065,Moderate (Same-Sensor Spectral Agreement),Q3: Moderate-High Relative Stress,3127
C_075_053,78.679887,13.10386,0.2298,0.296,0.2986,0.0946,High (Multi-Source Convergence),Q3: Moderate-High Relative Stress,3128
C_068_072,78.850567,13.166742,0.2297,0.1584,0.4305,0.1002,Low (Single Evidence Family),Q3: Moderate-High Relative Stress,3129
C_108_015,78.338528,12.807416,0.2296,0.226,0.2768,0.186,High (Multi-Source Convergence),Q3: Moderate-High Relative Stress,3130
C_115_039,78.554123,12.744534,0.2296,0.2763,0.2701,0.1424,High (Multi-Source Convergence),Q3: Moderate-High Relative Stress,3131
C_078_109,79.182944,13.07691,0.2295,0.0851,0.2603,0.3431,Moderate (Compound Moisture/Vegetation Stress),Q3: Moderate-High Relative Stress,3132
C_124_024,78.419376,12.663685,0.2295,0.3848,0.1377,0.166,Low (Single Evidence Family),Q3: Moderate-High Relative Stress,3133
C_052_051,78.661921,13.310472,0.2295,0.3624,0.313,0.0131,Moderate (Same-Sensor Spectral Agreement),Q3: Moderate-High Relative Stress,3134
C_104_024,78.419376,12.843348,0.2294,0.1239,0.1554,0.409,Low (Single Evidence Family),Q3: Moderate-High Relative Stress,3135
C_116_023,78.410393,12.735551,0.2294,0.1177,0.0829,0.4876,Low (Single Evidence Family),Q3: Moderate-High Relative Stress,3136
C_058_073,78.85955,13.256573,0.2294,0.2176,0.1751,0.2954,Moderate (Compound Urban/Water Signal),Q3: Moderate-High Relative Stress,3137
C_052_096,79.066163,13.310472,0.2294,0.157,0.2797,0.2515,Moderate (Compound Moisture/Vegetation Stress),Q3: Moderate-High Relative Stress,3138
C_041_105,79.147011,13.409287,0.2291,0.1888,0.2602,0.2384,Moderate (Compound Moisture/Vegetation Stress),Q3: Moderate-High Relative Stress,3139
C_044_089,79.003281,13.382338,0.2291,0.258,0.3429,0.0865,High (Multi-Source Convergence),Q3: Moderate-High Relative Stress,3140
C_059_111,79.20091,13.24759,0.229,0.1611,0.1937,0.3324,Low (Single Evidence Family),Q3: Moderate-High Relative Stress,3141
C_054_100,79.102096,13.292506,0.229,0.2258,0.2424,0.2188,High (Multi-Source Convergence),Q3: Moderate-High Relative Stress,3142
C_064_111,79.20091,13.202674,0.229,0.1596,0.2509,0.2764,Moderate (Compound Moisture/Vegetation Stress),Q3: Moderate-High Relative Stress,3143
C_035_050,78.652938,13.463186,0.2288,0.2378,0.2587,0.1898,High (Multi-Source Convergence),Q3: Moderate-High Relative Stress,3144
C_027_082,78.940399,13.535051,0.2288,0.0979,0.212,0.3766,Moderate (Compound Moisture/Vegetation Stress),Q3: Moderate-High Relative Stress,3145
C_025_087,78.985315,13.553017,0.2287,0.2013,0.2013,0.2836,High (Multi-Source Convergence),Q3: Moderate-High Relative Stress,3146
C_047_092,79.03023,13.355388,0.2283,0.1242,0.2581,0.3026,Moderate (Compound Moisture/Vegetation Stress),Q3: Moderate-High Relative Stress,3147
C_049_080,78.922433,13.337422,0.2283,0.0876,0.1556,0.4418,Low (Single Evidence Family),Q3: Moderate-High Relative Stress,3148
C_073_079,78.913449,13.121826,0.2282,0.2066,0.3548,0.1231,High (Multi-Source Convergence),Q3: Moderate-High Relative Stress,3149
C_043_122,79.299725,13.391321,0.2282,0.0955,0.2729,0.3163,Moderate (Compound Moisture/Vegetation Stress),Q3: Moderate-High Relative Stress,3150
C_036_062,78.760736,13.454203,0.2282,0.3225,0.3398,0.0223,Moderate (Same-Sensor Spectral Agreement),Q3: Moderate-High Relative Stress,3151
C_119_038,78.54514,12.708601,0.2282,0.3273,0.3415,0.0156,Moderate (Same-Sensor Spectral Agreement),Q3: Moderate-High Relative Stress,3152
C_039_138,79.449564,13.427253,0.2281,0.2893,0.3019,0.093,High (Multi-Source Convergence),Q3: Moderate-High Relative Stress,3153
C_050_113,79.218877,13.328439,0.2281,0.1596,0.1828,0.3419,Low (Single Evidence Family),Q3: Moderate-High Relative Stress,3154
C_068_106,79.155994,13.166742,0.228,0.0901,0.5094,0.0845,Low (Single Evidence Family),Q3: Moderate-High Relative Stress,3155
C_053_096,79.066163,13.301489,0.2278,0.2242,0.2725,0.1867,High (Multi-Source Convergence),Q3: Moderate-High Relative Stress,3156
C_039_122,79.299725,13.427253,0.2278,0.0389,0.0902,0.5542,Low (Single Evidence Family),Q3: Moderate-High Relative Stress,3157
C_098_033,78.500224,12.897247,0.2276,0.1824,0.2599,0.2404,Moderate (Compound Moisture/Vegetation Stress),Q3: Moderate-High Relative Stress,3158
C_060_115,79.236843,13.238607,0.2276,0.2301,0.1836,0.2692,Moderate (Compound Urban/Water Signal),Q3: Moderate-High Relative Stress,3159
C_044_110,79.191927,13.382338,0.2276,0.2609,0.275,0.147,High (Multi-Source Convergence),Q3: Moderate-High Relative Stress,3160
C_030_077,78.895483,13.508102,0.2275,0.0683,0.3962,0.2181,Moderate (Compound Moisture/Vegetation Stress),Q3: Moderate-High Relative Stress,3161
C_057_087,78.985315,13.265557,0.2274,0.1388,0.1943,0.3491,Low (Single Evidence Family),Q3: Moderate-High Relative Stress,3162
C_037_065,78.787685,13.44522,0.2274,0.3102,0.3721,0.0,Moderate (Same-Sensor Spectral Agreement),Q3: Moderate-High Relative Stress,3163
C_103_031,78.482258,12.852332,0.2274,0.0482,0.1648,0.4693,Low (Single Evidence Family),Q3: Moderate-High Relative Stress,3164
C_049_049,78.643955,13.337422,0.2273,0.1309,0.439,0.112,Low (Single Evidence Family),Q3: Moderate-High Relative Stress,3165
C_068_128,79.353624,13.166742,0.2273,0.0717,0.2832,0.3269,Moderate (Compound Moisture/Vegetation Stress),Q3: Moderate-High Relative Stress,3166
C_047_096,79.066163,13.355388,0.2272,0.205,0.29,0.1867,High (Multi-Source Convergence),Q3: Moderate-High Relative Stress,3167
C_022_064,78.778702,13.579967,0.2272,0.1773,0.3165,0.1877,Low (Single Evidence Family),Q3: Moderate-High Relative Stress,3168
C_027_066,78.796668,13.535051,0.2271,0.1716,0.2959,0.2138,Moderate (Compound Moisture/Vegetation Stress),Q3: Moderate-High Relative Stress,3169
C_075_037,78.536157,13.10386,0.2271,0.2208,0.3547,0.1056,High (Multi-Source Convergence),Q3: Moderate-High Relative Stress,3170
C_065_110,79.191927,13.193691,0.2271,0.1228,0.3921,0.1664,Low (Single Evidence Family),Q3: Moderate-High Relative Stress,3171
C_082_105,79.147011,13.040978,0.2269,0.2671,0.3153,0.0982,High (Multi-Source Convergence),Q3: Moderate-High Relative Stress,3172
C_059_061,78.751753,13.24759,0.2269,0.2068,0.2511,0.2227,High (Multi-Source Convergence),Q3: Moderate-High Relative Stress,3173
C_121_003,78.23073,12.690635,0.2269,0.2146,0.3482,0.1179,High (Multi-Source Convergence),Q3: Moderate-High Relative Stress,3174
C_037_063,78.769719,13.44522,0.2267,0.3029,0.3766,0.0007,Moderate (Same-Sensor Spectral Agreement),Q3: Moderate-High Relative Stress,3175
C_051_072,78.850567,13.319455,0.2267,0.2095,0.469,0.0016,Moderate (Same-Sensor Spectral Agreement),Q3: Moderate-High Relative Stress,3176
C_056_087,78.985315,13.27454,0.2267,0.1764,0.2305,0.2731,Moderate (Compound Moisture/Vegetation Stress),Q3: Moderate-High Relative Stress,3177
C_023_069,78.823618,13.570984,0.2266,0.1533,0.2612,0.2653,Moderate (Compound Moisture/Vegetation Stress),Q3: Moderate-High Relative Stress,3178
C_026_102,79.120062,13.544034,0.2266,0.1201,0.2994,0.2603,Moderate (Compound Moisture/Vegetation Stress),Q3: Moderate-High Relative Stress,3179
C_024_060,78.742769,13.562001,0.2266,0.0881,0.2602,0.3313,Moderate (Compound Moisture/Vegetation Stress),Q3: Moderate-High Relative Stress,3180
C_071_066,78.796668,13.139792,0.2266,0.2004,0.4781,0.0013,Moderate (Same-Sensor Spectral Agreement),Q3: Moderate-High Relative Stress,3181
C_052_110,79.191927,13.310472,0.2265,0.1362,0.2416,0.3016,Moderate (Compound Moisture/Vegetation Stress),Q3: Moderate-High Relative Stress,3182
C_076_106,79.155994,13.094877,0.2265,0.15,0.3143,0.2152,Moderate (Compound Moisture/Vegetation Stress),Q3: Moderate-High Relative Stress,3183
C_118_014,78.329544,12.717584,0.2265,0.1719,0.1122,0.3956,Low (Single Evidence Family),Q3: Moderate-High Relative Stress,3184
C_108_032,78.491241,12.807416,0.2265,0.1178,0.3011,0.2607,Moderate (Compound Moisture/Vegetation Stress),Q3: Moderate-High Relative Stress,3185
C_116_010,78.293612,12.735551,0.2264,0.1913,0.2556,0.2322,Moderate (Compound Moisture/Vegetation Stress),Q3: Moderate-High Relative Stress,3186
C_113_019,78.37446,12.7625,0.2264,0.2255,0.1148,0.3389,Moderate (Compound Urban/Water Signal),Q3: Moderate-High Relative Stress,3187
C_118_034,78.509207,12.717584,0.2263,0.2028,0.474,0.0021,Moderate (Same-Sensor Spectral Agreement),Q3: Moderate-High Relative Stress,3188
C_082_029,78.464292,13.040978,0.2263,0.1957,0.2016,0.2817,Moderate (Compound Moisture/Vegetation Stress),Q3: Moderate-High Relative Stress,3189
C_102_014,78.329544,12.861315,0.2262,0.1243,0.2377,0.3167,Moderate (Compound Moisture/Vegetation Stress),Q3: Moderate-High Relative Stress,3190
C_104_012,78.311578,12.843348,0.2262,0.291,0.2461,0.1415,High (Multi-Source Convergence),Q3: Moderate-High Relative Stress,3191
C_073_099,79.093112,13.121826,0.2261,0.0447,0.3929,0.2407,Moderate (Compound Moisture/Vegetation Stress),Q3: Moderate-High Relative Stress,3192
C_104_026,78.437342,12.843348,0.226,0.1251,0.134,0.4188,Low (Single Evidence Family),Q3: Moderate-High Relative Stress,3193
C_055_090,79.012264,13.283523,0.2259,0.1663,0.2406,0.2708,Moderate (Compound Moisture/Vegetation Stress),Q3: Moderate-High Relative Stress,3194
C_062_086,78.976331,13.220641,0.2257,0.227,0.1764,0.2738,Moderate (Compound Urban/Water Signal),Q3: Moderate-High Relative Stress,3195
C_034_055,78.697854,13.472169,0.2256,0.3174,0.3493,0.0102,High (Multi-Source Convergence),Q3: Moderate-High Relative Stress,3196
C_020_091,79.021247,13.597933,0.2256,0.0821,0.2204,0.3743,Moderate (Compound Moisture/Vegetation Stress),Q3: Moderate-High Relative Stress,3197
C_093_045,78.608022,12.942163,0.2255,0.2638,0.2081,0.2047,High (Multi-Source Convergence),Q3: Moderate-High Relative Stress,3198
C_043_058,78.724803,13.391321,0.2254,0.2045,0.4347,0.037,Moderate (Same-Sensor Spectral Agreement),Q3: Moderate-High Relative Stress,3199
C_076_043,78.590056,13.094877,0.2254,0.1812,0.3478,0.1474,Low (Single Evidence Family),Q3: Moderate-High Relative Stress,3200
C_077_055,78.697854,13.085893,0.2254,0.3141,0.2186,0.1434,High (Multi-Source Convergence),Q3: Moderate-High Relative Stress,3201
C_043_066,78.796668,13.391321,0.2254,0.2151,0.3462,0.1149,High (Multi-Source Convergence),Q3: Moderate-High Relative Stress,3202
C_041_137,79.440581,13.409287,0.2254,0.1873,0.2365,0.2525,Moderate (Compound Moisture/Vegetation Stress),Q3: Moderate-High Relative Stress,3203
C_034_047,78.625988,13.472169,0.2253,0.2154,0.2601,0.2004,High (Multi-Source Convergence),Q3: Moderate-High Relative Stress,3204
C_037_093,79.039214,13.44522,0.2253,0.2484,0.2455,0.1821,High (Multi-Source Convergence),Q3: Moderate-High Relative Stress,3205
C_085_047,78.625988,13.014028,0.2253,0.1882,0.4851,0.0026,Low (Single Evidence Family),Q3: Moderate-High Relative Stress,3206
C_085_039,78.554123,13.014028,0.2252,0.2163,0.3517,0.1074,High (Multi-Source Convergence),Q3: Moderate-High Relative Stress,3207
C_114_013,78.320561,12.753517,0.2252,0.302,0.2354,0.1382,High (Multi-Source Convergence),Q3: Moderate-High Relative Stress,3208
C_070_120,79.281759,13.148776,0.2252,0.1943,0.2573,0.224,Moderate (Compound Moisture/Vegetation Stress),Q3: Moderate-High Relative Stress,3209
C_057_070,78.832601,13.265557,0.2251,0.1653,0.4036,0.1064,Low (Single Evidence Family),Q3: Moderate-High Relative Stress,3210
C_126_017,78.356494,12.645719,0.2251,0.3165,0.2538,0.1049,High (Multi-Source Convergence),Q3: Moderate-High Relative Stress,3211
C_030_041,78.57209,13.508102,0.225,0.0993,0.3912,0.1844,Low (Single Evidence Family),Q3: Moderate-High Relative Stress,3212
C_107_033,78.500224,12.816399,0.225,0.1799,0.2182,0.277,Moderate (Compound Moisture/Vegetation Stress),Q3: Moderate-High Relative Stress,3213
C_076_094,79.048197,13.094877,0.2249,0.1372,0.193,0.3445,Low (Single Evidence Family),Q3: Moderate-High Relative Stress,3214
C_049_149,79.548379,13.337422,0.2249,0.131,0.1692,0.3746,Low (Single Evidence Family),Q3: Moderate-High Relative Stress,3215
C_032_077,78.895483,13.490135,0.2248,0.1408,0.4818,0.0517,Low (Single Evidence Family),Q3: Moderate-High Relative Stress,3216
C_050_045,78.608022,13.328439,0.2247,0.1599,0.4112,0.1028,Low (Single Evidence Family),Q3: Moderate-High Relative Stress,3217
C_067_042,78.581073,13.175725,0.2247,0.2343,0.3306,0.1093,High (Multi-Source Convergence),Q3: Moderate-High Relative Stress,3218
C_077_037,78.536157,13.085893,0.2247,0.1674,0.3651,0.1415,Low (Single Evidence Family),Q3: Moderate-High Relative Stress,3219
C_048_052,78.670904,13.346405,0.2246,0.2655,0.3367,0.0717,Moderate (Same-Sensor Spectral Agreement),Q3: Moderate-High Relative Stress,3220
C_059_117,79.254809,13.24759,0.2245,0.2446,0.1793,0.2495,Moderate (Compound Urban/Water Signal),Q3: Moderate-High Relative Stress,3221
C_112_037,78.536157,12.771483,0.2245,0.1674,0.2035,0.3026,Moderate (Compound Moisture/Vegetation Stress),Q3: Moderate-High Relative Stress,3222
C_033_088,78.994298,13.481152,0.2245,0.3215,0.2984,0.0537,Moderate (Same-Sensor Spectral Agreement),Q3: Moderate-High Relative Stress,3223
C_025_060,78.742769,13.553017,0.2244,0.2267,0.3924,0.0541,Moderate (Same-Sensor Spectral Agreement),Q3: Moderate-High Relative Stress,3224
C_058_072,78.850567,13.256573,0.2244,0.1293,0.1922,0.3517,Low (Single Evidence Family),Q3: Moderate-High Relative Stress,3225
C_065_039,78.554123,13.193691,0.2244,0.2085,0.3425,0.1222,High (Multi-Source Convergence),Q3: Moderate-High Relative Stress,3226
C_016_073,78.85955,13.633866,0.2244,0.1623,0.3258,0.185,Low (Single Evidence Family),Q3: Moderate-High Relative Stress,3227
C_045_090,79.012264,13.373354,0.2244,0.2076,0.4369,0.0286,Moderate (Same-Sensor Spectral Agreement),Q3: Moderate-High Relative Stress,3228
C_061_120,79.281759,13.229624,0.2241,0.231,0.3369,0.1045,High (Multi-Source Convergence),Q3: Moderate-High Relative Stress,3229
C_036_061,78.751753,13.454203,0.224,0.2362,0.3795,0.0563,High (Multi-Source Convergence),Q3: Moderate-High Relative Stress,3230
C_076_061,78.751753,13.094877,0.2239,0.1703,0.4287,0.0727,Low (Single Evidence Family),Q3: Moderate-High Relative Stress,3231
C_039_125,79.326674,13.427253,0.2239,0.0866,0.325,0.26,Moderate (Compound Moisture/Vegetation Stress),Q3: Moderate-High Relative Stress,3232
C_021_091,79.021247,13.58895,0.2238,0.1036,0.1266,0.4411,Low (Single Evidence Family),Q3: Moderate-High Relative Stress,3233
C_066_094,79.048197,13.184708,0.2238,0.0754,0.1282,0.4676,Low (Single Evidence Family),Q3: Moderate-High Relative Stress,3234
C_035_036,78.527174,13.463186,0.2237,0.1898,0.4205,0.0609,Low (Single Evidence Family),Q3: Moderate-High Relative Stress,3235
C_013_090,79.012264,13.660815,0.2236,0.1055,0.4246,0.1408,Low (Single Evidence Family),Q3: Moderate-High Relative Stress,3236
C_040_069,78.823618,13.41827,0.2235,0.3129,0.3466,0.0111,Moderate (Same-Sensor Spectral Agreement),Q3: Moderate-High Relative Stress,3237
C_038_036,78.527174,13.436236,0.2234,0.0994,0.3573,0.2135,Moderate (Compound Moisture/Vegetation Stress),Q3: Moderate-High Relative Stress,3238
C_060_123,79.308708,13.238607,0.2234,0.1258,0.1951,0.3494,Low (Single Evidence Family),Q3: Moderate-High Relative Stress,3239
C_060_088,78.994298,13.238607,0.2234,0.0459,0.0508,0.5734,Low (Single Evidence Family),Q3: Moderate-High Relative Stress,3240
C_082_100,79.102096,13.040978,0.2234,0.1843,0.2723,0.2135,Moderate (Compound Moisture/Vegetation Stress),Q3: Moderate-High Relative Stress,3241
C_042_119,79.272775,13.400304,0.2233,0.0522,0.1527,0.465,Low (Single Evidence Family),Q3: Moderate-High Relative Stress,3242
C_050_084,78.958365,13.328439,0.2233,0.2025,0.1836,0.2839,Moderate (Compound Urban/Water Signal),Q3: Moderate-High Relative Stress,3243
C_074_100,79.102096,13.112843,0.2233,0.1308,0.3427,0.1965,Low (Single Evidence Family),Q3: Moderate-High Relative Stress,3244
C_118_017,78.356494,12.717584,0.2232,0.201,0.0813,0.3874,Moderate (Compound Urban/Water Signal),Q3: Moderate-High Relative Stress,3245
C_052_118,79.263792,13.310472,0.2232,0.1506,0.1437,0.3753,Low (Single Evidence Family),Q3: Moderate-High Relative Stress,3246
C_053_126,79.335658,13.301489,0.223,0.1183,0.1556,0.3953,Low (Single Evidence Family),Q3: Moderate-High Relative Stress,3247
C_036_074,78.868534,13.454203,0.2229,0.1203,0.3637,0.1847,Low (Single Evidence Family),Q3: Moderate-High Relative Stress,3248
C_071_069,78.823618,13.139792,0.2228,0.1588,0.5094,0.0003,Low (Single Evidence Family),Q3: Moderate-High Relative Stress,3249
C_102_033,78.500224,12.861315,0.2228,0.0683,0.1957,0.4044,Low (Single Evidence Family),Q3: Moderate-High Relative Stress,3250
C_098_030,78.473275,12.897247,0.2227,0.0823,0.2419,0.3439,Moderate (Compound Moisture/Vegetation Stress),Q3: Moderate-High Relative Stress,3251
C_034_063,78.769719,13.472169,0.2225,0.2187,0.3727,0.076,High (Multi-Source Convergence),Q3: Moderate-High Relative Stress,3252
C_008_096,79.066163,13.705731,0.2225,0.1696,0.3266,0.1713,Low (Single Evidence Family),Q3: Moderate-High Relative Stress,3253
C_118_012,78.311578,12.717584,0.2225,0.3,0.1097,0.2577,Moderate (Compound Urban/Water Signal),Q3: Moderate-High Relative Stress,3254
C_069_043,78.590056,13.157759,0.2224,0.2089,0.1727,0.2856,Moderate (Compound Urban/Water Signal),Q3: Moderate-High Relative Stress,3255
C_064_091,79.021247,13.202674,0.2224,0.0549,0.0438,0.5685,Low (Single Evidence Family),Q3: Moderate-High Relative Stress,3256
C_062_063,78.769719,13.220641,0.2224,0.1437,0.176,0.3475,Low (Single Evidence Family),Q3: Moderate-High Relative Stress,3257
C_047_060,78.742769,13.355388,0.2223,0.2602,0.2737,0.133,High (Multi-Source Convergence),Q3: Moderate-High Relative Stress,3258
C_039_057,78.71582,13.427253,0.2223,0.2136,0.3884,0.0648,High (Multi-Source Convergence),Q3: Moderate-High Relative Stress,3259
C_041_114,79.22786,13.409287,0.2223,0.2356,0.1822,0.2492,Moderate (Compound Urban/Water Signal),Q3: Moderate-High Relative Stress,3260
C_030_045,78.608022,13.508102,0.2222,0.1653,0.4345,0.0668,Low (Single Evidence Family),Q3: Moderate-High Relative Stress,3261
C_034_054,78.688871,13.472169,0.2222,0.2119,0.3748,0.0799,Moderate (Same-Sensor Spectral Agreement),Q3: Moderate-High Relative Stress,3262
C_042_036,78.527174,13.400304,0.2221,0.2908,0.3173,0.0582,High (Multi-Source Convergence),Q3: Moderate-High Relative Stress,3263
C_104_017,78.356494,12.843348,0.2221,0.1199,0.1541,0.3923,Low (Single Evidence Family),Q3: Moderate-High Relative Stress,3264
C_071_105,79.147011,13.139792,0.2221,0.0911,0.405,0.1703,Low (Single Evidence Family),Q3: Moderate-High Relative Stress,3265
C_112_036,78.527174,12.771483,0.2221,0.2673,0.169,0.2299,Moderate (Compound Urban/Water Signal),Q3: Moderate-High Relative Stress,3266
C_044_085,78.967348,13.382338,0.222,0.2169,0.3614,0.0878,Moderate (Same-Sensor Spectral Agreement),Q3: Moderate-High Relative Stress,3267
C_076_047,78.625988,13.094877,0.222,0.207,0.2515,0.2076,High (Multi-Source Convergence),Q3: Moderate-High Relative Stress,3268
C_058_173,79.763974,13.256573,0.222,0.0,0.0,0.666,Low (Single Evidence Family),Q3: Moderate-High Relative Stress,3269
C_049_091,79.021247,13.337422,0.2218,0.059,0.3713,0.2351,Moderate (Compound Moisture/Vegetation Stress),Q3: Moderate-High Relative Stress,3270
C_047_124,79.317691,13.355388,0.2218,0.1204,0.3095,0.2355,Moderate (Compound Moisture/Vegetation Stress),Q3: Moderate-High Relative Stress,3271
C_056_088,78.994298,13.27454,0.2218,0.2227,0.1908,0.2518,Moderate (Compound Urban/Water Signal),Q3: Moderate-High Relative Stress,3272
C_082_099,79.093112,13.040978,0.2217,0.2127,0.2387,0.2135,High (Multi-Source Convergence),Q3: Moderate-High Relative Stress,3273
C_023_082,78.940399,13.570984,0.2216,0.0867,0.2558,0.3222,Moderate (Compound Moisture/Vegetation Stress),Q3: Moderate-High Relative Stress,3274
C_026_082,78.940399,13.544034,0.2215,0.1029,0.1204,0.4411,Low (Single Evidence Family),Q3: Moderate-High Relative Stress,3275
C_096_030,78.473275,12.915214,0.2214,0.1941,0.2931,0.1772,Low (Single Evidence Family),Q3: Moderate-High Relative Stress,3276
C_065_109,79.182944,13.193691,0.2213,0.1182,0.3416,0.204,Moderate (Compound Moisture/Vegetation Stress),Q3: Moderate-High Relative Stress,3277
C_058_123,79.308708,13.256573,0.2213,0.1952,0.2741,0.1945,Low (Single Evidence Family),Q3: Moderate-High Relative Stress,3278
C_041_047,78.625988,13.409287,0.2213,0.1518,0.4701,0.0419,Low (Single Evidence Family),Q3: Moderate-High Relative Stress,3279
C_017_094,79.048197,13.624883,0.2213,0.1055,0.3384,0.2199,Moderate (Compound Moisture/Vegetation Stress),Q3: Moderate-High Relative Stress,3280
C_039_118,79.263792,13.427253,0.2212,0.0757,0.1638,0.4241,Low (Single Evidence Family),Q3: Moderate-High Relative Stress,3281
C_078_037,78.536157,13.07691,0.2212,0.157,0.4631,0.0436,Low (Single Evidence Family),Q3: Moderate-High Relative Stress,3282
C_037_130,79.37159,13.44522,0.2211,0.169,0.2083,0.2859,Moderate (Compound Moisture/Vegetation Stress),Q3: Moderate-High Relative Stress,3283
C_039_096,79.066163,13.427253,0.2211,0.1902,0.2764,0.1968,Low (Single Evidence Family),Q3: Moderate-High Relative Stress,3284
C_037_057,78.71582,13.44522,0.2209,0.1962,0.4445,0.0219,Low (Single Evidence Family),Q3: Moderate-High Relative Stress,3285
C_007_092,79.03023,13.714714,0.2209,0.1544,0.4487,0.0596,Low (Single Evidence Family),Q3: Moderate-High Relative Stress,3286
C_062_087,78.985315,13.220641,0.2209,0.178,0.1449,0.3399,Low (Single Evidence Family),Q3: Moderate-High Relative Stress,3287
C_035_039,78.554123,13.463186,0.2207,0.1445,0.4217,0.096,Low (Single Evidence Family),Q3: Moderate-High Relative Stress,3288
C_048_073,78.85955,13.346405,0.2207,0.2712,0.391,0.0,Moderate (Same-Sensor Spectral Agreement),Q3: Moderate-High Relative Stress,3289
C_036_071,78.841584,13.454203,0.2206,0.1047,0.313,0.244,Moderate (Compound Moisture/Vegetation Stress),Q3: Moderate-High Relative Stress,3290
C_061_067,78.805652,13.229624,0.2205,0.2112,0.4495,0.0007,Moderate (Same-Sensor Spectral Agreement),Q3: Moderate-High Relative Stress,3291
C_040_119,79.272775,13.41827,0.2204,0.2882,0.1667,0.2063,Moderate (Compound Urban/Water Signal),Q3: Moderate-High Relative Stress,3292
C_060_104,79.138028,13.238607,0.2204,0.2687,0.2817,0.1107,High (Multi-Source Convergence),Q3: Moderate-High Relative Stress,3293
C_038_048,78.634972,13.436236,0.2204,0.1263,0.3116,0.2233,Moderate (Compound Moisture/Vegetation Stress),Q3: Moderate-High Relative Stress,3294
C_046_077,78.895483,13.364371,0.2204,0.2592,0.4001,0.002,Moderate (Same-Sensor Spectral Agreement),Q3: Moderate-High Relative Stress,3295
C_084_036,78.527174,13.023011,0.2203,0.2054,0.3001,0.1556,High (Multi-Source Convergence),Q3: Moderate-High Relative Stress,3296
C_017_072,78.850567,13.624883,0.2203,0.165,0.3118,0.184,Low (Single Evidence Family),Q3: Moderate-High Relative Stress,3297
C_074_062,78.760736,13.112843,0.2201,0.2674,0.2451,0.1477,High (Multi-Source Convergence),Q3: Moderate-High Relative Stress,3298
C_051_086,78.976331,13.319455,0.2201,0.1356,0.1287,0.3961,Low (Single Evidence Family),Q3: Moderate-High Relative Stress,3299
C_069_082,78.940399,13.157759,0.2201,0.2055,0.2579,0.1968,High (Multi-Source Convergence),Q3: Moderate-High Relative Stress,3300
C_069_073,78.85955,13.157759,0.2201,0.232,0.2797,0.1487,High (Multi-Source Convergence),Q3: Moderate-High Relative Stress,3301
C_075_094,79.048197,13.10386,0.22,0.1444,0.1683,0.3471,Low (Single Evidence Family),Q3: Moderate-High Relative Stress,3302
C_043_068,78.814635,13.391321,0.22,0.2625,0.2807,0.1169,High (Multi-Source Convergence),Q3: Moderate-High Relative Stress,3303
C_043_097,79.075146,13.391321,0.22,0.1326,0.3513,0.1762,Low (Single Evidence Family),Q3: Moderate-High Relative Stress,3304
C_098_034,78.509207,12.897247,0.22,0.1851,0.3346,0.1402,Low (Single Evidence Family),Q3: Moderate-High Relative Stress,3305
C_047_065,78.787685,13.355388,0.2199,0.1668,0.4688,0.0239,Low (Single Evidence Family),Q3: Moderate-High Relative Stress,3306
C_049_100,79.102096,13.337422,0.2199,0.2146,0.2007,0.2443,High (Multi-Source Convergence),Q3: Moderate-High Relative Stress,3307
C_041_121,79.290742,13.409287,0.2198,0.1095,0.2202,0.3298,Moderate (Compound Moisture/Vegetation Stress),Q3: Moderate-High Relative Stress,3308
C_024_098,79.084129,13.562001,0.2198,0.121,0.3373,0.2011,Moderate (Compound Moisture/Vegetation Stress),Q3: Moderate-High Relative Stress,3309
C_049_075,78.877517,13.337422,0.2197,0.1676,0.4785,0.0131,Low (Single Evidence Family),Q3: Moderate-High Relative Stress,3310
C_111_025,78.428359,12.780466,0.2197,0.1914,0.2352,0.2325,Moderate (Compound Moisture/Vegetation Stress),Q3: Moderate-High Relative Stress,3311
C_035_131,79.380573,13.463186,0.2197,0.0784,0.3433,0.2373,Moderate (Compound Moisture/Vegetation Stress),Q3: Moderate-High Relative Stress,3312
C_030_048,78.634972,13.508102,0.2196,0.2603,0.3976,0.0009,Moderate (Same-Sensor Spectral Agreement),Q3: Moderate-High Relative Stress,3313
C_026_071,78.841584,13.544034,0.2196,0.1991,0.4565,0.0033,Low (Single Evidence Family),Q3: Moderate-High Relative Stress,3314
C_010_092,79.03023,13.687765,0.2196,0.0501,0.2072,0.4015,Moderate (Compound Moisture/Vegetation Stress),Q3: Moderate-High Relative Stress,3315
C_020_099,79.093112,13.597933,0.2196,0.1149,0.3635,0.1804,Low (Single Evidence Family),Q3: Moderate-High Relative Stress,3316
C_039_067,78.805652,13.427253,0.2195,0.2663,0.3923,0.0,Moderate (Same-Sensor Spectral Agreement),Q3: Moderate-High Relative Stress,3317
C_101_029,78.464292,12.870298,0.2195,0.1391,0.1058,0.4136,Low (Single Evidence Family),Q3: Moderate-High Relative Stress,3318
C_115_015,78.338528,12.744534,0.2194,0.3207,0.1863,0.1513,Low (Single Evidence Family),Q3: Moderate-High Relative Stress,3319
C_052_128,79.353624,13.310472,0.2193,0.3128,0.1681,0.1768,Low (Single Evidence Family),Q3: Moderate-High Relative Stress,3320
C_096_016,78.347511,12.915214,0.2192,0.1679,0.2826,0.2071,Moderate (Compound Moisture/Vegetation Stress),Q3: Moderate-High Relative Stress,3321
C_087_036,78.527174,12.996062,0.2192,0.1565,0.2406,0.2607,Moderate (Compound Moisture/Vegetation Stress),Q3: Moderate-High Relative Stress,3322
C_103_016,78.347511,12.852332,0.2192,0.2311,0.1572,0.2692,Moderate (Compound Urban/Water Signal),Q3: Moderate-High Relative Stress,3323
C_115_034,78.509207,12.744534,0.2191,0.2924,0.3334,0.0316,Moderate (Same-Sensor Spectral Agreement),Q3: Moderate-High Relative Stress,3324
C_041_087,78.985315,13.409287,0.219,0.2063,0.2394,0.2112,High (Multi-Source Convergence),Q3: Moderate-High Relative Stress,3325
C_047_097,79.075146,13.355388,0.2188,0.1174,0.3062,0.2328,Moderate (Compound Moisture/Vegetation Stress),Q3: Moderate-High Relative Stress,3326
C_042_089,79.003281,13.400304,0.2187,0.1151,0.2305,0.3104,Moderate (Compound Moisture/Vegetation Stress),Q3: Moderate-High Relative Stress,3327
C_092_036,78.527174,12.951146,0.2187,0.2014,0.342,0.1127,Moderate (Same-Sensor Spectral Agreement),Q3: Moderate-High Relative Stress,3328
C_068_096,79.066163,13.166742,0.2186,0.2333,0.355,0.0675,High (Multi-Source Convergence),Q3: Moderate-High Relative Stress,3329
C_027_060,78.742769,13.535051,0.2185,0.1109,0.3056,0.2392,Moderate (Compound Moisture/Vegetation Stress),Q3: Moderate-High Relative Stress,3330
C_076_063,78.769719,13.094877,0.2185,0.2162,0.4126,0.0265,Moderate (Same-Sensor Spectral Agreement),Q3: Moderate-High Relative Stress,3331
C_047_053,78.679887,13.355388,0.2185,0.2026,0.3507,0.1022,Moderate (Same-Sensor Spectral Agreement),Q3: Moderate-High Relative Stress,3332
C_071_075,78.877517,13.139792,0.2184,0.1923,0.1198,0.3432,Low (Single Evidence Family),Q3: Moderate-High Relative Stress,3333
C_006_096,79.066163,13.723697,0.2184,0.2037,0.342,0.1094,High (Multi-Source Convergence),Q3: Moderate-High Relative Stress,3334
C_065_107,79.164978,13.193691,0.2183,0.1661,0.2241,0.2646,Moderate (Compound Moisture/Vegetation Stress),Q3: Moderate-High Relative Stress,3335
C_054_063,78.769719,13.292506,0.2182,0.1782,0.4758,0.0007,Low (Single Evidence Family),Q3: Moderate-High Relative Stress,3336
C_074_111,79.20091,13.112843,0.2181,0.0586,0.2593,0.3363,Moderate (Compound Moisture/Vegetation Stress),Q3: Moderate-High Relative Stress,3337
C_072_043,78.590056,13.130809,0.2181,0.0881,0.1605,0.4057,Low (Single Evidence Family),Q3: Moderate-High Relative Stress,3338
C_019_094,79.048197,13.606916,0.2181,0.1983,0.2616,0.1945,Low (Single Evidence Family),Q3: Moderate-High Relative Stress,3339
C_095_044,78.599039,12.924197,0.218,0.175,0.4719,0.0072,Low (Single Evidence Family),Q3: Moderate-High Relative Stress,3340
C_101_026,78.437342,12.870298,0.218,0.2026,0.2291,0.2224,High (Multi-Source Convergence),Q3: Moderate-High Relative Stress,3341
C_114_019,78.37446,12.753517,0.2178,0.1878,0.1618,0.3039,Low (Single Evidence Family),Q3: Moderate-High Relative Stress,3342
C_061_055,78.697854,13.229624,0.2178,0.2348,0.3196,0.0989,High (Multi-Source Convergence),Q3: Moderate-High Relative Stress,3343
C_100_032,78.491241,12.879281,0.2177,0.1173,0.221,0.3147,Moderate (Compound Moisture/Vegetation Stress),Q3: Moderate-High Relative Stress,3344
C_039_062,78.760736,13.427253,0.2176,0.2488,0.404,0.0,Moderate (Same-Sensor Spectral Agreement),Q3: Moderate-High Relative Stress,3345
C_104_011,78.302595,12.843348,0.2176,0.2378,0.3081,0.1068,High (Multi-Source Convergence),Q3: Moderate-High Relative Stress,3346
C_101_015,78.338528,12.870298,0.2176,0.2126,0.1208,0.3193,Moderate (Compound Urban/Water Signal),Q3: Moderate-High Relative Stress,3347
C_062_052,78.670904,13.220641,0.2175,0.1627,0.3667,0.1231,Low (Single Evidence Family),Q3: Moderate-High Relative Stress,3348
C_058_100,79.102096,13.256573,0.2175,0.2809,0.2591,0.1127,High (Multi-Source Convergence),Q3: Moderate-High Relative Stress,3349
C_047_127,79.344641,13.355388,0.2175,0.1243,0.2237,0.3046,Moderate (Compound Moisture/Vegetation Stress),Q3: Moderate-High Relative Stress,3350
C_070_098,79.084129,13.148776,0.2173,0.113,0.3206,0.2181,Moderate (Compound Moisture/Vegetation Stress),Q3: Moderate-High Relative Stress,3351
C_074_108,79.173961,13.112843,0.2172,0.0892,0.2801,0.2823,Moderate (Compound Moisture/Vegetation Stress),Q3: Moderate-High Relative Stress,3352
C_042_074,78.868534,13.400304,0.2171,0.2942,0.3571,0.0,Moderate (Same-Sensor Spectral Agreement),Q3: Moderate-High Relative Stress,3353
C_064_112,79.209893,13.202674,0.217,0.0791,0.2741,0.2977,Moderate (Compound Moisture/Vegetation Stress),Q3: Moderate-High Relative Stress,3354
C_067_091,79.021247,13.175725,0.217,0.1317,0.4135,0.1058,Low (Single Evidence Family),Q3: Moderate-High Relative Stress,3355
C_065_130,79.37159,13.193691,0.2169,0.2323,0.2497,0.1686,High (Multi-Source Convergence),Q3: Moderate-High Relative Stress,3356
C_012_092,79.03023,13.669798,0.2168,0.2214,0.2161,0.2129,High (Multi-Source Convergence),Q3: Moderate-High Relative Stress,3357
C_079_042,78.581073,13.067927,0.2167,0.2829,0.3669,0.0003,Moderate (Same-Sensor Spectral Agreement),Q3: Moderate-High Relative Stress,3358
C_064_113,79.218877,13.202674,0.2166,0.1351,0.3334,0.1814,Low (Single Evidence Family),Q3: Moderate-High Relative Stress,3359
C_039_126,79.335658,13.427253,0.2166,0.0749,0.3147,0.2603,Moderate (Compound Moisture/Vegetation Stress),Q3: Moderate-High Relative Stress,3360
C_032_040,78.563106,13.490135,0.2166,0.1919,0.3884,0.0694,Low (Single Evidence Family),Q3: Moderate-High Relative Stress,3361
C_026_080,78.922433,13.544034,0.2165,0.125,0.2509,0.2738,Moderate (Compound Moisture/Vegetation Stress),Q3: Moderate-High Relative Stress,3362
C_039_034,78.509207,13.427253,0.2164,0.2383,0.2458,0.1651,High (Multi-Source Convergence),Q3: Moderate-High Relative Stress,3363
C_043_140,79.46753,13.391321,0.2164,0.1766,0.2202,0.2525,Moderate (Compound Moisture/Vegetation Stress),Q3: Moderate-High Relative Stress,3364
C_046_058,78.724803,13.364371,0.2164,0.2352,0.4071,0.0069,High (Multi-Source Convergence),Q3: Moderate-High Relative Stress,3365
C_081_103,79.129045,13.049961,0.2164,0.1875,0.3237,0.1379,Low (Single Evidence Family),Q3: Moderate-High Relative Stress,3366
C_108_009,78.284629,12.807416,0.2163,0.202,0.2307,0.2161,High (Multi-Source Convergence),Q3: Moderate-High Relative Stress,3367
C_042_114,79.22786,13.400304,0.2163,0.1632,0.2405,0.245,Moderate (Compound Moisture/Vegetation Stress),Q3: Moderate-High Relative Stress,3368
C_048_045,78.608022,13.346405,0.2163,0.1622,0.3099,0.1768,Low (Single Evidence Family),Q3: Moderate-High Relative Stress,3369
C_050_093,79.039214,13.328439,0.2163,0.1557,0.233,0.2603,Moderate (Compound Moisture/Vegetation Stress),Q3: Moderate-High Relative Stress,3370
C_079_043,78.590056,13.067927,0.2162,0.203,0.3274,0.1182,High (Multi-Source Convergence),Q3: Moderate-High Relative Stress,3371
C_072_089,79.003281,13.130809,0.2161,0.1531,0.1118,0.3835,Low (Single Evidence Family),Q3: Moderate-High Relative Stress,3372
C_077_097,79.075146,13.085893,0.216,0.1378,0.1045,0.4057,Low (Single Evidence Family),Q3: Moderate-High Relative Stress,3373
C_041_073,78.85955,13.409287,0.2159,0.2923,0.3521,0.0033,Moderate (Same-Sensor Spectral Agreement),Q3: Moderate-High Relative Stress,3374
C_036_047,78.625988,13.454203,0.2159,0.2893,0.2525,0.1058,High (Multi-Source Convergence),Q3: Moderate-High Relative Stress,3375
C_110_011,78.302595,12.789449,0.2159,0.2267,0.3258,0.0953,High (Multi-Source Convergence),Q3: Moderate-High Relative Stress,3376
C_034_053,78.679887,13.472169,0.2158,0.2416,0.3674,0.0383,High (Multi-Source Convergence),Q3: Moderate-High Relative Stress,3377
C_055_125,79.326674,13.283523,0.2156,0.3505,0.2013,0.095,High (Multi-Source Convergence),Q3: Moderate-High Relative Stress,3378
C_107_031,78.482258,12.816399,0.2155,0.1041,0.3071,0.2355,Moderate (Compound Moisture/Vegetation Stress),Q3: Moderate-High Relative Stress,3379
C_058_069,78.823618,13.256573,0.2155,0.1779,0.4102,0.0583,Low (Single Evidence Family),Q3: Moderate-High Relative Stress,3380
C_083_035,78.518191,13.031995,0.2155,0.2485,0.3262,0.0717,High (Multi-Source Convergence),Q3: Moderate-High Relative Stress,3381
C_074_112,79.209893,13.112843,0.2154,0.1902,0.228,0.2279,Moderate (Compound Moisture/Vegetation Stress),Q3: Moderate-High Relative Stress,3382
C_111_011,78.302595,12.780466,0.2153,0.2596,0.2745,0.1117,High (Multi-Source Convergence),Q3: Moderate-High Relative Stress,3383
C_051_151,79.566345,13.319455,0.2153,0.12,0.1721,0.3537,Low (Single Evidence Family),Q3: Moderate-High Relative Stress,3384
C_115_020,78.383443,12.744534,0.2153,0.0696,0.1043,0.4719,Low (Single Evidence Family),Q3: Moderate-High Relative Stress,3385
C_123_027,78.446325,12.672668,0.2152,0.2563,0.1607,0.2286,Moderate (Compound Urban/Water Signal),Q3: Moderate-High Relative Stress,3386
C_056_103,79.129045,13.27454,0.2152,0.2233,0.2077,0.2145,High (Multi-Source Convergence),Q3: Moderate-High Relative Stress,3387
C_062_048,78.634972,13.220641,0.215,0.0933,0.2735,0.2784,Moderate (Compound Moisture/Vegetation Stress),Q3: Moderate-High Relative Stress,3388
C_074_038,78.54514,13.112843,0.215,0.2482,0.2284,0.1683,High (Multi-Source Convergence),Q3: Moderate-High Relative Stress,3389
C_068_049,78.643955,13.166742,0.215,0.1927,0.433,0.0193,Low (Single Evidence Family),Q3: Moderate-High Relative Stress,3390
C_048_077,78.895483,13.346405,0.2149,0.2548,0.3595,0.0305,Moderate (Same-Sensor Spectral Agreement),Q3: Moderate-High Relative Stress,3391
C_028_078,78.904466,13.526068,0.2149,0.1928,0.1838,0.2682,Low (Single Evidence Family),Q3: Moderate-High Relative Stress,3392
C_068_104,79.138028,13.166742,0.2147,0.1113,0.226,0.3068,Moderate (Compound Moisture/Vegetation Stress),Q3: Moderate-High Relative Stress,3393
C_126_019,78.37446,12.645719,0.2145,0.16,0.1045,0.3789,Low (Single Evidence Family),Q3: Moderate-High Relative Stress,3394
C_066_090,79.012264,13.184708,0.2145,0.0616,0.135,0.447,Low (Single Evidence Family),Q3: Moderate-High Relative Stress,3395
C_053_059,78.733786,13.301489,0.2144,0.1657,0.4775,0.0,Low (Single Evidence Family),Q3: Moderate-High Relative Stress,3396
C_125_028,78.455309,12.654702,0.2143,0.1747,0.1646,0.3036,Low (Single Evidence Family),Q3: Moderate-High Relative Stress,3397
C_008_092,79.03023,13.705731,0.2143,0.2124,0.3313,0.0992,High (Multi-Source Convergence),Q3: Moderate-High Relative Stress,3398
C_106_037,78.536157,12.825382,0.2143,0.0907,0.3252,0.2269,Moderate (Compound Moisture/Vegetation Stress),Q3: Moderate-High Relative Stress,3399
C_066_087,78.985315,13.184708,0.2141,0.0844,0.0831,0.4748,Low (Single Evidence Family),Q3: Moderate-High Relative Stress,3400
C_054_069,78.823618,13.292506,0.2141,0.2039,0.3231,0.1153,Moderate (Same-Sensor Spectral Agreement),Q3: Moderate-High Relative Stress,3401
C_038_042,78.581073,13.436236,0.2141,0.0428,0.0724,0.5269,Low (Single Evidence Family),Q3: Moderate-High Relative Stress,3402
C_109_040,78.563106,12.798433,0.214,0.0812,0.2519,0.3088,Moderate (Compound Moisture/Vegetation Stress),Q3: Moderate-High Relative Stress,3403
C_071_061,78.751753,13.139792,0.214,0.1309,0.2894,0.2217,Moderate (Compound Moisture/Vegetation Stress),Q3: Moderate-High Relative Stress,3404
C_040_120,79.281759,13.41827,0.214,0.1528,0.219,0.2702,Moderate (Compound Moisture/Vegetation Stress),Q3: Moderate-High Relative Stress,3405
C_066_097,79.075146,13.184708,0.214,0.2538,0.2019,0.1863,High (Multi-Source Convergence),Q3: Moderate-High Relative Stress,3406
C_102_013,78.320561,12.861315,0.2139,0.1121,0.1622,0.3674,Low (Single Evidence Family),Q3: Moderate-High Relative Stress,3407
C_040_100,79.102096,13.41827,0.2139,0.1326,0.1898,0.3193,Low (Single Evidence Family),Q3: Moderate-High Relative Stress,3408
C_069_045,78.608022,13.157759,0.2139,0.1911,0.2058,0.245,Moderate (Compound Moisture/Vegetation Stress),Q3: Moderate-High Relative Stress,3409
C_042_096,79.066163,13.400304,0.2138,0.1156,0.3208,0.205,Moderate (Compound Moisture/Vegetation Stress),Q3: Moderate-High Relative Stress,3410
C_053_053,78.679887,13.301489,0.2137,0.1814,0.2575,0.2024,Moderate (Compound Moisture/Vegetation Stress),Q3: Moderate-High Relative Stress,3411
C_048_111,79.20091,13.346405,0.2137,0.2283,0.1766,0.2363,Moderate (Compound Urban/Water Signal),Q3: Moderate-High Relative Stress,3412
C_078_060,78.742769,13.07691,0.2136,0.1395,0.5003,0.001,Low (Single Evidence Family),Q3: Moderate-High Relative Stress,3413
C_065_090,79.012264,13.193691,0.2136,0.1622,0.1614,0.3173,Low (Single Evidence Family),Q3: Moderate-High Relative Stress,3414
C_023_092,79.03023,13.570984,0.2135,0.036,0.2329,0.3715,Moderate (Compound Moisture/Vegetation Stress),Q3: Moderate-High Relative Stress,3415
C_051_112,79.209893,13.319455,0.2135,0.0724,0.1663,0.4018,Low (Single Evidence Family),Q3: Moderate-High Relative Stress,3416
C_029_075,78.877517,13.517085,0.2134,0.1463,0.3688,0.1251,Low (Single Evidence Family),Q3: Moderate-High Relative Stress,3417
C_060_066,78.796668,13.238607,0.2134,0.1859,0.4225,0.0318,Low (Single Evidence Family),Q3: Moderate-High Relative Stress,3418
C_015_092,79.03023,13.642849,0.2134,0.069,0.3001,0.2712,Moderate (Compound Moisture/Vegetation Stress),Q3: Moderate-High Relative Stress,3419
C_048_057,78.71582,13.346405,0.2132,0.2313,0.3194,0.0887,High (Multi-Source Convergence),Q3: Moderate-High Relative Stress,3420
C_065_091,79.021247,13.193691,0.2132,0.2384,0.2593,0.1418,High (Multi-Source Convergence),Q3: Moderate-High Relative Stress,3421
C_038_041,78.57209,13.436236,0.2131,0.2467,0.2455,0.147,High (Multi-Source Convergence),Q3: Moderate-High Relative Stress,3422
C_037_123,79.308708,13.44522,0.2131,0.1788,0.3034,0.1572,Low (Single Evidence Family),Q3: Moderate-High Relative Stress,3423
C_078_098,79.084129,13.07691,0.2131,0.058,0.1313,0.45,Low (Single Evidence Family),Q3: Moderate-High Relative Stress,3424
C_023_089,79.003281,13.570984,0.2131,0.0521,0.0959,0.4912,Low (Single Evidence Family),Q3: Moderate-High Relative Stress,3425
C_038_045,78.608022,13.436236,0.213,0.1163,0.2815,0.241,Moderate (Compound Moisture/Vegetation Stress),Q3: Moderate-High Relative Stress,3426
C_074_066,78.796668,13.112843,0.2129,0.1958,0.4408,0.002,Low (Single Evidence Family),Q3: Moderate-High Relative Stress,3427
C_077_086,78.976331,13.085893,0.2129,0.149,0.1734,0.3162,Low (Single Evidence Family),Q3: Moderate-High Relative Stress,3428
C_048_095,79.05718,13.346405,0.2129,0.1272,0.2044,0.3072,Moderate (Compound Moisture/Vegetation Stress),Q3: Moderate-High Relative Stress,3429
C_070_116,79.245826,13.148776,0.2129,0.21,0.3294,0.0991,High (Multi-Source Convergence),Q3: Moderate-High Relative Stress,3430
C_112_009,78.284629,12.771483,0.2126,0.1652,0.2943,0.1781,Low (Single Evidence Family),Q3: Moderate-High Relative Stress,3431
C_101_031,78.482258,12.870298,0.2126,0.1505,0.1716,0.3157,Low (Single Evidence Family),Q3: Moderate-High Relative Stress,3432
C_045_105,79.147011,13.373354,0.2126,0.1949,0.2336,0.2093,Moderate (Compound Moisture/Vegetation Stress),Q3: Moderate-High Relative Stress,3433
C_075_090,79.012264,13.10386,0.2126,0.2489,0.1496,0.2394,Moderate (Compound Urban/Water Signal),Q3: Moderate-High Relative Stress,3434
C_016_090,79.012264,13.633866,0.2126,0.1518,0.2964,0.1896,Low (Single Evidence Family),Q3: Moderate-High Relative Stress,3435
C_062_124,79.317691,13.220641,0.2126,0.0898,0.3017,0.2463,Moderate (Compound Moisture/Vegetation Stress),Q3: Moderate-High Relative Stress,3436
C_060_081,78.931416,13.238607,0.2124,0.2158,0.2042,0.2171,High (Multi-Source Convergence),Q3: Moderate-High Relative Stress,3437
C_042_106,79.155994,13.400304,0.2124,0.1494,0.2572,0.2306,Moderate (Compound Moisture/Vegetation Stress),Q3: Moderate-High Relative Stress,3438
C_057_112,79.209893,13.265557,0.2123,0.2937,0.2157,0.1274,High (Multi-Source Convergence),Q3: Moderate-High Relative Stress,3439
C_001_097,79.075146,13.768613,0.2123,0.1398,0.2112,0.2859,Moderate (Compound Moisture/Vegetation Stress),Q3: Moderate-High Relative Stress,3440
C_045_097,79.075146,13.373354,0.2122,0.2429,0.1762,0.2174,Moderate (Compound Urban/Water Signal),Q3: Moderate-High Relative Stress,3441
C_012_097,79.075146,13.669798,0.2121,0.1537,0.1231,0.3594,Low (Single Evidence Family),Q3: Moderate-High Relative Stress,3442
C_041_084,78.958365,13.409287,0.2121,0.1638,0.3857,0.0868,Low (Single Evidence Family),Q3: Moderate-High Relative Stress,3443
C_075_066,78.796668,13.10386,0.2121,0.1078,0.5112,0.0174,Low (Single Evidence Family),Q3: Moderate-High Relative Stress,3444
C_048_085,78.967348,13.346405,0.212,0.3354,0.2416,0.0589,Moderate (Same-Sensor Spectral Agreement),Q3: Moderate-High Relative Stress,3445
C_061_174,79.772957,13.229624,0.212,0.0305,0.0607,0.5449,Low (Single Evidence Family),Q3: Moderate-High Relative Stress,3446
C_076_048,78.634972,13.094877,0.2119,0.2373,0.2161,0.1824,High (Multi-Source Convergence),Q3: Moderate-High Relative Stress,3447
C_070_100,79.102096,13.148776,0.2118,0.2152,0.3287,0.0917,High (Multi-Source Convergence),Q3: Moderate-High Relative Stress,3448
C_072_114,79.22786,13.130809,0.2118,0.2099,0.4201,0.0053,Moderate (Same-Sensor Spectral Agreement),Q3: Moderate-High Relative Stress,3449
C_039_069,78.823618,13.427253,0.2118,0.2204,0.3213,0.0937,Moderate (Same-Sensor Spectral Agreement),Q3: Moderate-High Relative Stress,3450
C_070_074,78.868534,13.148776,0.2118,0.1421,0.2815,0.2119,Moderate (Compound Moisture/Vegetation Stress),Q3: Moderate-High Relative Stress,3451
C_059_104,79.138028,13.24759,0.2117,0.2551,0.2058,0.1742,High (Multi-Source Convergence),Q2: Moderate-Low Relative Stress,3452
C_047_110,79.191927,13.355388,0.2116,0.1784,0.2809,0.1755,Low (Single Evidence Family),Q2: Moderate-Low Relative Stress,3453
C_067_117,79.254809,13.175725,0.2116,0.1689,0.1815,0.2843,Low (Single Evidence Family),Q2: Moderate-Low Relative Stress,3454
C_062_133,79.39854,13.220641,0.2115,0.3418,0.2138,0.0789,High (Multi-Source Convergence),Q2: Moderate-Low Relative Stress,3455
C_052_095,79.05718,13.310472,0.2115,0.0758,0.3388,0.2201,Moderate (Compound Moisture/Vegetation Stress),Q2: Moderate-Low Relative Stress,3456
C_064_077,78.895483,13.202674,0.2115,0.1743,0.2309,0.2292,Moderate (Compound Moisture/Vegetation Stress),Q2: Moderate-Low Relative Stress,3457
C_034_089,79.003281,13.472169,0.2115,0.277,0.2733,0.0842,High (Multi-Source Convergence),Q2: Moderate-Low Relative Stress,3458
C_007_094,79.048197,13.714714,0.2114,0.1415,0.3988,0.094,Low (Single Evidence Family),Q2: Moderate-Low Relative Stress,3459
C_062_103,79.129045,13.220641,0.2114,0.2223,0.2177,0.1942,High (Multi-Source Convergence),Q2: Moderate-Low Relative Stress,3460
C_023_084,78.958365,13.570984,0.2114,0.0755,0.0854,0.4732,Low (Single Evidence Family),Q2: Moderate-Low Relative Stress,3461
C_056_148,79.539395,13.27454,0.2114,0.2238,0.1774,0.2329,Moderate (Compound Urban/Water Signal),Q2: Moderate-Low Relative Stress,3462
C_078_099,79.093112,13.07691,0.2114,0.2117,0.2198,0.2027,High (Multi-Source Convergence),Q2: Moderate-Low Relative Stress,3463
C_026_101,79.111079,13.544034,0.2114,0.0731,0.2177,0.3432,Moderate (Compound Moisture/Vegetation Stress),Q2: Moderate-Low Relative Stress,3464
C_050_124,79.317691,13.328439,0.2114,0.107,0.078,0.4493,Low (Single Evidence Family),Q2: Moderate-Low Relative Stress,3465
C_092_044,78.599039,12.951146,0.2112,0.1967,0.2437,0.1932,Low (Single Evidence Family),Q2: Moderate-Low Relative Stress,3466
C_052_067,78.805652,13.310472,0.2111,0.1635,0.3999,0.0698,Low (Single Evidence Family),Q2: Moderate-Low Relative Stress,3467
C_034_045,78.608022,13.472169,0.2111,0.151,0.4509,0.0314,Low (Single Evidence Family),Q2: Moderate-Low Relative Stress,3468
C_039_087,78.985315,13.427253,0.2111,0.1366,0.2713,0.2253,Moderate (Compound Moisture/Vegetation Stress),Q2: Moderate-Low Relative Stress,3469
C_076_083,78.949382,13.094877,0.2111,0.1963,0.3635,0.0737,Low (Single Evidence Family),Q2: Moderate-Low Relative Stress,3470
C_082_033,78.500224,13.040978,0.211,0.2199,0.2968,0.1163,High (Multi-Source Convergence),Q2: Moderate-Low Relative Stress,3471
C_021_090,79.012264,13.58895,0.2109,0.0747,0.1838,0.3743,Low (Single Evidence Family),Q2: Moderate-Low Relative Stress,3472
C_071_079,78.913449,13.139792,0.2108,0.2799,0.2877,0.0648,High (Multi-Source Convergence),Q2: Moderate-Low Relative Stress,3473
C_040_085,78.967348,13.41827,0.2107,0.1945,0.2986,0.1389,Low (Single Evidence Family),Q2: Moderate-Low Relative Stress,3474
C_036_146,79.521429,13.454203,0.2107,0.2605,0.2199,0.1515,High (Multi-Source Convergence),Q2: Moderate-Low Relative Stress,3475
C_118_023,78.410393,12.717584,0.2107,0.23,0.2033,0.1988,High (Multi-Source Convergence),Q2: Moderate-Low Relative Stress,3476
C_041_132,79.389556,13.409287,0.2107,0.1041,0.3025,0.2256,Moderate (Compound Moisture/Vegetation Stress),Q2: Moderate-Low Relative Stress,3477
C_050_048,78.634972,13.328439,0.2107,0.1804,0.404,0.0478,Low (Single Evidence Family),Q2: Moderate-Low Relative Stress,3478
C_077_096,79.066163,13.085893,0.2105,0.1931,0.2013,0.2371,Moderate (Compound Moisture/Vegetation Stress),Q2: Moderate-Low Relative Stress,3479
C_033_051,78.661921,13.481152,0.2105,0.1358,0.3853,0.1105,Low (Single Evidence Family),Q2: Moderate-Low Relative Stress,3480
C_047_091,79.021247,13.355388,0.2104,0.1415,0.164,0.3258,Low (Single Evidence Family),Q2: Moderate-Low Relative Stress,3481
C_099_015,78.338528,12.888264,0.2101,0.0637,0.28,0.2867,Moderate (Compound Moisture/Vegetation Stress),Q2: Moderate-Low Relative Stress,3482
C_063_082,78.940399,13.211658,0.2101,0.1458,0.1947,0.2898,Low (Single Evidence Family),Q2: Moderate-Low Relative Stress,3483
C_048_121,79.290742,13.346405,0.21,0.157,0.3351,0.1379,Low (Single Evidence Family),Q2: Moderate-Low Relative Stress,3484
C_072_106,79.155994,13.130809,0.21,0.1228,0.3052,0.2021,Moderate (Compound Moisture/Vegetation Stress),Q2: Moderate-Low Relative Stress,3485
C_085_048,78.634972,13.014028,0.2099,0.2219,0.4075,0.0003,Moderate (Same-Sensor Spectral Agreement),Q2: Moderate-Low Relative Stress,3486
C_050_050,78.652938,13.328439,0.2099,0.1652,0.4519,0.0124,Low (Single Evidence Family),Q2: Moderate-Low Relative Stress,3487
C_028_042,78.581073,13.526068,0.2099,0.0763,0.3668,0.1865,Low (Single Evidence Family),Q2: Moderate-Low Relative Stress,3488
C_054_108,79.173961,13.292506,0.2099,0.198,0.2974,0.1343,Low (Single Evidence Family),Q2: Moderate-Low Relative Stress,3489
C_043_105,79.147011,13.391321,0.2098,0.1343,0.2161,0.279,Moderate (Compound Moisture/Vegetation Stress),Q2: Moderate-Low Relative Stress,3490
C_086_042,78.581073,13.005045,0.2097,0.2701,0.3579,0.001,Moderate (Same-Sensor Spectral Agreement),Q2: Moderate-Low Relative Stress,3491
C_063_064,78.778702,13.211658,0.2096,0.2569,0.3254,0.0465,Moderate (Same-Sensor Spectral Agreement),Q2: Moderate-Low Relative Stress,3492
C_079_048,78.634972,13.067927,0.2096,0.0916,0.1893,0.3478,Low (Single Evidence Family),Q2: Moderate-Low Relative Stress,3493
C_050_073,78.85955,13.328439,0.2095,0.1566,0.4719,0.0,Low (Single Evidence Family),Q2: Moderate-Low Relative Stress,3494
C_073_090,79.012264,13.121826,0.2094,0.2318,0.2299,0.1667,High (Multi-Source Convergence),Q2: Moderate-Low Relative Stress,3495
C_113_010,78.293612,12.7625,0.2093,0.215,0.2396,0.1732,High (Multi-Source Convergence),Q2: Moderate-Low Relative Stress,3496
C_010_095,79.05718,13.687765,0.2092,0.1564,0.2453,0.226,Moderate (Compound Moisture/Vegetation Stress),Q2: Moderate-Low Relative Stress,3497
C_043_132,79.389556,13.391321,0.2092,0.1925,0.2424,0.1926,Low (Single Evidence Family),Q2: Moderate-Low Relative Stress,3498
C_108_023,78.410393,12.807416,0.2092,0.2144,0.1959,0.2171,Moderate (Compound Urban/Water Signal),Q2: Moderate-Low Relative Stress,3499
C_073_036,78.527174,13.121826,0.2091,0.145,0.2822,0.2,Moderate (Compound Moisture/Vegetation Stress),Q2: Moderate-Low Relative Stress,3500
C_037_090,79.012264,13.44522,0.2091,0.0666,0.496,0.0648,Low (Single Evidence Family),Q2: Moderate-Low Relative Stress,3501
C_105_016,78.347511,12.834365,0.209,0.1772,0.3027,0.147,Low (Single Evidence Family),Q2: Moderate-Low Relative Stress,3502
C_057_107,79.164978,13.265557,0.2089,0.1926,0.2955,0.1385,Low (Single Evidence Family),Q2: Moderate-Low Relative Stress,3503
C_050_041,78.57209,13.328439,0.2088,0.1811,0.347,0.0982,Low (Single Evidence Family),Q2: Moderate-Low Relative Stress,3504
C_071_094,79.048197,13.139792,0.2088,0.1748,0.2332,0.2184,Moderate (Compound Moisture/Vegetation Stress),Q2: Moderate-Low Relative Stress,3505
C_048_110,79.191927,13.346405,0.2088,0.3038,0.1494,0.1732,Low (Single Evidence Family),Q2: Moderate-Low Relative Stress,3506
C_047_139,79.458547,13.355388,0.2087,0.1155,0.1591,0.3514,Low (Single Evidence Family),Q2: Moderate-Low Relative Stress,3507
C_046_138,79.449564,13.364371,0.2087,0.1752,0.2227,0.2283,Moderate (Compound Moisture/Vegetation Stress),Q2: Moderate-Low Relative Stress,3508
C_075_104,79.138028,13.10386,0.2087,0.1893,0.2568,0.1801,Low (Single Evidence Family),Q2: Moderate-Low Relative Stress,3509
C_070_090,79.012264,13.148776,0.2086,0.3219,0.1165,0.1873,Low (Single Evidence Family),Q2: Moderate-Low Relative Stress,3510
C_084_053,78.679887,13.023011,0.2085,0.2362,0.3894,0.0,Moderate (Same-Sensor Spectral Agreement),Q2: Moderate-Low Relative Stress,3511
C_034_046,78.617005,13.472169,0.2085,0.0984,0.439,0.0881,Low (Single Evidence Family),Q2: Moderate-Low Relative Stress,3512
C_029_080,78.922433,13.517085,0.2084,0.1405,0.3338,0.151,Low (Single Evidence Family),Q2: Moderate-Low Relative Stress,3513
C_070_045,78.608022,13.148776,0.2084,0.2366,0.1309,0.2577,Moderate (Compound Urban/Water Signal),Q2: Moderate-Low Relative Stress,3514
C_074_040,78.563106,13.112843,0.2083,0.1684,0.2352,0.2214,Moderate (Compound Moisture/Vegetation Stress),Q2: Moderate-Low Relative Stress,3515
C_033_089,79.003281,13.481152,0.2082,0.277,0.2721,0.0754,High (Multi-Source Convergence),Q2: Moderate-Low Relative Stress,3516
C_084_047,78.625988,13.023011,0.2082,0.16,0.4604,0.0043,Low (Single Evidence Family),Q2: Moderate-Low Relative Stress,3517
C_070_102,79.120062,13.148776,0.2081,0.2105,0.2671,0.1467,High (Multi-Source Convergence),Q2: Moderate-Low Relative Stress,3518
C_064_099,79.093112,13.202674,0.208,0.1536,0.3713,0.0992,Low (Single Evidence Family),Q2: Moderate-Low Relative Stress,3519
C_024_084,78.958365,13.562001,0.2079,0.0889,0.1972,0.3376,Low (Single Evidence Family),Q2: Moderate-Low Relative Stress,3520
C_111_010,78.293612,12.780466,0.2079,0.26,0.2289,0.1349,High (Multi-Source Convergence),Q2: Moderate-Low Relative Stress,3521
C_034_056,78.706837,13.472169,0.2079,0.1668,0.305,0.1519,Low (Single Evidence Family),Q2: Moderate-Low Relative Stress,3522
C_041_103,79.129045,13.409287,0.2078,0.1458,0.1914,0.2862,Low (Single Evidence Family),Q2: Moderate-Low Relative Stress,3523
C_074_123,79.308708,13.112843,0.2078,0.2151,0.4084,0.0,Moderate (Same-Sensor Spectral Agreement),Q2: Moderate-Low Relative Stress,3524
C_069_040,78.563106,13.157759,0.2078,0.1508,0.2621,0.2105,Moderate (Compound Moisture/Vegetation Stress),Q2: Moderate-Low Relative Stress,3525
C_036_094,79.048197,13.454203,0.2077,0.1003,0.2699,0.2531,Moderate (Compound Moisture/Vegetation Stress),Q2: Moderate-Low Relative Stress,3526
C_034_081,78.931416,13.472169,0.2077,0.135,0.353,0.1352,Low (Single Evidence Family),Q2: Moderate-Low Relative Stress,3527
C_069_107,79.164978,13.157759,0.2077,0.1161,0.1992,0.3078,Low (Single Evidence Family),Q2: Moderate-Low Relative Stress,3528
C_010_094,79.048197,13.687765,0.2077,0.0777,0.2832,0.2623,Moderate (Compound Moisture/Vegetation Stress),Q2: Moderate-Low Relative Stress,3529
C_046_078,78.904466,13.364371,0.2075,0.307,0.3149,0.0007,Moderate (Same-Sensor Spectral Agreement),Q2: Moderate-Low Relative Stress,3530
C_071_099,79.093112,13.139792,0.2074,0.1318,0.2659,0.2246,Moderate (Compound Moisture/Vegetation Stress),Q2: Moderate-Low Relative Stress,3531
C_047_155,79.602278,13.355388,0.2074,0.1097,0.1877,0.3249,Low (Single Evidence Family),Q2: Moderate-Low Relative Stress,3532
C_067_079,78.913449,13.175725,0.2074,0.1068,0.3239,0.1916,Low (Single Evidence Family),Q2: Moderate-Low Relative Stress,3533
C_036_122,79.299725,13.454203,0.2073,0.2551,0.1908,0.1759,Low (Single Evidence Family),Q2: Moderate-Low Relative Stress,3534
C_035_127,79.344641,13.463186,0.2073,0.1455,0.1935,0.283,Low (Single Evidence Family),Q2: Moderate-Low Relative Stress,3535
C_033_060,78.742769,13.481152,0.2073,0.253,0.3686,0.0003,Moderate (Same-Sensor Spectral Agreement),Q2: Moderate-Low Relative Stress,3536
C_058_061,78.751753,13.256573,0.2073,0.1851,0.3435,0.0933,Low (Single Evidence Family),Q2: Moderate-Low Relative Stress,3537
C_055_082,78.940399,13.283523,0.2072,0.1952,0.3065,0.12,Low (Single Evidence Family),Q2: Moderate-Low Relative Stress,3538
C_070_121,79.290742,13.148776,0.2072,0.2547,0.2624,0.1045,Moderate (Same-Sensor Spectral Agreement),Q2: Moderate-Low Relative Stress,3539
C_046_116,79.245826,13.364371,0.2071,0.1258,0.2694,0.226,Moderate (Compound Moisture/Vegetation Stress),Q2: Moderate-Low Relative Stress,3540
C_068_118,79.263792,13.166742,0.2071,0.1505,0.3192,0.1516,Low (Single Evidence Family),Q2: Moderate-Low Relative Stress,3541
C_043_077,78.895483,13.391321,0.207,0.3091,0.312,0.0,Moderate (Same-Sensor Spectral Agreement),Q2: Moderate-Low Relative Stress,3542
C_027_081,78.931416,13.535051,0.207,0.0702,0.2523,0.2983,Moderate (Compound Moisture/Vegetation Stress),Q2: Moderate-Low Relative Stress,3543
C_074_061,78.751753,13.112843,0.2069,0.1582,0.3025,0.1601,Low (Single Evidence Family),Q2: Moderate-Low Relative Stress,3544
C_041_124,79.317691,13.409287,0.2068,0.1013,0.3219,0.1971,Low (Single Evidence Family),Q2: Moderate-Low Relative Stress,3545
C_079_109,79.182944,13.067927,0.2068,0.0793,0.185,0.356,Low (Single Evidence Family),Q2: Moderate-Low Relative Stress,3546
C_098_045,78.608022,12.897247,0.2068,0.1926,0.4217,0.0062,Low (Single Evidence Family),Q2: Moderate-Low Relative Stress,3547
C_055_108,79.173961,13.283523,0.2068,0.1365,0.2463,0.2374,Moderate (Compound Moisture/Vegetation Stress),Q2: Moderate-Low Relative Stress,3548
C_000_095,79.05718,13.777596,0.2067,0.0579,0.3269,0.2353,Moderate (Compound Moisture/Vegetation Stress),Q2: Moderate-Low Relative Stress,3549
C_048_062,78.760736,13.346405,0.2067,0.1943,0.212,0.2138,Moderate (Compound Moisture/Vegetation Stress),Q2: Moderate-Low Relative Stress,3550
C_014_095,79.05718,13.651832,0.2067,0.1956,0.2497,0.1747,Low (Single Evidence Family),Q2: Moderate-Low Relative Stress,3551
C_055_111,79.20091,13.283523,0.2066,0.1295,0.1688,0.3216,Low (Single Evidence Family),Q2: Moderate-Low Relative Stress,3552
C_055_063,78.769719,13.283523,0.2065,0.1728,0.4464,0.0003,Low (Single Evidence Family),Q2: Moderate-Low Relative Stress,3553
C_047_047,78.625988,13.355388,0.2064,0.1927,0.3857,0.0409,Low (Single Evidence Family),Q2: Moderate-Low Relative Stress,3554
C_057_120,79.281759,13.265557,0.2064,0.167,0.2906,0.1614,Low (Single Evidence Family),Q2: Moderate-Low Relative Stress,3555
C_047_090,79.012264,13.355388,0.2064,0.1131,0.0986,0.4077,Low (Single Evidence Family),Q2: Moderate-Low Relative Stress,3556
C_044_137,79.440581,13.382338,0.2063,0.2029,0.1879,0.2283,Moderate (Compound Urban/Water Signal),Q2: Moderate-Low Relative Stress,3557
C_061_068,78.814635,13.229624,0.2063,0.1711,0.4417,0.0062,Low (Single Evidence Family),Q2: Moderate-Low Relative Stress,3558
C_100_018,78.365477,12.879281,0.2062,0.089,0.1268,0.4028,Low (Single Evidence Family),Q2: Moderate-Low Relative Stress,3559
C_053_032,78.491241,13.301489,0.2061,0.1805,0.3871,0.0508,Low (Single Evidence Family),Q2: Moderate-Low Relative Stress,3560
C_086_047,78.625988,13.005045,0.206,0.125,0.4902,0.0026,Low (Single Evidence Family),Q2: Moderate-Low Relative Stress,3561
C_069_097,79.075146,13.157759,0.2059,0.1487,0.1945,0.2744,Low (Single Evidence Family),Q2: Moderate-Low Relative Stress,3562
C_013_095,79.05718,13.660815,0.2058,0.1745,0.3632,0.0796,Low (Single Evidence Family),Q2: Moderate-Low Relative Stress,3563
C_035_124,79.317691,13.463186,0.2058,0.1566,0.3505,0.1104,Low (Single Evidence Family),Q2: Moderate-Low Relative Stress,3564
C_056_090,79.012264,13.27454,0.2057,0.1306,0.1595,0.3272,Low (Single Evidence Family),Q2: Moderate-Low Relative Stress,3565
C_047_105,79.147011,13.355388,0.2056,0.1817,0.2552,0.1798,Low (Single Evidence Family),Q2: Moderate-Low Relative Stress,3566
C_112_021,78.392426,12.771483,0.2055,0.2972,0.1015,0.2178,Moderate (Compound Urban/Water Signal),Q2: Moderate-Low Relative Stress,3567
C_028_079,78.913449,13.526068,0.2054,0.1584,0.1967,0.261,Low (Single Evidence Family),Q2: Moderate-Low Relative Stress,3568
C_038_046,78.617005,13.436236,0.2053,0.0812,0.3595,0.1752,Low (Single Evidence Family),Q2: Moderate-Low Relative Stress,3569
C_055_119,79.272775,13.283523,0.2052,0.2121,0.2015,0.2021,High (Multi-Source Convergence),Q2: Moderate-Low Relative Stress,3570
C_073_038,78.54514,13.121826,0.2052,0.1699,0.2326,0.2132,Moderate (Compound Moisture/Vegetation Stress),Q2: Moderate-Low Relative Stress,3571
C_032_083,78.949382,13.490135,0.2051,0.1577,0.4114,0.0462,Low (Single Evidence Family),Q2: Moderate-Low Relative Stress,3572
C_017_086,78.976331,13.624883,0.2051,0.1746,0.2261,0.2147,Moderate (Compound Moisture/Vegetation Stress),Q2: Moderate-Low Relative Stress,3573
C_073_081,78.931416,13.121826,0.2051,0.2117,0.2301,0.1736,High (Multi-Source Convergence),Q2: Moderate-Low Relative Stress,3574
C_029_071,78.841584,13.517085,0.2049,0.228,0.3863,0.0003,Moderate (Same-Sensor Spectral Agreement),Q2: Moderate-Low Relative Stress,3575
C_071_088,78.994298,13.139792,0.2049,0.0426,0.0934,0.4788,Low (Single Evidence Family),Q2: Moderate-Low Relative Stress,3576
C_050_096,79.066163,13.328439,0.2049,0.1707,0.2278,0.2161,Moderate (Compound Moisture/Vegetation Stress),Q2: Moderate-Low Relative Stress,3577
C_050_072,78.850567,13.328439,0.2048,0.1871,0.4268,0.0003,Low (Single Evidence Family),Q2: Moderate-Low Relative Stress,3578
C_061_107,79.164978,13.229624,0.2048,0.2577,0.2171,0.1395,High (Multi-Source Convergence),Q2: Moderate-Low Relative Stress,3579
C_059_054,78.688871,13.24759,0.2048,0.1699,0.3478,0.0966,Low (Single Evidence Family),Q2: Moderate-Low Relative Stress,3580
C_052_123,79.308708,13.310472,0.2047,0.1505,0.0002,0.4634,Low (Single Evidence Family),Q2: Moderate-Low Relative Stress,3581
C_112_018,78.365477,12.771483,0.2047,0.2351,0.1562,0.2227,Moderate (Compound Urban/Water Signal),Q2: Moderate-Low Relative Stress,3582
C_052_115,79.236843,13.310472,0.2047,0.0216,0.1004,0.4922,Low (Single Evidence Family),Q2: Moderate-Low Relative Stress,3583
C_049_092,79.03023,13.337422,0.2045,0.1666,0.185,0.262,Low (Single Evidence Family),Q2: Moderate-Low Relative Stress,3584
C_036_084,78.958365,13.454203,0.2045,0.2877,0.3258,0.0,Moderate (Same-Sensor Spectral Agreement),Q2: Moderate-Low Relative Stress,3585
C_059_122,79.299725,13.24759,0.2044,0.1572,0.2498,0.2063,Moderate (Compound Moisture/Vegetation Stress),Q2: Moderate-Low Relative Stress,3586
C_037_067,78.805652,13.44522,0.2044,0.1612,0.4087,0.0432,Low (Single Evidence Family),Q2: Moderate-Low Relative Stress,3587
C_121_001,78.212763,12.690635,0.2043,0.1327,0.2612,0.2191,Moderate (Compound Moisture/Vegetation Stress),Q2: Moderate-Low Relative Stress,3588
C_096_040,78.563106,12.915214,0.2043,0.1753,0.3243,0.1133,Low (Single Evidence Family),Q2: Moderate-Low Relative Stress,3589
C_092_038,78.54514,12.951146,0.2043,0.2607,0.2962,0.056,High (Multi-Source Convergence),Q2: Moderate-Low Relative Stress,3590
C_068_080,78.922433,13.166742,0.2041,0.1391,0.4023,0.0707,Low (Single Evidence Family),Q2: Moderate-Low Relative Stress,3591
C_012_091,79.021247,13.669798,0.2041,0.1566,0.3058,0.15,Low (Single Evidence Family),Q2: Moderate-Low Relative Stress,3592
C_095_035,78.518191,12.924197,0.2041,0.2276,0.2247,0.1598,High (Multi-Source Convergence),Q2: Moderate-Low Relative Stress,3593
C_004_097,79.075146,13.741664,0.204,0.1243,0.4233,0.0642,Low (Single Evidence Family),Q2: Moderate-Low Relative Stress,3594
C_056_037,78.536157,13.27454,0.204,0.0714,0.1675,0.373,Low (Single Evidence Family),Q2: Moderate-Low Relative Stress,3595
C_067_070,78.832601,13.175725,0.204,0.1975,0.3525,0.0619,Low (Single Evidence Family),Q2: Moderate-Low Relative Stress,3596
C_057_085,78.967348,13.265557,0.2039,0.2258,0.1941,0.1919,Low (Single Evidence Family),Q2: Moderate-Low Relative Stress,3597
C_038_089,79.003281,13.436236,0.2038,0.1681,0.3019,0.1415,Low (Single Evidence Family),Q2: Moderate-Low Relative Stress,3598
C_040_049,78.643955,13.41827,0.2038,0.16,0.3665,0.0848,Low (Single Evidence Family),Q2: Moderate-Low Relative Stress,3599
C_103_020,78.383443,12.852332,0.2038,0.1711,0.0916,0.3488,Low (Single Evidence Family),Q2: Moderate-Low Relative Stress,3600
C_111_019,78.37446,12.780466,0.2037,0.16,0.2015,0.2495,Moderate (Compound Moisture/Vegetation Stress),Q2: Moderate-Low Relative Stress,3601
C_084_031,78.482258,13.023011,0.2037,0.1738,0.1634,0.2738,Low (Single Evidence Family),Q2: Moderate-Low Relative Stress,3602
C_022_088,78.994298,13.579967,0.2037,0.1138,0.128,0.3694,Low (Single Evidence Family),Q2: Moderate-Low Relative Stress,3603
C_058_074,78.868534,13.256573,0.2037,0.1897,0.1879,0.2335,Low (Single Evidence Family),Q2: Moderate-Low Relative Stress,3604
C_100_043,78.590056,12.879281,0.2037,0.1801,0.418,0.0131,Low (Single Evidence Family),Q2: Moderate-Low Relative Stress,3605
C_042_082,78.940399,13.400304,0.2035,0.186,0.2758,0.1487,Low (Single Evidence Family),Q2: Moderate-Low Relative Stress,3606
C_045_089,79.003281,13.373354,0.2035,0.2493,0.2107,0.1506,High (Multi-Source Convergence),Q2: Moderate-Low Relative Stress,3607
C_033_053,78.679887,13.481152,0.2034,0.2107,0.3756,0.0239,Moderate (Same-Sensor Spectral Agreement),Q2: Moderate-Low Relative Stress,3608
C_052_092,79.03023,13.310472,0.2034,0.1517,0.3968,0.0619,Low (Single Evidence Family),Q2: Moderate-Low Relative Stress,3609
C_059_116,79.245826,13.24759,0.2034,0.1778,0.2791,0.1533,Low (Single Evidence Family),Q2: Moderate-Low Relative Stress,3610
C_111_027,78.446325,12.780466,0.2034,0.1571,0.3081,0.1451,Low (Single Evidence Family),Q2: Moderate-Low Relative Stress,3611
C_011_090,79.012264,13.678782,0.2033,0.1355,0.2587,0.2158,Moderate (Compound Moisture/Vegetation Stress),Q2: Moderate-Low Relative Stress,3612
C_053_058,78.724803,13.301489,0.2033,0.1697,0.3908,0.0494,Low (Single Evidence Family),Q2: Moderate-Low Relative Stress,3613
C_071_111,79.20091,13.139792,0.2033,0.2018,0.2334,0.1749,High (Multi-Source Convergence),Q2: Moderate-Low Relative Stress,3614
C_046_090,79.012264,13.364371,0.2033,0.1602,0.206,0.2436,Moderate (Compound Moisture/Vegetation Stress),Q2: Moderate-Low Relative Stress,3615
C_013_096,79.066163,13.660815,0.2032,0.0889,0.4441,0.0768,Low (Single Evidence Family),Q2: Moderate-Low Relative Stress,3616
C_046_115,79.236843,13.364371,0.2031,0.1484,0.299,0.1618,Low (Single Evidence Family),Q2: Moderate-Low Relative Stress,3617
C_072_103,79.129045,13.130809,0.2031,0.1317,0.2591,0.2184,Moderate (Compound Moisture/Vegetation Stress),Q2: Moderate-Low Relative Stress,3618
C_099_044,78.599039,12.888264,0.203,0.1953,0.4124,0.0013,Low (Single Evidence Family),Q2: Moderate-Low Relative Stress,3619
C_068_126,79.335658,13.166742,0.203,0.0922,0.2542,0.2626,Moderate (Compound Moisture/Vegetation Stress),Q2: Moderate-Low Relative Stress,3620
C_077_083,78.949382,13.085893,0.203,0.1704,0.1367,0.3018,Low (Single Evidence Family),Q2: Moderate-Low Relative Stress,3621
C_061_090,79.012264,13.229624,0.203,0.0533,0.0613,0.4945,Low (Single Evidence Family),Q2: Moderate-Low Relative Stress,3622
C_069_125,79.326674,13.157759,0.203,0.1648,0.2809,0.1634,Low (Single Evidence Family),Q2: Moderate-Low Relative Stress,3623
C_080_094,79.048197,13.058944,0.2029,0.0453,0.3006,0.2629,Moderate (Compound Moisture/Vegetation Stress),Q2: Moderate-Low Relative Stress,3624
C_052_122,79.299725,13.310472,0.2029,0.0632,0.0156,0.5299,Low (Single Evidence Family),Q2: Moderate-Low Relative Stress,3625
C_000_098,79.084129,13.777596,0.2029,0.1147,0.4002,0.0936,Low (Single Evidence Family),Q2: Moderate-Low Relative Stress,3626
C_069_106,79.155994,13.157759,0.2029,0.1895,0.2519,0.1673,Low (Single Evidence Family),Q2: Moderate-Low Relative Stress,3627
C_044_122,79.299725,13.382338,0.2029,0.1184,0.3702,0.1202,Low (Single Evidence Family),Q2: Moderate-Low Relative Stress,3628
C_074_052,78.670904,13.112843,0.2028,0.2154,0.3359,0.057,High (Multi-Source Convergence),Q2: Moderate-Low Relative Stress,3629
C_051_058,78.724803,13.319455,0.2028,0.1186,0.368,0.1218,Low (Single Evidence Family),Q2: Moderate-Low Relative Stress,3630
C_062_080,78.922433,13.220641,0.2028,0.2188,0.2665,0.1231,High (Multi-Source Convergence),Q2: Moderate-Low Relative Stress,3631
C_077_050,78.652938,13.085893,0.2028,0.1549,0.283,0.1706,Low (Single Evidence Family),Q2: Moderate-Low Relative Stress,3632
C_033_056,78.706837,13.481152,0.2027,0.2504,0.2855,0.0724,High (Multi-Source Convergence),Q2: Moderate-Low Relative Stress,3633
C_031_077,78.895483,13.499119,0.2027,0.1525,0.3814,0.0743,Low (Single Evidence Family),Q2: Moderate-Low Relative Stress,3634
C_051_083,78.949382,13.319455,0.2027,0.0904,0.1336,0.3841,Low (Single Evidence Family),Q2: Moderate-Low Relative Stress,3635
C_115_033,78.500224,12.744534,0.2027,0.2146,0.1232,0.2702,Moderate (Compound Urban/Water Signal),Q2: Moderate-Low Relative Stress,3636
C_042_101,79.111079,13.400304,0.2026,0.1447,0.1227,0.3406,Low (Single Evidence Family),Q2: Moderate-Low Relative Stress,3637
C_018_073,78.85955,13.6159,0.2026,0.1583,0.2048,0.2446,Moderate (Compound Moisture/Vegetation Stress),Q2: Moderate-Low Relative Stress,3638
C_066_076,78.8865,13.184708,0.2026,0.1293,0.29,0.1886,Low (Single Evidence Family),Q2: Moderate-Low Relative Stress,3639
C_055_058,78.724803,13.283523,0.2026,0.1744,0.397,0.0364,Low (Single Evidence Family),Q2: Moderate-Low Relative Stress,3640
C_044_092,79.03023,13.382338,0.2025,0.086,0.2013,0.3203,Moderate (Compound Moisture/Vegetation Stress),Q2: Moderate-Low Relative Stress,3641
C_064_084,78.958365,13.202674,0.2025,0.179,0.1768,0.2518,Low (Single Evidence Family),Q2: Moderate-Low Relative Stress,3642
C_023_098,79.084129,13.570984,0.2024,0.0933,0.1873,0.3265,Low (Single Evidence Family),Q2: Moderate-Low Relative Stress,3643
C_050_059,78.733786,13.328439,0.2024,0.1701,0.2828,0.1542,Low (Single Evidence Family),Q2: Moderate-Low Relative Stress,3644
C_033_048,78.634972,13.481152,0.2024,0.222,0.3013,0.0838,High (Multi-Source Convergence),Q2: Moderate-Low Relative Stress,3645
C_047_119,79.272775,13.355388,0.2023,0.2438,0.2158,0.1474,High (Multi-Source Convergence),Q2: Moderate-Low Relative Stress,3646
C_037_131,79.380573,13.44522,0.2023,0.11,0.1636,0.3334,Low (Single Evidence Family),Q2: Moderate-Low Relative Stress,3647
C_038_043,78.590056,13.436236,0.2023,0.1399,0.2394,0.2276,Moderate (Compound Moisture/Vegetation Stress),Q2: Moderate-Low Relative Stress,3648
C_121_020,78.383443,12.690635,0.2021,0.2058,0.0819,0.3186,Moderate (Compound Urban/Water Signal),Q2: Moderate-Low Relative Stress,3649
C_111_007,78.266662,12.780466,0.202,0.2144,0.2326,0.1592,Moderate (Same-Sensor Spectral Agreement),Q2: Moderate-Low Relative Stress,3650
C_057_066,78.796668,13.265557,0.202,0.1631,0.4429,0.0,Low (Single Evidence Family),Q2: Moderate-Low Relative Stress,3651
C_065_084,78.958365,13.193691,0.2019,0.1203,0.0864,0.3989,Low (Single Evidence Family),Q2: Moderate-Low Relative Stress,3652
C_052_106,79.155994,13.310472,0.2018,0.1482,0.3029,0.1542,Low (Single Evidence Family),Q2: Moderate-Low Relative Stress,3653
C_062_114,79.22786,13.220641,0.2018,0.291,0.2099,0.1045,High (Multi-Source Convergence),Q2: Moderate-Low Relative Stress,3654
C_125_020,78.383443,12.654702,0.2017,0.1231,0.0899,0.392,Low (Single Evidence Family),Q2: Moderate-Low Relative Stress,3655
C_025_088,78.994298,13.553017,0.2017,0.1277,0.2044,0.2731,Moderate (Compound Moisture/Vegetation Stress),Q2: Moderate-Low Relative Stress,3656
C_085_036,78.527174,13.014028,0.2017,0.1343,0.2887,0.1821,Low (Single Evidence Family),Q2: Moderate-Low Relative Stress,3657
C_051_082,78.940399,13.319455,0.2016,0.0865,0.2494,0.2689,Moderate (Compound Moisture/Vegetation Stress),Q2: Moderate-Low Relative Stress,3658
C_003_097,79.075146,13.750647,0.2015,0.0815,0.3988,0.1241,Low (Single Evidence Family),Q2: Moderate-Low Relative Stress,3659
C_007_095,79.05718,13.714714,0.2014,0.1687,0.2766,0.1588,Low (Single Evidence Family),Q2: Moderate-Low Relative Stress,3660
C_045_053,78.679887,13.373354,0.2013,0.1331,0.3587,0.112,Low (Single Evidence Family),Q2: Moderate-Low Relative Stress,3661
C_065_134,79.407523,13.193691,0.2013,0.3086,0.2546,0.0406,High (Multi-Source Convergence),Q2: Moderate-Low Relative Stress,3662
C_057_091,79.021247,13.265557,0.2013,0.1924,0.2616,0.15,Low (Single Evidence Family),Q2: Moderate-Low Relative Stress,3663
C_040_060,78.742769,13.41827,0.2013,0.2265,0.3505,0.0269,High (Multi-Source Convergence),Q2: Moderate-Low Relative Stress,3664
C_049_050,78.652938,13.337422,0.2013,0.1743,0.3954,0.0344,Low (Single Evidence Family),Q2: Moderate-Low Relative Stress,3665
C_036_076,78.8865,13.454203,0.2013,0.1154,0.3739,0.1146,Low (Single Evidence Family),Q2: Moderate-Low Relative Stress,3666
C_062_105,79.147011,13.220641,0.2011,0.2396,0.1476,0.2161,Moderate (Compound Urban/Water Signal),Q2: Moderate-Low Relative Stress,3667
C_099_037,78.536157,12.888264,0.201,0.1318,0.2616,0.2096,Moderate (Compound Moisture/Vegetation Stress),Q2: Moderate-Low Relative Stress,3668
C_089_037,78.536157,12.978096,0.201,0.2888,0.256,0.0583,High (Multi-Source Convergence),Q2: Moderate-Low Relative Stress,3669
C_062_131,79.380573,13.220641,0.201,0.291,0.2914,0.0206,Moderate (Same-Sensor Spectral Agreement),Q2: Moderate-Low Relative Stress,3670
C_069_042,78.581073,13.157759,0.201,0.0886,0.2365,0.278,Moderate (Compound Moisture/Vegetation Stress),Q2: Moderate-Low Relative Stress,3671
C_083_029,78.464292,13.031995,0.201,0.1257,0.2374,0.2397,Moderate (Compound Moisture/Vegetation Stress),Q2: Moderate-Low Relative Stress,3672
C_031_044,78.599039,13.499119,0.2009,0.0977,0.3521,0.1529,Low (Single Evidence Family),Q2: Moderate-Low Relative Stress,3673
C_052_088,78.994298,13.310472,0.2008,0.0857,0.2887,0.2279,Moderate (Compound Moisture/Vegetation Stress),Q2: Moderate-Low Relative Stress,3674
C_035_093,79.039214,13.463186,0.2006,0.2535,0.2281,0.1202,High (Multi-Source Convergence),Q2: Moderate-Low Relative Stress,3675
C_071_089,79.003281,13.139792,0.2006,0.163,0.1124,0.3265,Low (Single Evidence Family),Q2: Moderate-Low Relative Stress,3676
C_054_126,79.335658,13.292506,0.2004,0.225,0.2589,0.1172,High (Multi-Source Convergence),Q2: Moderate-Low Relative Stress,3677
C_050_060,78.742769,13.328439,0.2003,0.1718,0.2879,0.1411,Low (Single Evidence Family),Q2: Moderate-Low Relative Stress,3678
C_053_069,78.823618,13.301489,0.2003,0.1693,0.4155,0.016,Low (Single Evidence Family),Q2: Moderate-Low Relative Stress,3679
C_045_136,79.431598,13.373354,0.2003,0.1572,0.1683,0.2754,Low (Single Evidence Family),Q2: Moderate-Low Relative Stress,3680
C_052_108,79.173961,13.310472,0.2002,0.1437,0.2252,0.2319,Moderate (Compound Moisture/Vegetation Stress),Q2: Moderate-Low Relative Stress,3681
C_030_047,78.625988,13.508102,0.2002,0.2309,0.2873,0.0825,High (Multi-Source Convergence),Q2: Moderate-Low Relative Stress,3682
C_124_019,78.37446,12.663685,0.2001,0.0433,0.0387,0.5184,Low (Single Evidence Family),Q2: Moderate-Low Relative Stress,3683
C_055_110,79.191927,13.283523,0.2001,0.0994,0.186,0.3147,Low (Single Evidence Family),Q2: Moderate-Low Relative Stress,3684
C_032_074,78.868534,13.490135,0.2001,0.1291,0.2669,0.2043,Moderate (Compound Moisture/Vegetation Stress),Q2: Moderate-Low Relative Stress,3685
C_078_108,79.173961,13.07691,0.2,0.1684,0.2645,0.167,Low (Single Evidence Family),Q2: Moderate-Low Relative Stress,3686
C_024_081,78.931416,13.562001,0.1999,0.0589,0.1916,0.3491,Low (Single Evidence Family),Q2: Moderate-Low Relative Stress,3687
C_050_127,79.344641,13.328439,0.1999,0.0501,0.1803,0.3694,Low (Single Evidence Family),Q2: Moderate-Low Relative Stress,3688
C_062_111,79.20091,13.220641,0.1999,0.1644,0.4211,0.0141,Low (Single Evidence Family),Q2: Moderate-Low Relative Stress,3689
C_055_095,79.05718,13.283523,0.1998,0.1555,0.2789,0.165,Low (Single Evidence Family),Q2: Moderate-Low Relative Stress,3690
C_036_065,78.787685,13.454203,0.1997,0.2522,0.3132,0.0337,Moderate (Same-Sensor Spectral Agreement),Q2: Moderate-Low Relative Stress,3691
C_074_037,78.536157,13.112843,0.1996,0.1896,0.2171,0.1921,Low (Single Evidence Family),Q2: Moderate-Low Relative Stress,3692
C_073_074,78.868534,13.121826,0.1996,0.1301,0.227,0.2417,Moderate (Compound Moisture/Vegetation Stress),Q2: Moderate-Low Relative Stress,3693
C_075_074,78.868534,13.10386,0.1996,0.1528,0.4293,0.0167,Low (Single Evidence Family),Q2: Moderate-Low Relative Stress,3694
C_095_043,78.590056,12.924197,0.1992,0.179,0.4155,0.0029,Low (Single Evidence Family),Q2: Moderate-Low Relative Stress,3695
C_058_168,79.719059,13.256573,0.199,0.0011,0.0097,0.5862,Low (Single Evidence Family),Q2: Moderate-Low Relative Stress,3696
C_078_097,79.075146,13.07691,0.199,0.1094,0.1406,0.3471,Low (Single Evidence Family),Q2: Moderate-Low Relative Stress,3697
C_059_095,79.05718,13.24759,0.199,0.2061,0.3266,0.0642,High (Multi-Source Convergence),Q2: Moderate-Low Relative Stress,3698
C_052_100,79.102096,13.310472,0.199,0.1798,0.2272,0.1899,Low (Single Evidence Family),Q2: Moderate-Low Relative Stress,3699
C_028_070,78.832601,13.526068,0.1989,0.3067,0.29,0.0,Moderate (Same-Sensor Spectral Agreement),Q2: Moderate-Low Relative Stress,3700
C_010_096,79.066163,13.687765,0.1988,0.0982,0.2171,0.281,Moderate (Compound Moisture/Vegetation Stress),Q2: Moderate-Low Relative Stress,3701
C_070_071,78.841584,13.148776,0.1987,0.1143,0.4229,0.0589,Low (Single Evidence Family),Q2: Moderate-Low Relative Stress,3702
C_041_134,79.407523,13.409287,0.1987,0.1046,0.2573,0.2341,Moderate (Compound Moisture/Vegetation Stress),Q2: Moderate-Low Relative Stress,3703
C_089_044,78.599039,12.978096,0.1987,0.2649,0.3262,0.0049,Moderate (Same-Sensor Spectral Agreement),Q2: Moderate-Low Relative Stress,3704
C_035_085,78.967348,13.463186,0.1986,0.3017,0.2931,0.001,Moderate (Same-Sensor Spectral Agreement),Q2: Moderate-Low Relative Stress,3705
C_063_042,78.581073,13.211658,0.1986,0.1894,0.2305,0.176,Low (Single Evidence Family),Q2: Moderate-Low Relative Stress,3706
C_069_081,78.931416,13.157759,0.1986,0.167,0.3019,0.1267,Low (Single Evidence Family),Q2: Moderate-Low Relative Stress,3707
C_098_035,78.518191,12.897247,0.1983,0.1522,0.269,0.1736,Low (Single Evidence Family),Q2: Moderate-Low Relative Stress,3708
C_009_091,79.021247,13.696748,0.1982,0.2269,0.2498,0.1179,High (Multi-Source Convergence),Q2: Moderate-Low Relative Stress,3709
C_069_046,78.617005,13.157759,0.1982,0.2068,0.2097,0.1781,High (Multi-Source Convergence),Q2: Moderate-Low Relative Stress,3710
C_049_152,79.575328,13.337422,0.1981,0.2144,0.2149,0.165,High (Multi-Source Convergence),Q2: Moderate-Low Relative Stress,3711
C_062_064,78.778702,13.220641,0.198,0.1668,0.2657,0.1614,Low (Single Evidence Family),Q2: Moderate-Low Relative Stress,3712
C_028_075,78.877517,13.526068,0.198,0.0651,0.1914,0.3376,Low (Single Evidence Family),Q2: Moderate-Low Relative Stress,3713
C_090_044,78.599039,12.969113,0.198,0.1618,0.4279,0.0043,Low (Single Evidence Family),Q2: Moderate-Low Relative Stress,3714
C_018_086,78.976331,13.6159,0.1979,0.1761,0.2159,0.2016,Moderate (Compound Moisture/Vegetation Stress),Q2: Moderate-Low Relative Stress,3715
C_035_054,78.688871,13.463186,0.1979,0.1929,0.3534,0.0475,Low (Single Evidence Family),Q2: Moderate-Low Relative Stress,3716
C_071_104,79.138028,13.139792,0.1978,0.0978,0.2284,0.2672,Moderate (Compound Moisture/Vegetation Stress),Q2: Moderate-Low Relative Stress,3717
C_082_108,79.173961,13.040978,0.1976,0.2228,0.2715,0.0986,High (Multi-Source Convergence),Q2: Moderate-Low Relative Stress,3718
C_039_079,78.913449,13.427253,0.1976,0.2838,0.3089,0.0,Moderate (Same-Sensor Spectral Agreement),Q2: Moderate-Low Relative Stress,3719
C_061_138,79.449564,13.229624,0.1976,0.1618,0.3494,0.0815,Low (Single Evidence Family),Q2: Moderate-Low Relative Stress,3720
C_098_015,78.338528,12.897247,0.1976,0.1753,0.1593,0.2581,Low (Single Evidence Family),Q2: Moderate-Low Relative Stress,3721
C_119_005,78.248696,12.708601,0.1975,0.2065,0.3482,0.0379,High (Multi-Source Convergence),Q2: Moderate-Low Relative Stress,3722
C_077_054,78.688871,13.085893,0.1975,0.1533,0.2764,0.1628,Low (Single Evidence Family),Q2: Moderate-Low Relative Stress,3723
C_125_019,78.37446,12.654702,0.1973,0.2947,0.0932,0.204,Moderate (Compound Urban/Water Signal),Q2: Moderate-Low Relative Stress,3724
C_047_156,79.611261,13.355388,0.1973,0.1163,0.1363,0.3393,Low (Single Evidence Family),Q2: Moderate-Low Relative Stress,3725
C_047_095,79.05718,13.355388,0.1972,0.1647,0.197,0.2299,Low (Single Evidence Family),Q2: Moderate-Low Relative Stress,3726
C_043_082,78.940399,13.391321,0.1972,0.2788,0.2789,0.0341,Moderate (Same-Sensor Spectral Agreement),Q2: Moderate-Low Relative Stress,3727
C_056_111,79.20091,13.27454,0.1972,0.1143,0.1986,0.2787,Low (Single Evidence Family),Q2: Moderate-Low Relative Stress,3728
C_067_104,79.138028,13.175725,0.1972,0.1735,0.3211,0.0969,Low (Single Evidence Family),Q2: Moderate-Low Relative Stress,3729
C_050_108,79.173961,13.328439,0.1971,0.1136,0.2066,0.2712,Moderate (Compound Moisture/Vegetation Stress),Q2: Moderate-Low Relative Stress,3730
C_043_104,79.138028,13.391321,0.1971,0.1463,0.1636,0.2813,Low (Single Evidence Family),Q2: Moderate-Low Relative Stress,3731
C_054_105,79.147011,13.292506,0.1969,0.0548,0.361,0.1749,Low (Single Evidence Family),Q2: Moderate-Low Relative Stress,3732
C_120_023,78.410393,12.699618,0.1968,0.145,0.1383,0.3072,Low (Single Evidence Family),Q2: Moderate-Low Relative Stress,3733
C_035_079,78.913449,13.463186,0.1967,0.1298,0.2883,0.1719,Low (Single Evidence Family),Q2: Moderate-Low Relative Stress,3734
C_051_088,78.994298,13.319455,0.1967,0.0559,0.0986,0.4355,Low (Single Evidence Family),Q2: Moderate-Low Relative Stress,3735
C_035_123,79.308708,13.463186,0.1966,0.1526,0.1786,0.2587,Low (Single Evidence Family),Q2: Moderate-Low Relative Stress,3736
C_073_082,78.940399,13.121826,0.1966,0.1224,0.1834,0.2839,Low (Single Evidence Family),Q2: Moderate-Low Relative Stress,3737
C_064_128,79.353624,13.202674,0.1965,0.2504,0.2266,0.1123,Moderate (Same-Sensor Spectral Agreement),Q2: Moderate-Low Relative Stress,3738
C_110_025,78.428359,12.789449,0.1965,0.2069,0.2729,0.1097,High (Multi-Source Convergence),Q2: Moderate-Low Relative Stress,3739
C_112_026,78.437342,12.771483,0.1965,0.2824,0.24,0.0671,High (Multi-Source Convergence),Q2: Moderate-Low Relative Stress,3740
C_053_072,78.850567,13.301489,0.1964,0.178,0.2103,0.2007,Moderate (Compound Moisture/Vegetation Stress),Q2: Moderate-Low Relative Stress,3741
C_089_038,78.54514,12.978096,0.1964,0.3058,0.2124,0.0711,High (Multi-Source Convergence),Q2: Moderate-Low Relative Stress,3742
C_027_100,79.102096,13.535051,0.1964,0.1101,0.1723,0.3068,Low (Single Evidence Family),Q2: Moderate-Low Relative Stress,3743
C_048_114,79.22786,13.346405,0.1964,0.1331,0.1943,0.2617,Low (Single Evidence Family),Q2: Moderate-Low Relative Stress,3744
C_017_088,78.994298,13.624883,0.1963,0.1147,0.2202,0.2541,Moderate (Compound Moisture/Vegetation Stress),Q2: Moderate-Low Relative Stress,3745
C_071_107,79.164978,13.139792,0.1962,0.1635,0.2593,0.1657,Low (Single Evidence Family),Q2: Moderate-Low Relative Stress,3746
C_068_120,79.281759,13.166742,0.1962,0.1638,0.2033,0.2214,Moderate (Compound Moisture/Vegetation Stress),Q2: Moderate-Low Relative Stress,3747
C_066_080,78.922433,13.184708,0.1962,0.1591,0.2573,0.1723,Low (Single Evidence Family),Q2: Moderate-Low Relative Stress,3748
C_055_068,78.814635,13.283523,0.1962,0.2505,0.3371,0.001,Moderate (Same-Sensor Spectral Agreement),Q2: Moderate-Low Relative Stress,3749
C_127_020,78.383443,12.636736,0.1962,0.1917,0.0922,0.3046,Low (Single Evidence Family),Q2: Moderate-Low Relative Stress,3750
C_022_063,78.769719,13.579967,0.1961,0.1324,0.2119,0.244,Moderate (Compound Moisture/Vegetation Stress),Q2: Moderate-Low Relative Stress,3751
C_052_056,78.706837,13.310472,0.196,0.2266,0.327,0.0344,High (Multi-Source Convergence),Q2: Moderate-Low Relative Stress,3752
C_029_041,78.57209,13.517085,0.196,0.1153,0.376,0.0966,Low (Single Evidence Family),Q2: Moderate-Low Relative Stress,3753
C_057_082,78.940399,13.265557,0.196,0.1282,0.1815,0.2784,Low (Single Evidence Family),Q2: Moderate-Low Relative Stress,3754
C_070_087,78.985315,13.148776,0.1959,0.0739,0.0908,0.4231,Low (Single Evidence Family),Q2: Moderate-Low Relative Stress,3755
C_068_097,79.075146,13.166742,0.1959,0.1535,0.255,0.1791,Low (Single Evidence Family),Q2: Moderate-Low Relative Stress,3756
C_041_076,78.8865,13.409287,0.1959,0.1895,0.3972,0.001,Low (Single Evidence Family),Q2: Moderate-Low Relative Stress,3757
C_056_105,79.147011,13.27454,0.1959,0.0954,0.2311,0.2613,Moderate (Compound Moisture/Vegetation Stress),Q2: Moderate-Low Relative Stress,3758
C_069_047,78.625988,13.157759,0.1958,0.1933,0.1879,0.2063,Low (Single Evidence Family),Q2: Moderate-Low Relative Stress,3759
C_078_058,78.724803,13.07691,0.1958,0.1481,0.2852,0.1539,Low (Single Evidence Family),Q2: Moderate-Low Relative Stress,3760
C_127_029,78.464292,12.636736,0.1957,0.289,0.0838,0.2142,Moderate (Compound Urban/Water Signal),Q2: Moderate-Low Relative Stress,3761
C_047_123,79.308708,13.355388,0.1957,0.111,0.2387,0.2374,Moderate (Compound Moisture/Vegetation Stress),Q2: Moderate-Low Relative Stress,3762
C_040_139,79.458547,13.41827,0.1956,0.1758,0.1521,0.259,Low (Single Evidence Family),Q2: Moderate-Low Relative Stress,3763
C_033_084,78.958365,13.481152,0.1955,0.2579,0.3283,0.0003,Moderate (Same-Sensor Spectral Agreement),Q2: Moderate-Low Relative Stress,3764
C_047_106,79.155994,13.355388,0.1955,0.1629,0.2138,0.2099,Moderate (Compound Moisture/Vegetation Stress),Q2: Moderate-Low Relative Stress,3765
C_058_133,79.39854,13.256573,0.1954,0.1096,0.2418,0.2348,Moderate (Compound Moisture/Vegetation Stress),Q2: Moderate-Low Relative Stress,3766
C_063_069,78.823618,13.211658,0.1954,0.1554,0.4155,0.0154,Low (Single Evidence Family),Q2: Moderate-Low Relative Stress,3767
C_050_119,79.272775,13.328439,0.1954,0.1148,0.261,0.2106,Moderate (Compound Moisture/Vegetation Stress),Q2: Moderate-Low Relative Stress,3768
C_076_088,78.994298,13.094877,0.1953,0.1282,0.1441,0.3137,Low (Single Evidence Family),Q2: Moderate-Low Relative Stress,3769
C_046_080,78.922433,13.364371,0.1953,0.2438,0.342,0.0,Moderate (Same-Sensor Spectral Agreement),Q2: Moderate-Low Relative Stress,3770
C_059_053,78.679887,13.24759,0.1952,0.1599,0.3301,0.0956,Low (Single Evidence Family),Q2: Moderate-Low Relative Stress,3771
C_045_115,79.236843,13.373354,0.1952,0.1143,0.2774,0.1939,Low (Single Evidence Family),Q2: Moderate-Low Relative Stress,3772
C_048_118,79.263792,13.346405,0.1952,0.0504,0.1885,0.3468,Low (Single Evidence Family),Q2: Moderate-Low Relative Stress,3773
C_015_074,78.868534,13.642849,0.1951,0.1285,0.2466,0.2102,Moderate (Compound Moisture/Vegetation Stress),Q2: Moderate-Low Relative Stress,3774
C_118_021,78.392426,12.717584,0.195,0.2472,0.1706,0.1673,Low (Single Evidence Family),Q2: Moderate-Low Relative Stress,3775
C_116_020,78.383443,12.735551,0.195,0.0939,0.0813,0.4097,Low (Single Evidence Family),Q2: Moderate-Low Relative Stress,3776
C_041_064,78.778702,13.409287,0.1949,0.2237,0.3569,0.0043,Moderate (Same-Sensor Spectral Agreement),Q2: Moderate-Low Relative Stress,3777
C_058_109,79.182944,13.256573,0.1949,0.083,0.2787,0.223,Moderate (Compound Moisture/Vegetation Stress),Q2: Moderate-Low Relative Stress,3778
C_044_057,78.71582,13.382338,0.1949,0.122,0.3974,0.0652,Low (Single Evidence Family),Q2: Moderate-Low Relative Stress,3779
C_005_096,79.066163,13.73268,0.1949,0.0984,0.3711,0.1153,Low (Single Evidence Family),Q2: Moderate-Low Relative Stress,3780
C_071_114,79.22786,13.139792,0.1948,0.1614,0.3869,0.0361,Low (Single Evidence Family),Q2: Moderate-Low Relative Stress,3781
C_019_089,79.003281,13.606916,0.1947,0.1328,0.2328,0.2184,Moderate (Compound Moisture/Vegetation Stress),Q2: Moderate-Low Relative Stress,3782
C_072_066,78.796668,13.130809,0.1946,0.1634,0.4205,0.0,Low (Single Evidence Family),Q2: Moderate-Low Relative Stress,3783
C_056_117,79.254809,13.27454,0.1946,0.0917,0.2013,0.2908,Moderate (Compound Moisture/Vegetation Stress),Q2: Moderate-Low Relative Stress,3784
C_020_096,79.066163,13.597933,0.1945,0.1172,0.2394,0.2269,Moderate (Compound Moisture/Vegetation Stress),Q2: Moderate-Low Relative Stress,3785
C_034_036,78.527174,13.472169,0.1945,0.2523,0.3013,0.0298,High (Multi-Source Convergence),Q2: Moderate-Low Relative Stress,3786
C_019_068,78.814635,13.606916,0.1943,0.1169,0.1558,0.3101,Low (Single Evidence Family),Q2: Moderate-Low Relative Stress,3787
C_045_081,78.931416,13.373354,0.1943,0.3215,0.2595,0.002,Moderate (Same-Sensor Spectral Agreement),Q2: Moderate-Low Relative Stress,3788
C_067_086,78.976331,13.175725,0.1941,0.1282,0.4013,0.0527,Low (Single Evidence Family),Q2: Moderate-Low Relative Stress,3789
C_103_039,78.554123,12.852332,0.1941,0.0911,0.1099,0.3812,Low (Single Evidence Family),Q2: Moderate-Low Relative Stress,3790
C_060_112,79.209893,13.238607,0.1941,0.1512,0.2214,0.2096,Moderate (Compound Moisture/Vegetation Stress),Q2: Moderate-Low Relative Stress,3791
C_029_043,78.590056,13.517085,0.194,0.1552,0.154,0.2727,Low (Single Evidence Family),Q2: Moderate-Low Relative Stress,3792
C_019_070,78.832601,13.606916,0.1939,0.1098,0.2834,0.1886,Low (Single Evidence Family),Q2: Moderate-Low Relative Stress,3793
C_078_053,78.679887,13.07691,0.1939,0.1311,0.2659,0.1847,Low (Single Evidence Family),Q2: Moderate-Low Relative Stress,3794
C_113_034,78.509207,12.7625,0.1939,0.2213,0.247,0.1133,High (Multi-Source Convergence),Q2: Moderate-Low Relative Stress,3795
C_113_040,78.563106,12.7625,0.1938,0.2374,0.087,0.2571,Moderate (Compound Urban/Water Signal),Q2: Moderate-Low Relative Stress,3796
C_038_053,78.679887,13.436236,0.1938,0.1767,0.2918,0.113,Low (Single Evidence Family),Q2: Moderate-Low Relative Stress,3797
C_113_011,78.302595,12.7625,0.1938,0.1854,0.2964,0.0996,Low (Single Evidence Family),Q2: Moderate-Low Relative Stress,3798
C_030_064,78.778702,13.508102,0.1938,0.1032,0.3227,0.1556,Low (Single Evidence Family),Q2: Moderate-Low Relative Stress,3799
C_097_046,78.617005,12.90623,0.1937,0.1172,0.4622,0.0016,Low (Single Evidence Family),Q2: Moderate-Low Relative Stress,3800
C_036_087,78.985315,13.454203,0.1937,0.2253,0.3239,0.0318,Moderate (Same-Sensor Spectral Agreement),Q2: Moderate-Low Relative Stress,3801
C_040_051,78.661921,13.41827,0.1937,0.1533,0.3394,0.0884,Low (Single Evidence Family),Q2: Moderate-Low Relative Stress,3802
C_049_106,79.155994,13.337422,0.1936,0.1755,0.2795,0.1258,Low (Single Evidence Family),Q2: Moderate-Low Relative Stress,3803
C_021_101,79.111079,13.58895,0.1936,0.1221,0.22,0.2387,Moderate (Compound Moisture/Vegetation Stress),Q2: Moderate-Low Relative Stress,3804
C_041_068,78.814635,13.409287,0.1935,0.155,0.3818,0.0439,Low (Single Evidence Family),Q2: Moderate-Low Relative Stress,3805
C_028_077,78.895483,13.526068,0.1933,0.0726,0.1593,0.3481,Low (Single Evidence Family),Q2: Moderate-Low Relative Stress,3806
C_035_077,78.895483,13.463186,0.1933,0.1787,0.2394,0.1618,Low (Single Evidence Family),Q2: Moderate-Low Relative Stress,3807
C_116_029,78.464292,12.735551,0.1933,0.2255,0.2645,0.0901,High (Multi-Source Convergence),Q2: Moderate-Low Relative Stress,3808
C_119_011,78.302595,12.708601,0.1933,0.2452,0.1241,0.2106,Moderate (Compound Urban/Water Signal),Q2: Moderate-Low Relative Stress,3809
C_104_006,78.257679,12.843348,0.1932,0.1915,0.2632,0.1248,Low (Single Evidence Family),Q2: Moderate-Low Relative Stress,3810
C_098_037,78.536157,12.897247,0.1932,0.1488,0.3153,0.1156,Low (Single Evidence Family),Q2: Moderate-Low Relative Stress,3811
C_067_087,78.985315,13.175725,0.1931,0.1596,0.3548,0.0648,Low (Single Evidence Family),Q2: Moderate-Low Relative Stress,3812
C_026_084,78.958365,13.544034,0.1931,0.0734,0.2307,0.2751,Moderate (Compound Moisture/Vegetation Stress),Q2: Moderate-Low Relative Stress,3813
C_046_108,79.173961,13.364371,0.1931,0.1385,0.2605,0.1801,Low (Single Evidence Family),Q2: Moderate-Low Relative Stress,3814
C_097_039,78.554123,12.90623,0.1929,0.1017,0.2747,0.2024,Moderate (Compound Moisture/Vegetation Stress),Q2: Moderate-Low Relative Stress,3815
C_084_035,78.518191,13.023011,0.1929,0.2316,0.1813,0.1657,Low (Single Evidence Family),Q2: Moderate-Low Relative Stress,3816
C_115_021,78.392426,12.744534,0.1928,0.1158,0.1729,0.2898,Low (Single Evidence Family),Q2: Moderate-Low Relative Stress,3817
C_057_064,78.778702,13.265557,0.1927,0.1744,0.3916,0.0121,Low (Single Evidence Family),Q2: Moderate-Low Relative Stress,3818
C_043_141,79.476513,13.391321,0.1926,0.1958,0.2307,0.1512,Low (Single Evidence Family),Q2: Moderate-Low Relative Stress,3819
C_126_024,78.419376,12.645719,0.1925,0.1483,0.1379,0.2915,Low (Single Evidence Family),Q2: Moderate-Low Relative Stress,3820
C_067_084,78.958365,13.175725,0.1925,0.1173,0.3632,0.0969,Low (Single Evidence Family),Q2: Moderate-Low Relative Stress,3821
C_085_034,78.509207,13.014028,0.1925,0.1251,0.3338,0.1185,Low (Single Evidence Family),Q2: Moderate-Low Relative Stress,3822
C_050_040,78.563106,13.328439,0.1924,0.2057,0.3048,0.0668,High (Multi-Source Convergence),Q2: Moderate-Low Relative Stress,3823
C_053_061,78.751753,13.301489,0.1924,0.2134,0.363,0.0007,Moderate (Same-Sensor Spectral Agreement),Q2: Moderate-Low Relative Stress,3824
C_074_077,78.895483,13.112843,0.1924,0.1848,0.3925,0.0,Low (Single Evidence Family),Q2: Moderate-Low Relative Stress,3825
C_043_076,78.8865,13.391321,0.1924,0.2735,0.3038,0.0,Moderate (Same-Sensor Spectral Agreement),Q2: Moderate-Low Relative Stress,3826
C_021_082,78.940399,13.58895,0.1924,0.0507,0.112,0.4143,Low (Single Evidence Family),Q2: Moderate-Low Relative Stress,3827
C_058_075,78.877517,13.256573,0.1923,0.1289,0.1572,0.2908,Low (Single Evidence Family),Q2: Moderate-Low Relative Stress,3828
C_059_083,78.949382,13.24759,0.1922,0.2113,0.2093,0.1559,High (Multi-Source Convergence),Q2: Moderate-Low Relative Stress,3829
C_034_086,78.976331,13.472169,0.1922,0.3056,0.271,0.0,Moderate (Same-Sensor Spectral Agreement),Q2: Moderate-Low Relative Stress,3830
C_048_051,78.661921,13.346405,0.1921,0.1903,0.2309,0.1549,Low (Single Evidence Family),Q2: Moderate-Low Relative Stress,3831
C_052_121,79.290742,13.310472,0.1921,0.1396,0.0819,0.3547,Low (Single Evidence Family),Q2: Moderate-Low Relative Stress,3832
C_056_129,79.362607,13.27454,0.1919,0.1701,0.1087,0.297,Low (Single Evidence Family),Q2: Moderate-Low Relative Stress,3833
C_106_012,78.311578,12.825382,0.1919,0.247,0.1955,0.1333,Low (Single Evidence Family),Q2: Moderate-Low Relative Stress,3834
C_050_098,79.084129,13.328439,0.1917,0.0472,0.4198,0.1081,Low (Single Evidence Family),Q2: Moderate-Low Relative Stress,3835
C_111_036,78.527174,12.780466,0.1916,0.1982,0.1447,0.2319,Low (Single Evidence Family),Q2: Moderate-Low Relative Stress,3836
C_043_125,79.326674,13.391321,0.1916,0.1433,0.3178,0.1136,Low (Single Evidence Family),Q2: Moderate-Low Relative Stress,3837
C_044_079,78.913449,13.382338,0.1916,0.2749,0.2999,0.0,Moderate (Same-Sensor Spectral Agreement),Q2: Moderate-Low Relative Stress,3838
C_063_048,78.634972,13.211658,0.1915,0.123,0.2336,0.2178,Moderate (Compound Moisture/Vegetation Stress),Q2: Moderate-Low Relative Stress,3839
C_099_033,78.500224,12.888264,0.1914,0.1102,0.2449,0.2191,Moderate (Compound Moisture/Vegetation Stress),Q2: Moderate-Low Relative Stress,3840
C_047_121,79.290742,13.355388,0.1913,0.1886,0.3225,0.0629,Low (Single Evidence Family),Q2: Moderate-Low Relative Stress,3841
C_041_041,78.57209,13.409287,0.1913,0.1208,0.3575,0.0956,Low (Single Evidence Family),Q2: Moderate-Low Relative Stress,3842
C_052_046,78.617005,13.310472,0.1912,0.1912,0.3342,0.0481,Low (Single Evidence Family),Q2: Moderate-Low Relative Stress,3843
C_063_099,79.093112,13.211658,0.1912,0.1694,0.3379,0.0662,Low (Single Evidence Family),Q2: Moderate-Low Relative Stress,3844
C_049_086,78.976331,13.337422,0.1911,0.2133,0.36,0.0,Moderate (Same-Sensor Spectral Agreement),Q2: Moderate-Low Relative Stress,3845
C_046_079,78.913449,13.364371,0.1911,0.1991,0.3742,0.0,Low (Single Evidence Family),Q2: Moderate-Low Relative Stress,3846
C_114_012,78.311578,12.753517,0.191,0.1317,0.2521,0.1893,Low (Single Evidence Family),Q2: Moderate-Low Relative Stress,3847
C_042_134,79.407523,13.400304,0.191,0.1035,0.2501,0.2194,Moderate (Compound Moisture/Vegetation Stress),Q2: Moderate-Low Relative Stress,3848
C_057_049,78.643955,13.265557,0.1909,0.0843,0.2054,0.2829,Moderate (Compound Moisture/Vegetation Stress),Q2: Moderate-Low Relative Stress,3849
C_110_035,78.518191,12.789449,0.1909,0.2134,0.127,0.2322,Moderate (Compound Urban/Water Signal),Q2: Moderate-Low Relative Stress,3850
C_047_101,79.111079,13.355388,0.1909,0.2428,0.1933,0.1366,Low (Single Evidence Family),Q2: Moderate-Low Relative Stress,3851
C_027_074,78.868534,13.535051,0.1908,0.0701,0.3585,0.1438,Low (Single Evidence Family),Q2: Moderate-Low Relative Stress,3852
C_108_027,78.446325,12.807416,0.1907,0.1308,0.2626,0.1788,Low (Single Evidence Family),Q2: Moderate-Low Relative Stress,3853
C_081_031,78.482258,13.049961,0.1907,0.1628,0.1513,0.2581,Low (Single Evidence Family),Q2: Moderate-Low Relative Stress,3854
C_073_113,79.218877,13.121826,0.1907,0.0879,0.3641,0.1202,Low (Single Evidence Family),Q2: Moderate-Low Relative Stress,3855
C_053_118,79.263792,13.301489,0.1907,0.0721,0.1762,0.3239,Low (Single Evidence Family),Q2: Moderate-Low Relative Stress,3856
C_041_116,79.245826,13.409287,0.1907,0.1614,0.2408,0.17,Low (Single Evidence Family),Q2: Moderate-Low Relative Stress,3857
C_052_082,78.940399,13.310472,0.1906,0.1651,0.1437,0.263,Low (Single Evidence Family),Q2: Moderate-Low Relative Stress,3858
C_076_040,78.563106,13.094877,0.1906,0.213,0.2105,0.1483,High (Multi-Source Convergence),Q2: Moderate-Low Relative Stress,3859
C_062_085,78.967348,13.220641,0.1905,0.1466,0.17,0.2548,Low (Single Evidence Family),Q2: Moderate-Low Relative Stress,3860
C_060_082,78.940399,13.238607,0.1904,0.1719,0.2124,0.187,Low (Single Evidence Family),Q2: Moderate-Low Relative Stress,3861
C_051_123,79.308708,13.319455,0.1903,0.1405,0.1768,0.2535,Low (Single Evidence Family),Q2: Moderate-Low Relative Stress,3862
C_079_101,79.111079,13.067927,0.1902,0.0901,0.2282,0.2522,Moderate (Compound Moisture/Vegetation Stress),Q2: Moderate-Low Relative Stress,3863
C_092_047,78.625988,12.951146,0.1901,0.1589,0.4063,0.0052,Low (Single Evidence Family),Q2: Moderate-Low Relative Stress,3864
C_075_095,79.05718,13.10386,0.1901,0.1385,0.1432,0.2885,Low (Single Evidence Family),Q2: Moderate-Low Relative Stress,3865
C_037_048,78.634972,13.44522,0.1901,0.1079,0.3799,0.0825,Low (Single Evidence Family),Q2: Moderate-Low Relative Stress,3866
C_076_064,78.778702,13.094877,0.1901,0.177,0.3933,0.0,Low (Single Evidence Family),Q2: Moderate-Low Relative Stress,3867
C_044_115,79.236843,13.382338,0.19,0.1201,0.2155,0.2345,Moderate (Compound Moisture/Vegetation Stress),Q2: Moderate-Low Relative Stress,3868
C_030_073,78.85955,13.508102,0.19,0.1161,0.2976,0.1562,Low (Single Evidence Family),Q2: Moderate-Low Relative Stress,3869
C_024_080,78.922433,13.562001,0.1899,0.0521,0.1817,0.336,Low (Single Evidence Family),Q2: Moderate-Low Relative Stress,3870
C_061_094,79.048197,13.229624,0.1899,0.1844,0.2291,0.1562,Low (Single Evidence Family),Q2: Moderate-Low Relative Stress,3871
C_066_110,79.191927,13.184708,0.1898,0.1706,0.2249,0.1739,Low (Single Evidence Family),Q2: Moderate-Low Relative Stress,3872
C_054_110,79.191927,13.292506,0.1898,0.1152,0.1251,0.3291,Low (Single Evidence Family),Q2: Moderate-Low Relative Stress,3873
C_037_066,78.796668,13.44522,0.1898,0.1995,0.3698,0.0,Low (Single Evidence Family),Q2: Moderate-Low Relative Stress,3874
C_059_077,78.895483,13.24759,0.1895,0.1222,0.149,0.2974,Low (Single Evidence Family),Q2: Moderate-Low Relative Stress,3875
C_073_037,78.536157,13.121826,0.1895,0.1851,0.1008,0.2826,Low (Single Evidence Family),Q2: Moderate-Low Relative Stress,3876
C_044_118,79.263792,13.382338,0.1893,0.0871,0.2834,0.1975,Low (Single Evidence Family),Q2: Moderate-Low Relative Stress,3877
C_110_037,78.536157,12.789449,0.1893,0.1945,0.2258,0.1477,Low (Single Evidence Family),Q2: Moderate-Low Relative Stress,3878
C_057_063,78.769719,13.265557,0.1892,0.149,0.3659,0.0527,Low (Single Evidence Family),Q2: Moderate-Low Relative Stress,3879
C_036_128,79.353624,13.454203,0.189,0.0896,0.2468,0.2305,Moderate (Compound Moisture/Vegetation Stress),Q2: Moderate-Low Relative Stress,3880
C_021_092,79.03023,13.58895,0.189,0.1286,0.176,0.2623,Low (Single Evidence Family),Q2: Moderate-Low Relative Stress,3881
C_083_032,78.491241,13.031995,0.189,0.1436,0.1867,0.2368,Low (Single Evidence Family),Q2: Moderate-Low Relative Stress,3882
C_068_047,78.625988,13.166742,0.1889,0.1439,0.3027,0.1202,Low (Single Evidence Family),Q2: Moderate-Low Relative Stress,3883
C_049_047,78.625988,13.337422,0.1889,0.1695,0.3519,0.0452,Low (Single Evidence Family),Q2: Moderate-Low Relative Stress,3884
C_075_087,78.985315,13.10386,0.1888,0.1619,0.1998,0.2047,Low (Single Evidence Family),Q2: Moderate-Low Relative Stress,3885
C_006_097,79.075146,13.723697,0.1888,0.2359,0.2083,0.1221,High (Multi-Source Convergence),Q2: Moderate-Low Relative Stress,3886
C_059_080,78.922433,13.24759,0.1887,0.1544,0.2252,0.1867,Low (Single Evidence Family),Q2: Moderate-Low Relative Stress,3887
C_039_072,78.850567,13.427253,0.1887,0.2861,0.2404,0.0396,Moderate (Same-Sensor Spectral Agreement),Q2: Moderate-Low Relative Stress,3888
C_110_041,78.57209,12.789449,0.1886,0.0991,0.0654,0.4012,Low (Single Evidence Family),Q2: Moderate-Low Relative Stress,3889
C_048_128,79.353624,13.346405,0.1886,0.128,0.2087,0.2292,Moderate (Compound Moisture/Vegetation Stress),Q2: Moderate-Low Relative Stress,3890
C_100_036,78.527174,12.879281,0.1886,0.0914,0.2533,0.221,Moderate (Compound Moisture/Vegetation Stress),Q2: Moderate-Low Relative Stress,3891
C_098_026,78.437342,12.897247,0.1886,0.1542,0.176,0.2358,Low (Single Evidence Family),Q2: Moderate-Low Relative Stress,3892
C_020_098,79.084129,13.597933,0.1886,0.1733,0.1891,0.2034,Low (Single Evidence Family),Q2: Moderate-Low Relative Stress,3893
C_103_038,78.54514,12.852332,0.1885,0.1817,0.1315,0.2522,Low (Single Evidence Family),Q2: Moderate-Low Relative Stress,3894
C_082_104,79.138028,13.040978,0.1884,0.2641,0.2383,0.0629,High (Multi-Source Convergence),Q2: Moderate-Low Relative Stress,3895
C_042_139,79.458547,13.400304,0.1881,0.1307,0.1943,0.2394,Low (Single Evidence Family),Q2: Moderate-Low Relative Stress,3896
C_057_047,78.625988,13.265557,0.1881,0.1017,0.2817,0.1808,Low (Single Evidence Family),Q2: Moderate-Low Relative Stress,3897
C_066_068,78.814635,13.184708,0.1879,0.1458,0.3641,0.0537,Low (Single Evidence Family),Q2: Moderate-Low Relative Stress,3898
C_035_130,79.37159,13.463186,0.1879,0.1015,0.2692,0.1929,Low (Single Evidence Family),Q2: Moderate-Low Relative Stress,3899
C_119_008,78.275646,12.708601,0.1878,0.2251,0.3376,0.0007,Moderate (Same-Sensor Spectral Agreement),Q2: Moderate-Low Relative Stress,3900
C_046_049,78.643955,13.364371,0.1878,0.1513,0.3385,0.0737,Low (Single Evidence Family),Q2: Moderate-Low Relative Stress,3901
C_043_124,79.317691,13.391321,0.1877,0.0971,0.1863,0.2797,Low (Single Evidence Family),Q2: Moderate-Low Relative Stress,3902
C_054_119,79.272775,13.292506,0.1877,0.0843,0.1933,0.2856,Low (Single Evidence Family),Q2: Moderate-Low Relative Stress,3903
C_072_113,79.218877,13.130809,0.1877,0.14,0.3904,0.0327,Low (Single Evidence Family),Q2: Moderate-Low Relative Stress,3904
C_075_111,79.20091,13.10386,0.1877,0.0222,0.2346,0.3062,Moderate (Compound Moisture/Vegetation Stress),Q2: Moderate-Low Relative Stress,3905
C_048_122,79.299725,13.346405,0.1877,0.1545,0.2554,0.1533,Low (Single Evidence Family),Q2: Moderate-Low Relative Stress,3906
C_100_017,78.356494,12.879281,0.1876,0.0963,0.285,0.1814,Low (Single Evidence Family),Q2: Moderate-Low Relative Stress,3907
C_042_116,79.245826,13.400304,0.1876,0.138,0.2254,0.1994,Low (Single Evidence Family),Q2: Moderate-Low Relative Stress,3908
C_104_014,78.329544,12.843348,0.1876,0.1429,0.1809,0.2391,Low (Single Evidence Family),Q2: Moderate-Low Relative Stress,3909
C_059_055,78.697854,13.24759,0.1874,0.185,0.3202,0.057,Low (Single Evidence Family),Q2: Moderate-Low Relative Stress,3910
C_040_094,79.048197,13.41827,0.1873,0.1086,0.2554,0.1978,Low (Single Evidence Family),Q2: Moderate-Low Relative Stress,3911
C_019_090,79.012264,13.606916,0.1872,0.0801,0.3073,0.1742,Low (Single Evidence Family),Q2: Moderate-Low Relative Stress,3912
C_039_044,78.599039,13.427253,0.1871,0.1854,0.2282,0.1477,Low (Single Evidence Family),Q2: Moderate-Low Relative Stress,3913
C_072_080,78.922433,13.130809,0.1871,0.2139,0.2274,0.1199,High (Multi-Source Convergence),Q2: Moderate-Low Relative Stress,3914
C_077_071,78.841584,13.085893,0.1871,0.172,0.2624,0.1267,Low (Single Evidence Family),Q2: Moderate-Low Relative Stress,3915
C_047_051,78.661921,13.355388,0.187,0.1869,0.3361,0.038,Low (Single Evidence Family),Q2: Moderate-Low Relative Stress,3916
C_098_021,78.392426,12.897247,0.1868,0.0648,0.1412,0.3543,Low (Single Evidence Family),Q2: Moderate-Low Relative Stress,3917
C_103_006,78.257679,12.852332,0.1867,0.1588,0.2025,0.1988,Low (Single Evidence Family),Q2: Moderate-Low Relative Stress,3918
C_040_073,78.85955,13.41827,0.1867,0.3261,0.2338,0.0003,Moderate (Same-Sensor Spectral Agreement),Q2: Moderate-Low Relative Stress,3919
C_043_070,78.832601,13.391321,0.1867,0.1504,0.2571,0.1526,Low (Single Evidence Family),Q2: Moderate-Low Relative Stress,3920
C_077_105,79.147011,13.085893,0.1866,0.1974,0.3556,0.0069,Low (Single Evidence Family),Q2: Moderate-Low Relative Stress,3921
C_055_130,79.37159,13.283523,0.1865,0.2237,0.2015,0.1343,High (Multi-Source Convergence),Q2: Moderate-Low Relative Stress,3922
C_095_030,78.473275,12.924197,0.1865,0.1554,0.3124,0.0917,Low (Single Evidence Family),Q2: Moderate-Low Relative Stress,3923
C_047_100,79.102096,13.355388,0.1864,0.1382,0.1264,0.2947,Low (Single Evidence Family),Q2: Moderate-Low Relative Stress,3924
C_047_117,79.254809,13.355388,0.1864,0.1779,0.3038,0.0776,Low (Single Evidence Family),Q2: Moderate-Low Relative Stress,3925
C_072_038,78.54514,13.130809,0.1863,0.198,0.1721,0.189,Baseline / Low,Q2: Moderate-Low Relative Stress,3926
C_067_054,78.688871,13.175725,0.1862,0.2061,0.27,0.0825,High (Multi-Source Convergence),Q2: Moderate-Low Relative Stress,3927
C_058_097,79.075146,13.256573,0.1861,0.2518,0.2787,0.0278,High (Multi-Source Convergence),Q2: Moderate-Low Relative Stress,3928
C_051_079,78.913449,13.319455,0.1859,0.079,0.0539,0.4247,Low (Single Evidence Family),Q2: Moderate-Low Relative Stress,3929
C_065_064,78.778702,13.193691,0.1859,0.2156,0.3412,0.001,Moderate (Same-Sensor Spectral Agreement),Q2: Moderate-Low Relative Stress,3930
C_047_115,79.236843,13.355388,0.1859,0.1571,0.2978,0.1028,Low (Single Evidence Family),Q2: Moderate-Low Relative Stress,3931
C_037_092,79.03023,13.44522,0.1858,0.1512,0.2254,0.1808,Low (Single Evidence Family),Q2: Moderate-Low Relative Stress,3932
C_031_070,78.832601,13.499119,0.1857,0.1203,0.346,0.0907,Low (Single Evidence Family),Q2: Moderate-Low Relative Stress,3933
C_045_074,78.868534,13.373354,0.1857,0.2476,0.2986,0.0108,Moderate (Same-Sensor Spectral Agreement),Q2: Moderate-Low Relative Stress,3934
C_016_092,79.03023,13.633866,0.1857,0.0838,0.2369,0.2364,Moderate (Compound Moisture/Vegetation Stress),Q2: Moderate-Low Relative Stress,3935
C_110_007,78.266662,12.789449,0.1856,0.1874,0.2645,0.1051,Low (Single Evidence Family),Q2: Moderate-Low Relative Stress,3936
C_044_132,79.389556,13.382338,0.1856,0.0811,0.1698,0.3059,Low (Single Evidence Family),Q2: Moderate-Low Relative Stress,3937
C_042_090,79.012264,13.400304,0.1855,0.0938,0.1898,0.2731,Low (Single Evidence Family),Q2: Moderate-Low Relative Stress,3938
C_026_081,78.931416,13.544034,0.1854,0.1052,0.1883,0.2626,Low (Single Evidence Family),Q2: Moderate-Low Relative Stress,3939
C_052_091,79.021247,13.310472,0.1854,0.1456,0.2332,0.1775,Low (Single Evidence Family),Q2: Moderate-Low Relative Stress,3940
C_038_079,78.913449,13.436236,0.1852,0.2239,0.3316,0.0,Moderate (Same-Sensor Spectral Agreement),Q2: Moderate-Low Relative Stress,3941
C_063_121,79.290742,13.211658,0.1851,0.1511,0.3525,0.0517,Low (Single Evidence Family),Q2: Moderate-Low Relative Stress,3942
C_055_124,79.317691,13.283523,0.1851,0.3073,0.1683,0.0796,Low (Single Evidence Family),Q2: Moderate-Low Relative Stress,3943
C_032_070,78.832601,13.490135,0.1849,0.1234,0.271,0.1601,Low (Single Evidence Family),Q2: Moderate-Low Relative Stress,3944
C_111_024,78.419376,12.780466,0.1849,0.1212,0.2651,0.1683,Low (Single Evidence Family),Q2: Moderate-Low Relative Stress,3945
C_058_111,79.20091,13.256573,0.1849,0.1038,0.1237,0.3272,Low (Single Evidence Family),Q2: Moderate-Low Relative Stress,3946
C_008_098,79.084129,13.705731,0.1848,0.1356,0.1878,0.2311,Low (Single Evidence Family),Q2: Moderate-Low Relative Stress,3947
C_056_110,79.191927,13.27454,0.1848,0.1277,0.1838,0.243,Low (Single Evidence Family),Q2: Moderate-Low Relative Stress,3948
C_098_014,78.329544,12.897247,0.1848,0.1829,0.1807,0.1909,Baseline / Low,Q2: Moderate-Low Relative Stress,3949
C_118_009,78.284629,12.717584,0.1848,0.1145,0.2159,0.224,Moderate (Compound Moisture/Vegetation Stress),Q2: Moderate-Low Relative Stress,3950
C_022_095,79.05718,13.579967,0.1847,0.1031,0.0702,0.3809,Low (Single Evidence Family),Q2: Moderate-Low Relative Stress,3951
C_106_007,78.266662,12.825382,0.1847,0.1362,0.1163,0.3016,Low (Single Evidence Family),Q2: Moderate-Low Relative Stress,3952
C_060_092,79.03023,13.238607,0.1847,0.0595,0.1,0.3946,Low (Single Evidence Family),Q2: Moderate-Low Relative Stress,3953
C_026_073,78.85955,13.544034,0.1846,0.2173,0.3365,0.0,Moderate (Same-Sensor Spectral Agreement),Q2: Moderate-Low Relative Stress,3954
C_097_016,78.347511,12.90623,0.1846,0.0946,0.1258,0.3333,Low (Single Evidence Family),Q2: Moderate-Low Relative Stress,3955
C_072_079,78.913449,13.130809,0.1846,0.1484,0.3227,0.0825,Low (Single Evidence Family),Q2: Moderate-Low Relative Stress,3956
C_046_088,78.994298,13.364371,0.1845,0.2671,0.2863,0.0,Moderate (Same-Sensor Spectral Agreement),Q2: Moderate-Low Relative Stress,3957
C_070_089,79.003281,13.148776,0.1845,0.1403,0.143,0.2702,Low (Single Evidence Family),Q2: Moderate-Low Relative Stress,3958
C_033_077,78.895483,13.481152,0.1845,0.1554,0.2918,0.1064,Low (Single Evidence Family),Q2: Moderate-Low Relative Stress,3959
C_044_100,79.102096,13.382338,0.1844,0.1311,0.2095,0.2125,Moderate (Compound Moisture/Vegetation Stress),Q2: Moderate-Low Relative Stress,3960
C_047_153,79.584311,13.355388,0.1843,0.1435,0.3254,0.0842,Low (Single Evidence Family),Q2: Moderate-Low Relative Stress,3961
C_038_061,78.751753,13.436236,0.1842,0.1509,0.4017,0.0,Low (Single Evidence Family),Q2: Moderate-Low Relative Stress,3962
C_038_039,78.554123,13.436236,0.1842,0.1049,0.3001,0.1477,Low (Single Evidence Family),Q2: Moderate-Low Relative Stress,3963
C_051_118,79.263792,13.319455,0.1841,0.1795,0.1194,0.2535,Low (Single Evidence Family),Q2: Moderate-Low Relative Stress,3964
C_078_092,79.03023,13.07691,0.184,0.1316,0.1089,0.3115,Low (Single Evidence Family),Q2: Moderate-Low Relative Stress,3965
C_102_025,78.428359,12.861315,0.184,0.1701,0.1317,0.2502,Low (Single Evidence Family),Q2: Moderate-Low Relative Stress,3966
C_035_086,78.976331,13.463186,0.184,0.2641,0.2879,0.0,Moderate (Same-Sensor Spectral Agreement),Q2: Moderate-Low Relative Stress,3967
C_055_088,78.994298,13.283523,0.1839,0.097,0.2124,0.2423,Moderate (Compound Moisture/Vegetation Stress),Q2: Moderate-Low Relative Stress,3968
C_028_073,78.85955,13.526068,0.1838,0.1393,0.3612,0.0508,Low (Single Evidence Family),Q2: Moderate-Low Relative Stress,3969
C_027_098,79.084129,13.535051,0.1838,0.172,0.2353,0.1441,Low (Single Evidence Family),Q2: Moderate-Low Relative Stress,3970
C_042_095,79.05718,13.400304,0.1838,0.1952,0.2173,0.1389,Low (Single Evidence Family),Q2: Moderate-Low Relative Stress,3971
C_111_013,78.320561,12.780466,0.1837,0.2188,0.1533,0.1788,Low (Single Evidence Family),Q2: Moderate-Low Relative Stress,3972
C_066_105,79.147011,13.184708,0.1837,0.0499,0.1877,0.3134,Low (Single Evidence Family),Q2: Moderate-Low Relative Stress,3973
C_018_092,79.03023,13.6159,0.1837,0.0572,0.3927,0.1012,Low (Single Evidence Family),Q2: Moderate-Low Relative Stress,3974
C_055_064,78.778702,13.283523,0.1836,0.1292,0.4213,0.0003,Low (Single Evidence Family),Q2: Moderate-Low Relative Stress,3975
C_057_127,79.344641,13.265557,0.1836,0.2127,0.1992,0.1389,Low (Single Evidence Family),Q2: Moderate-Low Relative Stress,3976
C_105_006,78.257679,12.834365,0.1835,0.2311,0.1506,0.1687,Low (Single Evidence Family),Q2: Moderate-Low Relative Stress,3977
C_071_051,78.661921,13.139792,0.1834,0.0919,0.2789,0.1795,Low (Single Evidence Family),Q2: Moderate-Low Relative Stress,3978
C_077_063,78.769719,13.085893,0.1832,0.1175,0.4322,0.0,Low (Single Evidence Family),Q2: Moderate-Low Relative Stress,3979
C_064_106,79.155994,13.202674,0.1831,0.0731,0.1492,0.3272,Low (Single Evidence Family),Q2: Moderate-Low Relative Stress,3980
C_053_170,79.737025,13.301489,0.1831,0.0011,0.0123,0.536,Low (Single Evidence Family),Q2: Moderate-Low Relative Stress,3981
C_075_075,78.877517,13.10386,0.1831,0.1605,0.383,0.0059,Low (Single Evidence Family),Q2: Moderate-Low Relative Stress,3982
C_039_094,79.048197,13.427253,0.1831,0.1431,0.3048,0.1015,Low (Single Evidence Family),Q2: Moderate-Low Relative Stress,3983
C_065_073,78.85955,13.193691,0.183,0.1019,0.1852,0.262,Low (Single Evidence Family),Q2: Moderate-Low Relative Stress,3984
C_041_086,78.976331,13.409287,0.1829,0.1452,0.2571,0.1464,Low (Single Evidence Family),Q2: Moderate-Low Relative Stress,3985
C_053_085,78.967348,13.301489,0.1829,0.1209,0.1895,0.2384,Low (Single Evidence Family),Q2: Moderate-Low Relative Stress,3986
C_056_072,78.850567,13.27454,0.1828,0.1853,0.3632,0.0,Low (Single Evidence Family),Q2: Moderate-Low Relative Stress,3987
C_049_093,79.039214,13.337422,0.1828,0.0639,0.1208,0.3638,Low (Single Evidence Family),Q2: Moderate-Low Relative Stress,3988
C_045_120,79.281759,13.373354,0.1828,0.075,0.2713,0.2021,Moderate (Compound Moisture/Vegetation Stress),Q2: Moderate-Low Relative Stress,3989
C_058_107,79.164978,13.256573,0.1827,0.2176,0.2297,0.1009,High (Multi-Source Convergence),Q2: Moderate-Low Relative Stress,3990
C_034_088,78.994298,13.472169,0.1827,0.1803,0.2669,0.1009,Low (Single Evidence Family),Q2: Moderate-Low Relative Stress,3991
C_078_047,78.625988,13.07691,0.1826,0.1674,0.1597,0.2207,Low (Single Evidence Family),Q2: Moderate-Low Relative Stress,3992
C_023_071,78.841584,13.570984,0.1824,0.0844,0.2785,0.1844,Low (Single Evidence Family),Q2: Moderate-Low Relative Stress,3993
C_049_085,78.967348,13.337422,0.1824,0.2403,0.2101,0.0966,Moderate (Same-Sensor Spectral Agreement),Q2: Moderate-Low Relative Stress,3994
C_076_062,78.760736,13.094877,0.1823,0.1733,0.3276,0.0458,Low (Single Evidence Family),Q2: Moderate-Low Relative Stress,3995
C_064_100,79.102096,13.202674,0.1823,0.1106,0.2081,0.2283,Moderate (Compound Moisture/Vegetation Stress),Q2: Moderate-Low Relative Stress,3996
C_039_056,78.706837,13.427253,0.1822,0.2836,0.1877,0.0753,Low (Single Evidence Family),Q2: Moderate-Low Relative Stress,3997
C_056_121,79.290742,13.27454,0.1822,0.1105,0.1984,0.2377,Low (Single Evidence Family),Q2: Moderate-Low Relative Stress,3998
C_056_126,79.335658,13.27454,0.1822,0.1235,0.0971,0.3258,Low (Single Evidence Family),Q2: Moderate-Low Relative Stress,3999
C_022_094,79.048197,13.579967,0.1822,0.0776,0.1163,0.3527,Low (Single Evidence Family),Q2: Moderate-Low Relative Stress,4000
C_038_051,78.661921,13.436236,0.1822,0.1429,0.2972,0.1064,Low (Single Evidence Family),Q2: Moderate-Low Relative Stress,4001
C_068_091,79.021247,13.166742,0.1821,0.1097,0.1445,0.2921,Low (Single Evidence Family),Q2: Moderate-Low Relative Stress,4002
C_024_076,78.8865,13.562001,0.182,0.0413,0.1161,0.3887,Low (Single Evidence Family),Q2: Moderate-Low Relative Stress,4003
C_074_073,78.85955,13.112843,0.182,0.0869,0.2297,0.2296,Moderate (Compound Moisture/Vegetation Stress),Q2: Moderate-Low Relative Stress,4004
C_103_040,78.563106,12.852332,0.1819,0.1005,0.1391,0.3062,Low (Single Evidence Family),Q2: Moderate-Low Relative Stress,4005
C_048_078,78.904466,13.346405,0.1819,0.1684,0.3174,0.0599,Low (Single Evidence Family),Q2: Moderate-Low Relative Stress,4006
C_046_112,79.209893,13.364371,0.1818,0.1656,0.2295,0.1503,Low (Single Evidence Family),Q2: Moderate-Low Relative Stress,4007
C_023_087,78.985315,13.570984,0.1818,0.0545,0.1856,0.3052,Low (Single Evidence Family),Q2: Moderate-Low Relative Stress,4008
C_034_091,79.021247,13.472169,0.1817,0.1723,0.2123,0.1605,Low (Single Evidence Family),Q2: Moderate-Low Relative Stress,4009
C_075_077,78.895483,13.10386,0.1816,0.1723,0.285,0.0874,Low (Single Evidence Family),Q2: Moderate-Low Relative Stress,4010
C_025_069,78.823618,13.553017,0.1815,0.0722,0.2243,0.2479,Moderate (Compound Moisture/Vegetation Stress),Q2: Moderate-Low Relative Stress,4011
C_025_083,78.949382,13.553017,0.1815,0.1697,0.2521,0.1228,Low (Single Evidence Family),Q2: Moderate-Low Relative Stress,4012
C_043_098,79.084129,13.391321,0.1815,0.1262,0.184,0.2345,Low (Single Evidence Family),Q2: Moderate-Low Relative Stress,4013
C_081_099,79.093112,13.049961,0.1815,0.0787,0.1815,0.2843,Low (Single Evidence Family),Q2: Moderate-Low Relative Stress,4014
C_044_091,79.021247,13.382338,0.1815,0.1057,0.24,0.1988,Low (Single Evidence Family),Q2: Moderate-Low Relative Stress,4015
C_074_065,78.787685,13.112843,0.1814,0.1258,0.4077,0.0108,Low (Single Evidence Family),Q2: Moderate-Low Relative Stress,4016
C_064_119,79.272775,13.202674,0.1814,0.2351,0.2428,0.0662,Moderate (Same-Sensor Spectral Agreement),Q2: Moderate-Low Relative Stress,4017
C_039_038,78.54514,13.427253,0.1813,0.1145,0.2301,0.1994,Low (Single Evidence Family),Q2: Moderate-Low Relative Stress,4018
C_107_021,78.392426,12.816399,0.1813,0.1288,0.3021,0.113,Low (Single Evidence Family),Q2: Moderate-Low Relative Stress,4019
C_100_024,78.419376,12.879281,0.1813,0.2094,0.1255,0.2089,Moderate (Compound Urban/Water Signal),Q2: Moderate-Low Relative Stress,4020
C_044_094,79.048197,13.382338,0.1813,0.0883,0.1465,0.3091,Low (Single Evidence Family),Q2: Moderate-Low Relative Stress,4021
C_034_082,78.940399,13.472169,0.1811,0.1459,0.3507,0.0468,Low (Single Evidence Family),Q2: Moderate-Low Relative Stress,4022
C_076_099,79.093112,13.094877,0.1811,0.2087,0.2544,0.0802,High (Multi-Source Convergence),Q2: Moderate-Low Relative Stress,4023
C_022_083,78.949382,13.579967,0.181,0.0513,0.0829,0.4088,Low (Single Evidence Family),Q2: Moderate-Low Relative Stress,4024
C_000_096,79.066163,13.777596,0.1809,0.1225,0.2863,0.1338,Low (Single Evidence Family),Q2: Moderate-Low Relative Stress,4025
C_048_075,78.877517,13.346405,0.1809,0.1642,0.3484,0.0301,Low (Single Evidence Family),Q2: Moderate-Low Relative Stress,4026
C_031_062,78.760736,13.499119,0.1809,0.1443,0.3758,0.0226,Low (Single Evidence Family),Q2: Moderate-Low Relative Stress,4027
C_051_064,78.778702,13.319455,0.1809,0.1612,0.2791,0.1025,Low (Single Evidence Family),Q2: Moderate-Low Relative Stress,4028
C_023_091,79.021247,13.570984,0.1809,0.1386,0.0893,0.3147,Low (Single Evidence Family),Q2: Moderate-Low Relative Stress,4029
C_089_036,78.527174,12.978096,0.1807,0.1805,0.3139,0.0478,Low (Single Evidence Family),Q2: Moderate-Low Relative Stress,4030
C_077_064,78.778702,13.085893,0.1805,0.1332,0.4079,0.0003,Low (Single Evidence Family),Q2: Moderate-Low Relative Stress,4031
C_117_013,78.320561,12.726567,0.1805,0.1257,0.0776,0.3383,Low (Single Evidence Family),Q2: Moderate-Low Relative Stress,4032
C_105_011,78.302595,12.834365,0.1805,0.2189,0.1869,0.1356,Low (Single Evidence Family),Q2: Moderate-Low Relative Stress,4033
C_041_067,78.805652,13.409287,0.1804,0.1667,0.3525,0.0219,Low (Single Evidence Family),Q2: Moderate-Low Relative Stress,4034
C_002_096,79.066163,13.75963,0.1804,0.0731,0.1391,0.3291,Low (Single Evidence Family),Q2: Moderate-Low Relative Stress,4035
C_107_013,78.320561,12.816399,0.1803,0.1901,0.1624,0.1883,Baseline / Low,Q2: Moderate-Low Relative Stress,4036
C_044_064,78.778702,13.382338,0.1803,0.1517,0.3752,0.0141,Low (Single Evidence Family),Q2: Moderate-Low Relative Stress,4037
C_073_047,78.625988,13.121826,0.1803,0.1794,0.1805,0.1811,Baseline / Low,Q2: Moderate-Low Relative Stress,4038
C_079_104,79.138028,13.067927,0.1802,0.2237,0.2373,0.0796,High (Multi-Source Convergence),Q2: Moderate-Low Relative Stress,4039
C_066_051,78.661921,13.184708,0.18,0.1333,0.3398,0.0668,Low (Single Evidence Family),Q2: Moderate-Low Relative Stress,4040
C_050_101,79.111079,13.328439,0.18,0.1492,0.1307,0.26,Low (Single Evidence Family),Q2: Moderate-Low Relative Stress,4041
C_039_055,78.697854,13.427253,0.18,0.1717,0.2035,0.1647,Low (Single Evidence Family),Q2: Moderate-Low Relative Stress,4042
C_075_063,78.769719,13.10386,0.1799,0.1152,0.2153,0.2093,Moderate (Compound Moisture/Vegetation Stress),Q2: Moderate-Low Relative Stress,4043
C_089_047,78.625988,12.978096,0.1798,0.1737,0.3634,0.0023,Low (Single Evidence Family),Q2: Moderate-Low Relative Stress,4044
C_064_087,78.985315,13.202674,0.1797,0.0389,0.0659,0.4342,Low (Single Evidence Family),Q2: Moderate-Low Relative Stress,4045
C_027_101,79.111079,13.535051,0.1796,0.0925,0.1998,0.2466,Low (Single Evidence Family),Q2: Moderate-Low Relative Stress,4046
C_020_092,79.03023,13.597933,0.1796,0.0556,0.2243,0.259,Moderate (Compound Moisture/Vegetation Stress),Q2: Moderate-Low Relative Stress,4047
C_114_034,78.509207,12.753517,0.1796,0.2608,0.2328,0.0452,Moderate (Same-Sensor Spectral Agreement),Q2: Moderate-Low Relative Stress,4048
C_053_068,78.814635,13.301489,0.1795,0.1656,0.3729,0.0,Low (Single Evidence Family),Q2: Moderate-Low Relative Stress,4049
C_107_009,78.284629,12.816399,0.1795,0.1385,0.2079,0.1922,Low (Single Evidence Family),Q2: Moderate-Low Relative Stress,4050
C_080_106,79.155994,13.058944,0.1794,0.1576,0.2721,0.1087,Low (Single Evidence Family),Q2: Moderate-Low Relative Stress,4051
C_055_066,78.796668,13.283523,0.1794,0.2014,0.3369,0.0,Moderate (Same-Sensor Spectral Agreement),Q2: Moderate-Low Relative Stress,4052
C_041_052,78.670904,13.409287,0.1794,0.1078,0.2192,0.2112,Moderate (Compound Moisture/Vegetation Stress),Q2: Moderate-Low Relative Stress,4053
C_048_079,78.913449,13.346405,0.1793,0.1397,0.2817,0.1166,Low (Single Evidence Family),Q2: Moderate-Low Relative Stress,4054
C_041_057,78.71582,13.409287,0.1792,0.2239,0.298,0.0157,High (Multi-Source Convergence),Q2: Moderate-Low Relative Stress,4055
C_051_113,79.218877,13.319455,0.1792,0.134,0.2107,0.1929,Low (Single Evidence Family),Q2: Moderate-Low Relative Stress,4056
C_040_087,78.985315,13.41827,0.1792,0.1505,0.2202,0.167,Low (Single Evidence Family),Q2: Moderate-Low Relative Stress,4057
C_049_059,78.733786,13.337422,0.1792,0.1524,0.2523,0.133,Low (Single Evidence Family),Q2: Moderate-Low Relative Stress,4058
C_016_091,79.021247,13.633866,0.1791,0.093,0.3122,0.132,Low (Single Evidence Family),Q2: Moderate-Low Relative Stress,4059
C_070_062,78.760736,13.148776,0.1791,0.0939,0.2661,0.1772,Low (Single Evidence Family),Q2: Moderate-Low Relative Stress,4060
C_058_086,78.976331,13.256573,0.1791,0.1096,0.1387,0.2888,Low (Single Evidence Family),Q2: Moderate-Low Relative Stress,4061
C_058_081,78.931416,13.256573,0.179,0.0855,0.2274,0.224,Moderate (Compound Moisture/Vegetation Stress),Q2: Moderate-Low Relative Stress,4062
C_078_043,78.590056,13.07691,0.179,0.2206,0.269,0.0475,High (Multi-Source Convergence),Q2: Moderate-Low Relative Stress,4063
C_040_063,78.769719,13.41827,0.179,0.2484,0.2887,0.0,Moderate (Same-Sensor Spectral Agreement),Q2: Moderate-Low Relative Stress,4064
C_060_110,79.191927,13.238607,0.179,0.2357,0.1906,0.1107,Low (Single Evidence Family),Q2: Moderate-Low Relative Stress,4065
C_068_119,79.272775,13.166742,0.179,0.1403,0.3027,0.094,Low (Single Evidence Family),Q2: Moderate-Low Relative Stress,4066
C_030_065,78.787685,13.508102,0.179,0.1094,0.2252,0.2024,Moderate (Compound Moisture/Vegetation Stress),Q2: Moderate-Low Relative Stress,4067
C_036_044,78.599039,13.454203,0.1789,0.2035,0.311,0.0223,Moderate (Same-Sensor Spectral Agreement),Q2: Moderate-Low Relative Stress,4068
C_061_124,79.317691,13.229624,0.1788,0.0658,0.0702,0.4005,Low (Single Evidence Family),Q2: Moderate-Low Relative Stress,4069
C_067_097,79.075146,13.175725,0.1788,0.1597,0.2992,0.0776,Low (Single Evidence Family),Q2: Moderate-Low Relative Stress,4070
C_040_080,78.922433,13.41827,0.1787,0.2965,0.2391,0.0003,Moderate (Same-Sensor Spectral Agreement),Q2: Moderate-Low Relative Stress,4071
C_052_064,78.778702,13.310472,0.1786,0.1726,0.3174,0.0458,Low (Single Evidence Family),Q2: Moderate-Low Relative Stress,4072
C_065_127,79.344641,13.193691,0.1786,0.1571,0.2097,0.169,Low (Single Evidence Family),Q2: Moderate-Low Relative Stress,4073
C_042_132,79.389556,13.400304,0.1786,0.1462,0.3007,0.0887,Low (Single Evidence Family),Q2: Moderate-Low Relative Stress,4074
C_056_122,79.299725,13.27454,0.1785,0.0621,0.212,0.2613,Moderate (Compound Moisture/Vegetation Stress),Q2: Moderate-Low Relative Stress,4075
C_077_095,79.05718,13.085893,0.1785,0.0984,0.1854,0.2518,Low (Single Evidence Family),Q2: Moderate-Low Relative Stress,4076
C_044_114,79.22786,13.382338,0.1785,0.1721,0.148,0.2155,Low (Single Evidence Family),Q2: Moderate-Low Relative Stress,4077
C_065_049,78.643955,13.193691,0.1784,0.1934,0.2179,0.1238,Low (Single Evidence Family),Q2: Moderate-Low Relative Stress,4078
C_057_121,79.290742,13.265557,0.1784,0.1185,0.2013,0.2155,Moderate (Compound Moisture/Vegetation Stress),Q2: Moderate-Low Relative Stress,4079
C_036_033,78.500224,13.454203,0.1784,0.1389,0.3647,0.0318,Low (Single Evidence Family),Q2: Moderate-Low Relative Stress,4080
C_108_024,78.419376,12.807416,0.1783,0.1651,0.3134,0.0563,Low (Single Evidence Family),Q2: Moderate-Low Relative Stress,4081
C_059_048,78.634972,13.24759,0.1783,0.0907,0.2809,0.1634,Low (Single Evidence Family),Q2: Moderate-Low Relative Stress,4082
C_004_096,79.066163,13.741664,0.1783,0.2022,0.2435,0.0891,High (Multi-Source Convergence),Q2: Moderate-Low Relative Stress,4083
C_067_051,78.661921,13.175725,0.1783,0.1448,0.3011,0.0891,Low (Single Evidence Family),Q2: Moderate-Low Relative Stress,4084
C_076_111,79.20091,13.094877,0.1783,0.1484,0.1925,0.1941,Baseline / Low,Q2: Moderate-Low Relative Stress,4085
C_044_095,79.05718,13.382338,0.1782,0.097,0.198,0.2397,Low (Single Evidence Family),Q2: Moderate-Low Relative Stress,4086
C_032_068,78.814635,13.490135,0.1781,0.152,0.3289,0.0534,Low (Single Evidence Family),Q2: Moderate-Low Relative Stress,4087
C_002_093,79.039214,13.75963,0.1781,0.1063,0.2948,0.1332,Low (Single Evidence Family),Q2: Moderate-Low Relative Stress,4088
C_077_034,78.509207,13.085893,0.178,0.2177,0.2782,0.0381,High (Multi-Source Convergence),Q2: Moderate-Low Relative Stress,4089
C_126_028,78.455309,12.645719,0.178,0.1403,0.0961,0.2977,Low (Single Evidence Family),Q2: Moderate-Low Relative Stress,4090
C_074_099,79.093112,13.112843,0.178,0.0762,0.2507,0.207,Moderate (Compound Moisture/Vegetation Stress),Q2: Moderate-Low Relative Stress,4091
C_032_069,78.823618,13.490135,0.178,0.0998,0.4283,0.0059,Low (Single Evidence Family),Q2: Moderate-Low Relative Stress,4092
C_054_068,78.814635,13.292506,0.1779,0.1806,0.2959,0.057,Low (Single Evidence Family),Q2: Moderate-Low Relative Stress,4093
C_008_095,79.05718,13.705731,0.1779,0.1989,0.1982,0.1366,Baseline / Low,Q2: Moderate-Low Relative Stress,4094
C_052_114,79.22786,13.310472,0.1778,0.0823,0.1354,0.3157,Low (Single Evidence Family),Q2: Moderate-Low Relative Stress,4095
C_058_104,79.138028,13.256573,0.1777,0.3033,0.1902,0.0396,Low (Single Evidence Family),Q2: Moderate-Low Relative Stress,4096
C_019_096,79.066163,13.606916,0.1777,0.0601,0.1539,0.319,Low (Single Evidence Family),Q2: Moderate-Low Relative Stress,4097
C_052_112,79.209893,13.310472,0.1776,0.0738,0.1023,0.3566,Low (Single Evidence Family),Q2: Moderate-Low Relative Stress,4098
C_032_064,78.778702,13.490135,0.1776,0.1593,0.3721,0.0013,Low (Single Evidence Family),Q2: Moderate-Low Relative Stress,4099
C_108_026,78.437342,12.807416,0.1775,0.2263,0.2171,0.0891,High (Multi-Source Convergence),Q2: Moderate-Low Relative Stress,4100
C_058_071,78.841584,13.256573,0.1774,0.0934,0.2118,0.2269,Moderate (Compound Moisture/Vegetation Stress),Q2: Moderate-Low Relative Stress,4101
C_079_094,79.048197,13.067927,0.1773,0.0708,0.1825,0.2787,Low (Single Evidence Family),Q2: Moderate-Low Relative Stress,4102
C_115_019,78.37446,12.744534,0.1773,0.1725,0.0698,0.2895,Low (Single Evidence Family),Q2: Moderate-Low Relative Stress,4103
C_065_083,78.949382,13.193691,0.1772,0.1393,0.2585,0.1339,Low (Single Evidence Family),Q2: Moderate-Low Relative Stress,4104
C_064_095,79.05718,13.202674,0.1772,0.1261,0.2085,0.1971,Low (Single Evidence Family),Q2: Moderate-Low Relative Stress,4105
C_055_168,79.719059,13.283523,0.1772,0.0071,0.0216,0.503,Low (Single Evidence Family),Q2: Moderate-Low Relative Stress,4106
C_055_062,78.760736,13.283523,0.1772,0.1278,0.4034,0.0003,Low (Single Evidence Family),Q2: Moderate-Low Relative Stress,4107
C_078_106,79.155994,13.07691,0.1772,0.0421,0.0461,0.4434,Low (Single Evidence Family),Q2: Moderate-Low Relative Stress,4108
C_058_063,78.769719,13.256573,0.1772,0.1108,0.3427,0.0783,Low (Single Evidence Family),Q2: Moderate-Low Relative Stress,4109
C_064_088,78.994298,13.202674,0.1772,0.0604,0.0276,0.4437,Low (Single Evidence Family),Q2: Moderate-Low Relative Stress,4110
C_082_106,79.155994,13.040978,0.1771,0.0733,0.1387,0.3193,Low (Single Evidence Family),Q2: Moderate-Low Relative Stress,4111
C_051_038,78.54514,13.319455,0.1771,0.2087,0.2836,0.039,Moderate (Same-Sensor Spectral Agreement),Q2: Moderate-Low Relative Stress,4112
C_056_055,78.697854,13.27454,0.177,0.1781,0.3188,0.0341,Low (Single Evidence Family),Q2: Moderate-Low Relative Stress,4113
C_065_114,79.22786,13.193691,0.177,0.2077,0.2042,0.1192,High (Multi-Source Convergence),Q2: Moderate-Low Relative Stress,4114
C_117_014,78.329544,12.726567,0.1769,0.1541,0.0817,0.2947,Low (Single Evidence Family),Q2: Moderate-Low Relative Stress,4115
C_019_103,79.129045,13.606916,0.1769,0.1836,0.3109,0.0361,Low (Single Evidence Family),Q2: Moderate-Low Relative Stress,4116
C_034_121,79.290742,13.472169,0.1767,0.0574,0.2523,0.2204,Moderate (Compound Moisture/Vegetation Stress),Q2: Moderate-Low Relative Stress,4117
C_062_174,79.772957,13.220641,0.1766,0.0444,0.0432,0.4423,Low (Single Evidence Family),Q2: Moderate-Low Relative Stress,4118
C_025_095,79.05718,13.553017,0.1766,0.0754,0.0618,0.3927,Low (Single Evidence Family),Q2: Moderate-Low Relative Stress,4119
C_035_118,79.263792,13.463186,0.1766,0.0524,0.1585,0.319,Low (Single Evidence Family),Q2: Moderate-Low Relative Stress,4120
C_054_090,79.012264,13.292506,0.1766,0.1052,0.2239,0.2007,Moderate (Compound Moisture/Vegetation Stress),Q2: Moderate-Low Relative Stress,4121
C_040_072,78.850567,13.41827,0.1765,0.244,0.2846,0.001,Moderate (Same-Sensor Spectral Agreement),Q2: Moderate-Low Relative Stress,4122
C_044_140,79.46753,13.382338,0.1764,0.0903,0.1492,0.2898,Low (Single Evidence Family),Q2: Moderate-Low Relative Stress,4123
C_075_073,78.85955,13.10386,0.1763,0.1951,0.1881,0.1457,Baseline / Low,Q2: Moderate-Low Relative Stress,4124
C_070_084,78.958365,13.148776,0.1763,0.0938,0.056,0.3792,Low (Single Evidence Family),Q2: Moderate-Low Relative Stress,4125
C_105_035,78.518191,12.834365,0.1763,0.0066,0.0432,0.4791,Low (Single Evidence Family),Q2: Moderate-Low Relative Stress,4126
C_052_059,78.733786,13.310472,0.1763,0.1506,0.376,0.0023,Low (Single Evidence Family),Q2: Moderate-Low Relative Stress,4127
C_074_074,78.868534,13.112843,0.1763,0.0983,0.2918,0.1389,Low (Single Evidence Family),Q2: Moderate-Low Relative Stress,4128
C_067_052,78.670904,13.175725,0.1763,0.1179,0.3501,0.0609,Low (Single Evidence Family),Q2: Moderate-Low Relative Stress,4129
C_044_093,79.039214,13.382338,0.1762,0.1184,0.1171,0.2931,Low (Single Evidence Family),Q2: Moderate-Low Relative Stress,4130
C_045_055,78.697854,13.373354,0.1761,0.2017,0.3143,0.0124,High (Multi-Source Convergence),Q2: Moderate-Low Relative Stress,4131
C_051_097,79.075146,13.319455,0.1761,0.2518,0.2585,0.018,High (Multi-Source Convergence),Q2: Moderate-Low Relative Stress,4132
C_058_088,78.994298,13.256573,0.1759,0.1986,0.1953,0.1339,Baseline / Low,Q2: Moderate-Low Relative Stress,4133
C_051_051,78.661921,13.319455,0.1757,0.1947,0.3099,0.0226,Low (Single Evidence Family),Q2: Moderate-Low Relative Stress,4134
C_076_105,79.147011,13.094877,0.1755,0.0697,0.4122,0.0445,Low (Single Evidence Family),Q2: Moderate-Low Relative Stress,4135
C_101_030,78.473275,12.870298,0.1755,0.108,0.0718,0.3468,Low (Single Evidence Family),Q2: Moderate-Low Relative Stress,4136
C_100_041,78.57209,12.879281,0.1754,0.1304,0.3402,0.0557,Low (Single Evidence Family),Q2: Moderate-Low Relative Stress,4137
C_046_119,79.272775,13.364371,0.1754,0.215,0.1457,0.1654,Low (Single Evidence Family),Q2: Moderate-Low Relative Stress,4138
C_118_036,78.527174,12.717584,0.1754,0.2003,0.2926,0.0334,High (Multi-Source Convergence),Q2: Moderate-Low Relative Stress,4139
C_053_093,79.039214,13.301489,0.1754,0.0893,0.2402,0.1968,Low (Single Evidence Family),Q2: Moderate-Low Relative Stress,4140
C_059_098,79.084129,13.24759,0.1754,0.3484,0.1124,0.0655,Low (Single Evidence Family),Q2: Moderate-Low Relative Stress,4141
C_051_115,79.236843,13.319455,0.1753,0.0392,0.1642,0.3226,Low (Single Evidence Family),Q2: Moderate-Low Relative Stress,4142
C_052_085,78.967348,13.310472,0.1752,0.0359,0.1029,0.3868,Low (Single Evidence Family),Q2: Moderate-Low Relative Stress,4143
C_080_036,78.527174,13.058944,0.1752,0.1243,0.2173,0.184,Low (Single Evidence Family),Q2: Moderate-Low Relative Stress,4144
C_050_115,79.236843,13.328439,0.1752,0.0899,0.204,0.2319,Moderate (Compound Moisture/Vegetation Stress),Q2: Moderate-Low Relative Stress,4145
C_103_013,78.320561,12.852332,0.1752,0.216,0.1115,0.1981,Low (Single Evidence Family),Q2: Moderate-Low Relative Stress,4146
C_043_038,78.54514,13.391321,0.1752,0.1211,0.3579,0.0465,Low (Single Evidence Family),Q2: Moderate-Low Relative Stress,4147
C_048_081,78.931416,13.346405,0.1751,0.1444,0.2179,0.1631,Low (Single Evidence Family),Q2: Moderate-Low Relative Stress,4148
C_051_090,79.012264,13.319455,0.175,0.1195,0.1786,0.2269,Low (Single Evidence Family),Q2: Moderate-Low Relative Stress,4149
C_081_045,78.608022,13.049961,0.175,0.0873,0.2023,0.2355,Moderate (Compound Moisture/Vegetation Stress),Q2: Moderate-Low Relative Stress,4150
C_047_157,79.620244,13.355388,0.175,0.108,0.2171,0.1999,Low (Single Evidence Family),Q2: Moderate-Low Relative Stress,4151
C_067_120,79.281759,13.175725,0.1749,0.1656,0.148,0.2112,Low (Single Evidence Family),Q2: Moderate-Low Relative Stress,4152
C_111_028,78.455309,12.780466,0.1749,0.1648,0.242,0.1179,Low (Single Evidence Family),Q2: Moderate-Low Relative Stress,4153
C_076_073,78.85955,13.094877,0.1748,0.1377,0.3828,0.0039,Low (Single Evidence Family),Q2: Moderate-Low Relative Stress,4154
C_038_063,78.769719,13.436236,0.1748,0.1742,0.3503,0.0,Low (Single Evidence Family),Q2: Moderate-Low Relative Stress,4155
C_008_089,79.003281,13.705731,0.1748,0.1327,0.2538,0.1379,Low (Single Evidence Family),Q2: Moderate-Low Relative Stress,4156
C_043_128,79.353624,13.391321,0.1748,0.0865,0.1844,0.2535,Low (Single Evidence Family),Q2: Moderate-Low Relative Stress,4157
C_069_085,78.967348,13.157759,0.1748,0.0739,0.1008,0.3497,Low (Single Evidence Family),Q2: Moderate-Low Relative Stress,4158
C_072_107,79.164978,13.130809,0.1748,0.0116,0.0268,0.486,Low (Single Evidence Family),Q2: Moderate-Low Relative Stress,4159
C_048_074,78.868534,13.346405,0.1746,0.1496,0.3744,0.0,Low (Single Evidence Family),Q2: Moderate-Low Relative Stress,4160
C_038_058,78.724803,13.436236,0.1745,0.1693,0.3291,0.0252,Low (Single Evidence Family),Q2: Moderate-Low Relative Stress,4161
C_114_011,78.302595,12.753517,0.1745,0.1558,0.1723,0.1955,Baseline / Low,Q2: Moderate-Low Relative Stress,4162
C_009_097,79.075146,13.696748,0.1744,0.1282,0.2398,0.1553,Low (Single Evidence Family),Q2: Moderate-Low Relative Stress,4163
C_041_063,78.769719,13.409287,0.1744,0.1903,0.3328,0.0,Low (Single Evidence Family),Q2: Moderate-Low Relative Stress,4164
C_096_044,78.599039,12.915214,0.1744,0.1771,0.3427,0.0033,Low (Single Evidence Family),Q2: Moderate-Low Relative Stress,4165
C_072_060,78.742769,13.130809,0.1743,0.1811,0.2657,0.076,Low (Single Evidence Family),Q2: Moderate-Low Relative Stress,4166
C_058_093,79.039214,13.256573,0.1743,0.1229,0.1402,0.2597,Low (Single Evidence Family),Q2: Moderate-Low Relative Stress,4167
C_045_128,79.353624,13.373354,0.1743,0.0422,0.1338,0.347,Low (Single Evidence Family),Q2: Moderate-Low Relative Stress,4168
C_067_098,79.084129,13.175725,0.1742,0.2458,0.1996,0.0773,Low (Single Evidence Family),Q2: Moderate-Low Relative Stress,4169
C_108_007,78.266662,12.807416,0.1741,0.0984,0.198,0.226,Low (Single Evidence Family),Q2: Moderate-Low Relative Stress,4170
C_039_134,79.407523,13.427253,0.1739,0.3184,0.2016,0.0016,Moderate (Same-Sensor Spectral Agreement),Q2: Moderate-Low Relative Stress,4171
C_058_066,78.796668,13.256573,0.1738,0.142,0.3795,0.0,Low (Single Evidence Family),Q2: Moderate-Low Relative Stress,4172
C_046_053,78.679887,13.364371,0.1738,0.1875,0.2805,0.0534,Low (Single Evidence Family),Q2: Moderate-Low Relative Stress,4173
C_046_118,79.263792,13.364371,0.1738,0.1102,0.3962,0.0151,Low (Single Evidence Family),Q2: Moderate-Low Relative Stress,4174
C_035_126,79.335658,13.463186,0.1738,0.1002,0.2028,0.2185,Moderate (Compound Moisture/Vegetation Stress),Q2: Moderate-Low Relative Stress,4175
C_020_069,78.823618,13.597933,0.1737,0.0836,0.2278,0.2096,Moderate (Compound Moisture/Vegetation Stress),Q2: Moderate-Low Relative Stress,4176
C_100_028,78.455309,12.879281,0.1737,0.098,0.3284,0.0948,Low (Single Evidence Family),Q2: Moderate-Low Relative Stress,4177
C_051_057,78.71582,13.319455,0.1737,0.1612,0.2941,0.0658,Low (Single Evidence Family),Q2: Moderate-Low Relative Stress,4178
C_118_037,78.536157,12.717584,0.1737,0.2535,0.2648,0.0029,Moderate (Same-Sensor Spectral Agreement),Q2: Moderate-Low Relative Stress,4179
C_120_021,78.392426,12.699618,0.1737,0.1358,0.0786,0.3068,Low (Single Evidence Family),Q2: Moderate-Low Relative Stress,4180
C_073_093,79.039214,13.121826,0.1737,0.1243,0.1465,0.2502,Low (Single Evidence Family),Q2: Moderate-Low Relative Stress,4181
C_003_095,79.05718,13.750647,0.1736,0.1317,0.2548,0.1343,Low (Single Evidence Family),Q2: Moderate-Low Relative Stress,4182
C_113_023,78.410393,12.7625,0.1736,0.0947,0.3363,0.0897,Low (Single Evidence Family),Q2: Moderate-Low Relative Stress,4183
C_015_093,79.039214,13.642849,0.1736,0.1929,0.2077,0.1202,Low (Single Evidence Family),Q2: Moderate-Low Relative Stress,4184
C_101_042,78.581073,12.870298,0.1735,0.1778,0.3274,0.0154,Low (Single Evidence Family),Q2: Moderate-Low Relative Stress,4185
C_037_127,79.344641,13.44522,0.1735,0.1022,0.1918,0.2266,Low (Single Evidence Family),Q2: Moderate-Low Relative Stress,4186
C_051_106,79.155994,13.319455,0.1734,0.0865,0.2054,0.2283,Moderate (Compound Moisture/Vegetation Stress),Q2: Moderate-Low Relative Stress,4187
C_046_122,79.299725,13.364371,0.1734,0.17,0.2046,0.1457,Low (Single Evidence Family),Q2: Moderate-Low Relative Stress,4188
C_070_070,78.832601,13.148776,0.1734,0.0846,0.4299,0.0056,Low (Single Evidence Family),Q2: Moderate-Low Relative Stress,4189
C_068_048,78.634972,13.166742,0.1733,0.1383,0.3079,0.0737,Low (Single Evidence Family),Q2: Moderate-Low Relative Stress,4190
C_045_124,79.317691,13.373354,0.1733,0.0684,0.127,0.3245,Low (Single Evidence Family),Q2: Moderate-Low Relative Stress,4191
C_076_051,78.661921,13.094877,0.1732,0.1163,0.268,0.1352,Low (Single Evidence Family),Q2: Moderate-Low Relative Stress,4192
C_072_067,78.805652,13.130809,0.1732,0.1647,0.3548,0.0,Low (Single Evidence Family),Q2: Moderate-Low Relative Stress,4193
C_029_063,78.769719,13.517085,0.1732,0.2015,0.2739,0.0442,High (Multi-Source Convergence),Q2: Moderate-Low Relative Stress,4194
C_059_065,78.787685,13.24759,0.173,0.1094,0.2457,0.1637,Low (Single Evidence Family),Q2: Moderate-Low Relative Stress,4195
C_034_090,79.012264,13.472169,0.173,0.1837,0.183,0.1523,Baseline / Low,Q2: Moderate-Low Relative Stress,4196
C_035_053,78.679887,13.463186,0.1729,0.1462,0.3198,0.0527,Low (Single Evidence Family),Q2: Moderate-Low Relative Stress,4197
C_054_092,79.03023,13.292506,0.1728,0.0966,0.2013,0.2204,Moderate (Compound Moisture/Vegetation Stress),Q2: Moderate-Low Relative Stress,4198
C_045_114,79.22786,13.373354,0.1728,0.1493,0.2128,0.1562,Low (Single Evidence Family),Q2: Moderate-Low Relative Stress,4199
C_011_088,78.994298,13.678782,0.1728,0.0594,0.2624,0.1966,Low (Single Evidence Family),Q2: Moderate-Low Relative Stress,4200
C_038_095,79.05718,13.436236,0.1727,0.223,0.1453,0.1497,Low (Single Evidence Family),Q2: Moderate-Low Relative Stress,4201
C_061_114,79.22786,13.229624,0.1726,0.1004,0.2745,0.1428,Low (Single Evidence Family),Q2: Moderate-Low Relative Stress,4202
C_048_082,78.940399,13.346405,0.1726,0.201,0.3089,0.0079,Moderate (Same-Sensor Spectral Agreement),Q2: Moderate-Low Relative Stress,4203
C_073_124,79.317691,13.121826,0.1725,0.2384,0.2507,0.0285,Moderate (Same-Sensor Spectral Agreement),Q2: Moderate-Low Relative Stress,4204
C_070_125,79.326674,13.148776,0.1723,0.1567,0.1854,0.1749,Baseline / Low,Q2: Moderate-Low Relative Stress,4205
C_068_111,79.20091,13.166742,0.1723,0.1302,0.2745,0.112,Low (Single Evidence Family),Q2: Moderate-Low Relative Stress,4206
C_063_063,78.769719,13.211658,0.1722,0.1362,0.176,0.2043,Low (Single Evidence Family),Q2: Moderate-Low Relative Stress,4207
C_113_007,78.266662,12.7625,0.1722,0.2742,0.2124,0.0301,Moderate (Same-Sensor Spectral Agreement),Q2: Moderate-Low Relative Stress,4208
C_058_108,79.173961,13.256573,0.1721,0.0449,0.1677,0.3036,Low (Single Evidence Family),Q2: Moderate-Low Relative Stress,4209
C_020_067,78.805652,13.597933,0.172,0.0923,0.2356,0.188,Low (Single Evidence Family),Q2: Moderate-Low Relative Stress,4210
C_073_057,78.71582,13.121826,0.172,0.1777,0.3383,0.0,Low (Single Evidence Family),Q2: Moderate-Low Relative Stress,4211
C_040_096,79.066163,13.41827,0.1719,0.224,0.2533,0.0383,High (Multi-Source Convergence),Q2: Moderate-Low Relative Stress,4212
C_107_026,78.437342,12.816399,0.1719,0.0806,0.1786,0.2564,Low (Single Evidence Family),Q2: Moderate-Low Relative Stress,4213
C_047_081,78.931416,13.355388,0.1719,0.2407,0.2575,0.0177,Moderate (Same-Sensor Spectral Agreement),Q2: Moderate-Low Relative Stress,4214
C_061_132,79.389556,13.229624,0.1719,0.3507,0.1509,0.0141,Low (Single Evidence Family),Q2: Moderate-Low Relative Stress,4215
C_101_013,78.320561,12.870298,0.1719,0.2357,0.1202,0.1598,Low (Single Evidence Family),Q2: Moderate-Low Relative Stress,4216
C_049_072,78.850567,13.337422,0.1719,0.1208,0.3933,0.0016,Low (Single Evidence Family),Q2: Moderate-Low Relative Stress,4217
C_058_118,79.263792,13.256573,0.1718,0.2745,0.1576,0.0832,Low (Single Evidence Family),Q2: Moderate-Low Relative Stress,4218
C_061_095,79.05718,13.229624,0.1718,0.1775,0.2021,0.1359,Low (Single Evidence Family),Q2: Moderate-Low Relative Stress,4219
C_054_118,79.263792,13.292506,0.1718,0.1084,0.2367,0.1703,Low (Single Evidence Family),Q2: Moderate-Low Relative Stress,4220
C_060_124,79.317691,13.238607,0.1718,0.1452,0.2618,0.1084,Low (Single Evidence Family),Q2: Moderate-Low Relative Stress,4221
C_053_092,79.03023,13.301489,0.1718,0.112,0.1828,0.2207,Low (Single Evidence Family),Q2: Moderate-Low Relative Stress,4222
C_072_077,78.895483,13.130809,0.1717,0.134,0.2599,0.1212,Low (Single Evidence Family),Q2: Moderate-Low Relative Stress,4223
C_056_109,79.182944,13.27454,0.1717,0.0692,0.2846,0.1611,Low (Single Evidence Family),Q2: Moderate-Low Relative Stress,4224
C_046_120,79.281759,13.364371,0.1717,0.2919,0.2097,0.0134,Moderate (Same-Sensor Spectral Agreement),Q2: Moderate-Low Relative Stress,4225
C_106_022,78.40141,12.825382,0.1716,0.154,0.2381,0.1228,Low (Single Evidence Family),Q2: Moderate-Low Relative Stress,4226
C_077_052,78.670904,13.085893,0.1716,0.0976,0.2455,0.1716,Low (Single Evidence Family),Q2: Moderate-Low Relative Stress,4227
C_031_050,78.652938,13.499119,0.1715,0.1302,0.3836,0.0007,Low (Single Evidence Family),Q2: Moderate-Low Relative Stress,4228
C_048_058,78.724803,13.346405,0.1714,0.1109,0.2908,0.1123,Low (Single Evidence Family),Q2: Moderate-Low Relative Stress,4229
C_056_099,79.093112,13.27454,0.1713,0.148,0.1449,0.221,Low (Single Evidence Family),Q2: Moderate-Low Relative Stress,4230
C_061_065,78.787685,13.229624,0.1713,0.1041,0.2645,0.1454,Low (Single Evidence Family),Q2: Moderate-Low Relative Stress,4231
C_053_086,78.976331,13.301489,0.1712,0.1756,0.1795,0.1585,Baseline / Low,Q2: Moderate-Low Relative Stress,4232
C_124_022,78.40141,12.663685,0.1712,0.1814,0.0823,0.2499,Low (Single Evidence Family),Q2: Moderate-Low Relative Stress,4233
C_043_162,79.66516,13.391321,0.171,0.0089,0.0216,0.4825,Low (Single Evidence Family),Q2: Moderate-Low Relative Stress,4234
C_107_016,78.347511,12.816399,0.171,0.2495,0.1494,0.114,Low (Single Evidence Family),Q2: Moderate-Low Relative Stress,4235
C_122_013,78.320561,12.681652,0.171,0.172,0.1391,0.2017,Low (Single Evidence Family),Q2: Moderate-Low Relative Stress,4236
C_034_068,78.814635,13.472169,0.1709,0.2307,0.1937,0.0884,Low (Single Evidence Family),Q2: Moderate-Low Relative Stress,4237
C_076_096,79.066163,13.094877,0.1709,0.1459,0.2033,0.1634,Low (Single Evidence Family),Q2: Moderate-Low Relative Stress,4238
C_034_061,78.751753,13.472169,0.1709,0.1993,0.2861,0.0275,Low (Single Evidence Family),Q2: Moderate-Low Relative Stress,4239
C_026_067,78.805652,13.544034,0.1706,0.1466,0.2138,0.1513,Low (Single Evidence Family),Q2: Moderate-Low Relative Stress,4240
C_034_123,79.308708,13.472169,0.1705,0.1512,0.2449,0.1153,Low (Single Evidence Family),Q2: Moderate-Low Relative Stress,4241
C_048_113,79.218877,13.346405,0.1704,0.1074,0.2371,0.1667,Low (Single Evidence Family),Q2: Moderate-Low Relative Stress,4242
C_033_064,78.778702,13.481152,0.1703,0.1717,0.3054,0.0337,Low (Single Evidence Family),Q2: Moderate-Low Relative Stress,4243
C_059_082,78.940399,13.24759,0.1703,0.1264,0.2107,0.1739,Low (Single Evidence Family),Q2: Moderate-Low Relative Stress,4244
C_039_039,78.554123,13.427253,0.1702,0.264,0.1622,0.0845,Low (Single Evidence Family),Q2: Moderate-Low Relative Stress,4245
C_058_076,78.8865,13.256573,0.1702,0.0694,0.1371,0.3042,Low (Single Evidence Family),Q2: Moderate-Low Relative Stress,4246
C_043_091,79.021247,13.391321,0.1701,0.2762,0.1352,0.0989,Low (Single Evidence Family),Q2: Moderate-Low Relative Stress,4247
C_036_039,78.554123,13.454203,0.1701,0.1308,0.3003,0.0792,Low (Single Evidence Family),Q2: Moderate-Low Relative Stress,4248
C_065_054,78.688871,13.193691,0.17,0.1471,0.2519,0.111,Low (Single Evidence Family),Q2: Moderate-Low Relative Stress,4249
C_063_095,79.05718,13.211658,0.1699,0.1416,0.2157,0.1523,Low (Single Evidence Family),Q2: Moderate-Low Relative Stress,4250
C_102_027,78.446325,12.861315,0.1699,0.0864,0.1671,0.2561,Low (Single Evidence Family),Q2: Moderate-Low Relative Stress,4251
C_053_087,78.985315,13.301489,0.1699,0.0804,0.1428,0.2865,Low (Single Evidence Family),Q2: Moderate-Low Relative Stress,4252
C_025_080,78.922433,13.553017,0.1697,0.0489,0.3167,0.1434,Low (Single Evidence Family),Q2: Moderate-Low Relative Stress,4253
C_071_054,78.688871,13.139792,0.1697,0.1467,0.1943,0.168,Baseline / Low,Q2: Moderate-Low Relative Stress,4254
C_053_090,79.012264,13.301489,0.1697,0.1207,0.1441,0.2443,Low (Single Evidence Family),Q2: Moderate-Low Relative Stress,4255
C_088_035,78.518191,12.987079,0.1697,0.131,0.2414,0.1366,Low (Single Evidence Family),Q2: Moderate-Low Relative Stress,4256
C_036_078,78.904466,13.454203,0.1696,0.0932,0.3717,0.0439,Low (Single Evidence Family),Q2: Moderate-Low Relative Stress,4257
C_067_049,78.643955,13.175725,0.1696,0.2043,0.3029,0.0016,Moderate (Same-Sensor Spectral Agreement),Q2: Moderate-Low Relative Stress,4258
C_084_029,78.464292,13.023011,0.1695,0.2298,0.1816,0.097,Low (Single Evidence Family),Q2: Moderate-Low Relative Stress,4259
C_034_125,79.326674,13.472169,0.1694,0.1715,0.2182,0.1187,Low (Single Evidence Family),Q2: Moderate-Low Relative Stress,4260
C_059_064,78.778702,13.24759,0.1694,0.095,0.226,0.1873,Low (Single Evidence Family),Q2: Moderate-Low Relative Stress,4261
C_026_083,78.949382,13.544034,0.1693,0.1572,0.1336,0.2171,Low (Single Evidence Family),Q2: Moderate-Low Relative Stress,4262
C_021_088,78.994298,13.58895,0.1693,0.0983,0.119,0.2908,Low (Single Evidence Family),Q2: Moderate-Low Relative Stress,4263
C_049_120,79.281759,13.337422,0.1691,0.127,0.262,0.1182,Low (Single Evidence Family),Q2: Moderate-Low Relative Stress,4264
C_058_055,78.697854,13.256573,0.1691,0.2038,0.2793,0.0242,Moderate (Same-Sensor Spectral Agreement),Q2: Moderate-Low Relative Stress,4265
C_042_066,78.796668,13.400304,0.169,0.0724,0.2023,0.2322,Moderate (Compound Moisture/Vegetation Stress),Q2: Moderate-Low Relative Stress,4266
C_066_053,78.679887,13.184708,0.169,0.2676,0.143,0.0963,Low (Single Evidence Family),Q2: Moderate-Low Relative Stress,4267
C_062_070,78.832601,13.220641,0.169,0.0543,0.1206,0.3321,Low (Single Evidence Family),Q2: Moderate-Low Relative Stress,4268
C_026_061,78.751753,13.544034,0.1686,0.1466,0.2914,0.0678,Low (Single Evidence Family),Q2: Moderate-Low Relative Stress,4269
C_126_021,78.392426,12.645719,0.1685,0.1379,0.0761,0.2915,Low (Single Evidence Family),Q2: Moderate-Low Relative Stress,4270
C_070_122,79.299725,13.148776,0.1685,0.2545,0.2435,0.0075,Moderate (Same-Sensor Spectral Agreement),Q2: Moderate-Low Relative Stress,4271
C_060_122,79.299725,13.238607,0.1685,0.1595,0.1803,0.1657,Baseline / Low,Q2: Moderate-Low Relative Stress,4272
C_074_122,79.299725,13.112843,0.1684,0.1581,0.3458,0.0014,Low (Single Evidence Family),Q2: Moderate-Low Relative Stress,4273
C_047_142,79.485497,13.355388,0.1683,0.1923,0.2239,0.0887,Low (Single Evidence Family),Q2: Moderate-Low Relative Stress,4274
C_002_095,79.05718,13.75963,0.1683,0.1681,0.2293,0.1074,Low (Single Evidence Family),Q2: Moderate-Low Relative Stress,4275
C_017_093,79.039214,13.624883,0.1681,0.1367,0.2157,0.1519,Low (Single Evidence Family),Q2: Moderate-Low Relative Stress,4276
C_077_094,79.048197,13.085893,0.168,0.1419,0.227,0.1352,Low (Single Evidence Family),Q2: Moderate-Low Relative Stress,4277
C_064_094,79.048197,13.202674,0.168,0.1024,0.0999,0.3017,Low (Single Evidence Family),Q2: Moderate-Low Relative Stress,4278
C_100_027,78.446325,12.879281,0.168,0.0525,0.163,0.2885,Low (Single Evidence Family),Q2: Moderate-Low Relative Stress,4279
C_035_125,79.326674,13.463186,0.1679,0.1907,0.2677,0.0453,Low (Single Evidence Family),Q2: Moderate-Low Relative Stress,4280
C_118_024,78.419376,12.717584,0.1679,0.1876,0.1418,0.1742,Baseline / Low,Q2: Moderate-Low Relative Stress,4281
C_103_017,78.356494,12.852332,0.1678,0.1315,0.0607,0.3111,Low (Single Evidence Family),Q2: Moderate-Low Relative Stress,4282
C_014_074,78.868534,13.651832,0.1678,0.138,0.1885,0.1768,Baseline / Low,Q2: Moderate-Low Relative Stress,4283
C_029_061,78.751753,13.517085,0.1678,0.2798,0.2235,0.0,Moderate (Same-Sensor Spectral Agreement),Q2: Moderate-Low Relative Stress,4284
C_072_076,78.8865,13.130809,0.1678,0.1341,0.2643,0.1051,Low (Single Evidence Family),Q2: Moderate-Low Relative Stress,4285
C_077_078,78.904466,13.085893,0.1677,0.1363,0.2441,0.1228,Low (Single Evidence Family),Q2: Moderate-Low Relative Stress,4286
C_033_124,79.317691,13.481152,0.1676,0.2305,0.2377,0.0347,High (Multi-Source Convergence),Q2: Moderate-Low Relative Stress,4287
C_069_041,78.57209,13.157759,0.1676,0.0578,0.1803,0.2648,Low (Single Evidence Family),Q2: Moderate-Low Relative Stress,4288
C_030_071,78.841584,13.508102,0.1676,0.1124,0.2727,0.1179,Low (Single Evidence Family),Q2: Moderate-Low Relative Stress,4289
C_062_122,79.299725,13.220641,0.1676,0.2332,0.2161,0.0534,Moderate (Same-Sensor Spectral Agreement),Q2: Moderate-Low Relative Stress,4290
C_063_111,79.20091,13.211658,0.1675,0.12,0.1078,0.2748,Low (Single Evidence Family),Q2: Moderate-Low Relative Stress,4291
C_039_091,79.021247,13.427253,0.1675,0.1427,0.186,0.1739,Baseline / Low,Q2: Moderate-Low Relative Stress,4292
C_066_086,78.976331,13.184708,0.1674,0.0202,0.1583,0.3239,Low (Single Evidence Family),Q2: Moderate-Low Relative Stress,4293
C_052_093,79.039214,13.310472,0.1674,0.1222,0.2445,0.1356,Low (Single Evidence Family),Q2: Moderate-Low Relative Stress,4294
C_045_070,78.832601,13.373354,0.1674,0.1242,0.2282,0.1497,Low (Single Evidence Family),Q2: Moderate-Low Relative Stress,4295
C_075_049,78.643955,13.10386,0.1673,0.1756,0.1965,0.1297,Baseline / Low,Q2: Moderate-Low Relative Stress,4296
C_022_096,79.066163,13.579967,0.1673,0.0404,0.176,0.2856,Low (Single Evidence Family),Q2: Moderate-Low Relative Stress,4297
C_048_130,79.37159,13.346405,0.1673,0.0541,0.1439,0.3039,Low (Single Evidence Family),Q2: Moderate-Low Relative Stress,4298
C_106_025,78.428359,12.825382,0.1673,0.0318,0.1126,0.3576,Low (Single Evidence Family),Q2: Moderate-Low Relative Stress,4299
C_027_063,78.769719,13.535051,0.1672,0.1116,0.2548,0.1352,Low (Single Evidence Family),Q2: Moderate-Low Relative Stress,4300
C_038_127,79.344641,13.436236,0.1672,0.0696,0.1329,0.299,Low (Single Evidence Family),Q2: Moderate-Low Relative Stress,4301
C_111_021,78.392426,12.780466,0.1672,0.0934,0.099,0.3091,Low (Single Evidence Family),Q2: Moderate-Low Relative Stress,4302
C_065_116,79.245826,13.193691,0.167,0.1581,0.2622,0.0806,Low (Single Evidence Family),Q2: Moderate-Low Relative Stress,4303
C_100_045,78.608022,12.879281,0.167,0.1254,0.3723,0.0033,Low (Single Evidence Family),Q2: Moderate-Low Relative Stress,4304
C_053_075,78.877517,13.301489,0.167,0.1726,0.2813,0.0472,Low (Single Evidence Family),Q2: Moderate-Low Relative Stress,4305
C_054_095,79.05718,13.292506,0.1669,0.0628,0.3071,0.131,Low (Single Evidence Family),Q2: Moderate-Low Relative Stress,4306
C_046_074,78.868534,13.364371,0.1668,0.1167,0.2838,0.0999,Low (Single Evidence Family),Q2: Moderate-Low Relative Stress,4307
C_028_061,78.751753,13.526068,0.1668,0.1337,0.2394,0.1274,Low (Single Evidence Family),Q2: Moderate-Low Relative Stress,4308
C_082_030,78.473275,13.040978,0.1668,0.1251,0.1306,0.2447,Low (Single Evidence Family),Q2: Moderate-Low Relative Stress,4309
C_044_121,79.290742,13.382338,0.1668,0.0864,0.2431,0.1709,Low (Single Evidence Family),Q2: Moderate-Low Relative Stress,4310
C_113_022,78.40141,12.7625,0.1667,0.0676,0.1517,0.2806,Low (Single Evidence Family),Q2: Moderate-Low Relative Stress,4311
C_034_049,78.643955,13.472169,0.1665,0.0799,0.212,0.2076,Moderate (Compound Moisture/Vegetation Stress),Q2: Moderate-Low Relative Stress,4312
C_081_049,78.643955,13.049961,0.1664,0.1176,0.3814,0.0003,Low (Single Evidence Family),Q2: Moderate-Low Relative Stress,4313
C_020_095,79.05718,13.597933,0.1664,0.1196,0.1087,0.2708,Low (Single Evidence Family),Q2: Moderate-Low Relative Stress,4314
C_082_044,78.599039,13.040978,0.1664,0.127,0.2927,0.0796,Low (Single Evidence Family),Q2: Moderate-Low Relative Stress,4315
C_022_089,79.003281,13.579967,0.1664,0.0702,0.0831,0.3458,Low (Single Evidence Family),Q2: Moderate-Low Relative Stress,4316
C_048_097,79.075146,13.346405,0.1664,0.1431,0.1898,0.1664,Baseline / Low,Q2: Moderate-Low Relative Stress,4317
C_054_099,79.093112,13.292506,0.1663,0.1314,0.1502,0.2171,Low (Single Evidence Family),Q2: Moderate-Low Relative Stress,4318
C_045_084,78.958365,13.373354,0.1663,0.1301,0.2885,0.0802,Low (Single Evidence Family),Q2: Moderate-Low Relative Stress,4319
C_073_109,79.182944,13.121826,0.1663,0.0844,0.184,0.2305,Low (Single Evidence Family),Q2: Moderate-Low Relative Stress,4320
C_057_048,78.634972,13.265557,0.1663,0.0808,0.3025,0.1156,Low (Single Evidence Family),Q2: Moderate-Low Relative Stress,4321
C_099_032,78.491241,12.888264,0.1663,0.1773,0.1653,0.1562,Baseline / Low,Q2: Moderate-Low Relative Stress,4322
C_048_096,79.066163,13.346405,0.1662,0.1165,0.2272,0.1549,Low (Single Evidence Family),Q2: Moderate-Low Relative Stress,4323
C_075_065,78.787685,13.10386,0.1662,0.1112,0.3861,0.0013,Low (Single Evidence Family),Q2: Moderate-Low Relative Stress,4324
C_040_067,78.805652,13.41827,0.166,0.2796,0.2184,0.0,Moderate (Same-Sensor Spectral Agreement),Q2: Moderate-Low Relative Stress,4325
C_057_065,78.787685,13.265557,0.166,0.1153,0.376,0.0065,Low (Single Evidence Family),Q2: Moderate-Low Relative Stress,4326
C_032_086,78.976331,13.490135,0.1659,0.2536,0.244,0.0,Moderate (Same-Sensor Spectral Agreement),Q2: Moderate-Low Relative Stress,4327
C_056_068,78.814635,13.27454,0.1659,0.1914,0.3062,0.0,Low (Single Evidence Family),Q2: Moderate-Low Relative Stress,4328
C_062_066,78.796668,13.220641,0.1658,0.1422,0.2782,0.077,Low (Single Evidence Family),Q2: Moderate-Low Relative Stress,4329
C_079_097,79.075146,13.067927,0.1658,0.0521,0.0998,0.3455,Low (Single Evidence Family),Q2: Moderate-Low Relative Stress,4330
C_020_103,79.129045,13.597933,0.1656,0.2058,0.235,0.056,Moderate (Same-Sensor Spectral Agreement),Q2: Moderate-Low Relative Stress,4331
C_018_071,78.841584,13.6159,0.1656,0.1572,0.2964,0.0432,Low (Single Evidence Family),Q2: Moderate-Low Relative Stress,4332
C_110_036,78.527174,12.789449,0.1656,0.1069,0.162,0.2279,Low (Single Evidence Family),Q2: Moderate-Low Relative Stress,4333
C_068_063,78.769719,13.166742,0.1655,0.1008,0.1967,0.1991,Baseline / Low,Q2: Moderate-Low Relative Stress,4334
C_119_001,78.212763,12.708601,0.1654,0.2145,0.1666,0.1151,Low (Single Evidence Family),Q2: Moderate-Low Relative Stress,4335
C_019_100,79.102096,13.606916,0.1654,0.0509,0.3318,0.1135,Low (Single Evidence Family),Q2: Moderate-Low Relative Stress,4336
C_124_025,78.428359,12.663685,0.1654,0.1961,0.1342,0.166,Baseline / Low,Q2: Moderate-Low Relative Stress,4337
C_022_092,79.03023,13.579967,0.1654,0.0399,0.2523,0.204,Moderate (Compound Moisture/Vegetation Stress),Q2: Moderate-Low Relative Stress,4338
C_120_001,78.212763,12.699618,0.1653,0.1179,0.1633,0.2148,Low (Single Evidence Family),Q2: Moderate-Low Relative Stress,4339
C_065_081,78.931416,13.193691,0.1653,0.1639,0.2072,0.1248,Low (Single Evidence Family),Q2: Moderate-Low Relative Stress,4340
C_036_126,79.335658,13.454203,0.1653,0.0438,0.1449,0.3072,Low (Single Evidence Family),Q2: Moderate-Low Relative Stress,4341
C_119_004,78.239713,12.708601,0.1653,0.2144,0.2224,0.059,High (Multi-Source Convergence),Q2: Moderate-Low Relative Stress,4342
C_060_093,79.039214,13.238607,0.1653,0.1246,0.1488,0.2224,Low (Single Evidence Family),Q2: Moderate-Low Relative Stress,4343
C_110_014,78.329544,12.789449,0.1652,0.1257,0.1737,0.1962,Baseline / Low,Q2: Moderate-Low Relative Stress,4344
C_075_110,79.191927,13.10386,0.1651,0.0272,0.1605,0.3075,Low (Single Evidence Family),Q2: Moderate-Low Relative Stress,4345
C_042_050,78.652938,13.400304,0.1651,0.2256,0.2252,0.0445,High (Multi-Source Convergence),Q2: Moderate-Low Relative Stress,4346
C_027_076,78.8865,13.535051,0.1651,0.0914,0.247,0.1569,Low (Single Evidence Family),Q2: Moderate-Low Relative Stress,4347
C_036_090,79.012264,13.454203,0.165,0.0934,0.1315,0.2702,Low (Single Evidence Family),Q2: Moderate-Low Relative Stress,4348
C_037_118,79.263792,13.44522,0.1648,0.1087,0.1714,0.2142,Low (Single Evidence Family),Q2: Moderate-Low Relative Stress,4349
C_105_009,78.284629,12.834365,0.1647,0.1712,0.1377,0.1854,Baseline / Low,Q2: Moderate-Low Relative Stress,4350
C_124_029,78.464292,12.663685,0.1647,0.2376,0.1243,0.1323,Low (Single Evidence Family),Q2: Moderate-Low Relative Stress,4351
C_073_061,78.751753,13.121826,0.1646,0.1656,0.1965,0.1316,Baseline / Low,Q2: Moderate-Low Relative Stress,4352
C_047_102,79.120062,13.355388,0.1645,0.1604,0.1346,0.1985,Baseline / Low,Q2: Moderate-Low Relative Stress,4353
C_051_063,78.769719,13.319455,0.1642,0.0972,0.325,0.0704,Low (Single Evidence Family),Q2: Moderate-Low Relative Stress,4354
C_063_123,79.308708,13.211658,0.1642,0.0984,0.2737,0.1205,Low (Single Evidence Family),Q2: Moderate-Low Relative Stress,4355
C_042_127,79.344641,13.400304,0.1642,0.0878,0.176,0.2289,Low (Single Evidence Family),Q2: Moderate-Low Relative Stress,4356
C_074_075,78.877517,13.112843,0.1641,0.129,0.363,0.0003,Low (Single Evidence Family),Q2: Moderate-Low Relative Stress,4357
C_120_003,78.23073,12.699618,0.1641,0.0913,0.2941,0.1068,Low (Single Evidence Family),Q2: Moderate-Low Relative Stress,4358
C_103_012,78.311578,12.852332,0.164,0.2087,0.1638,0.1195,Low (Single Evidence Family),Q2: Moderate-Low Relative Stress,4359
C_080_048,78.634972,13.058944,0.164,0.1014,0.2276,0.1631,Low (Single Evidence Family),Q2: Moderate-Low Relative Stress,4360
C_054_058,78.724803,13.292506,0.1639,0.1754,0.2754,0.0409,Low (Single Evidence Family),Q2: Moderate-Low Relative Stress,4361
C_038_132,79.389556,13.436236,0.1639,0.1225,0.1342,0.2351,Low (Single Evidence Family),Q2: Moderate-Low Relative Stress,4362
C_039_120,79.281759,13.427253,0.1638,0.0579,0.2033,0.2302,Moderate (Compound Moisture/Vegetation Stress),Q2: Moderate-Low Relative Stress,4363
C_030_066,78.796668,13.508102,0.1637,0.1158,0.3361,0.0393,Low (Single Evidence Family),Q2: Moderate-Low Relative Stress,4364
C_104_022,78.40141,12.843348,0.1637,0.0803,0.1467,0.2639,Low (Single Evidence Family),Q2: Moderate-Low Relative Stress,4365
C_059_125,79.326674,13.24759,0.1637,0.0667,0.1179,0.3065,Low (Single Evidence Family),Q2: Moderate-Low Relative Stress,4366
C_040_062,78.760736,13.41827,0.1636,0.2171,0.2715,0.0023,Moderate (Same-Sensor Spectral Agreement),Q2: Moderate-Low Relative Stress,4367
C_039_040,78.563106,13.427253,0.1636,0.092,0.2459,0.1529,Low (Single Evidence Family),Q2: Moderate-Low Relative Stress,4368
C_092_035,78.518191,12.951146,0.1636,0.1227,0.2342,0.1339,Low (Single Evidence Family),Q2: Moderate-Low Relative Stress,4369
C_064_082,78.940399,13.202674,0.1636,0.211,0.2037,0.076,High (Multi-Source Convergence),Q2: Moderate-Low Relative Stress,4370
C_023_066,78.796668,13.570984,0.1635,0.1381,0.1099,0.2427,Low (Single Evidence Family),Q2: Moderate-Low Relative Stress,4371
C_052_062,78.760736,13.310472,0.1635,0.171,0.3143,0.0052,Low (Single Evidence Family),Q2: Moderate-Low Relative Stress,4372
C_020_072,78.850567,13.597933,0.1635,0.147,0.219,0.1244,Low (Single Evidence Family),Q2: Moderate-Low Relative Stress,4373
C_056_100,79.102096,13.27454,0.1634,0.1655,0.2035,0.1212,Low (Single Evidence Family),Q2: Moderate-Low Relative Stress,4374
C_007_097,79.075146,13.714714,0.1633,0.0732,0.2778,0.1389,Low (Single Evidence Family),Q2: Moderate-Low Relative Stress,4375
C_066_067,78.805652,13.184708,0.1633,0.1608,0.3264,0.0026,Low (Single Evidence Family),Q2: Moderate-Low Relative Stress,4376
C_047_126,79.335658,13.355388,0.1632,0.0719,0.1922,0.2253,Low (Single Evidence Family),Q2: Moderate-Low Relative Stress,4377
C_050_071,78.841584,13.328439,0.1632,0.1747,0.3147,0.0003,Low (Single Evidence Family),Q2: Moderate-Low Relative Stress,4378
C_042_128,79.353624,13.400304,0.1631,0.0734,0.1579,0.2581,Low (Single Evidence Family),Q2: Moderate-Low Relative Stress,4379
C_022_097,79.075146,13.579967,0.1629,0.075,0.112,0.3019,Low (Single Evidence Family),Q2: Moderate-Low Relative Stress,4380
C_035_090,79.012264,13.463186,0.1629,0.2441,0.242,0.0026,Moderate (Same-Sensor Spectral Agreement),Q2: Moderate-Low Relative Stress,4381
C_058_048,78.634972,13.256573,0.1629,0.1337,0.2889,0.0662,Low (Single Evidence Family),Q2: Moderate-Low Relative Stress,4382
C_080_044,78.599039,13.058944,0.1629,0.1027,0.1177,0.2682,Low (Single Evidence Family),Q2: Moderate-Low Relative Stress,4383
C_039_061,78.751753,13.427253,0.1628,0.1656,0.3229,0.0,Low (Single Evidence Family),Q2: Moderate-Low Relative Stress,4384
C_049_099,79.093112,13.337422,0.1627,0.2256,0.1541,0.1084,Low (Single Evidence Family),Q2: Moderate-Low Relative Stress,4385
C_058_116,79.245826,13.256573,0.1627,0.067,0.2105,0.2106,Moderate (Compound Moisture/Vegetation Stress),Q2: Moderate-Low Relative Stress,4386
C_030_075,78.877517,13.508102,0.1626,0.093,0.2764,0.1185,Low (Single Evidence Family),Q2: Moderate-Low Relative Stress,4387
C_080_053,78.679887,13.058944,0.1625,0.0622,0.1327,0.2924,Low (Single Evidence Family),Q2: Moderate-Low Relative Stress,4388
C_072_109,79.182944,13.130809,0.1624,0.1883,0.2669,0.0321,Low (Single Evidence Family),Q2: Moderate-Low Relative Stress,4389
C_069_083,78.949382,13.157759,0.1624,0.0975,0.1311,0.2587,Low (Single Evidence Family),Q2: Moderate-Low Relative Stress,4390
C_048_093,79.039214,13.346405,0.1623,0.0361,0.1974,0.2535,Low (Single Evidence Family),Q2: Moderate-Low Relative Stress,4391
C_035_084,78.958365,13.463186,0.1623,0.2577,0.2293,0.0,Moderate (Same-Sensor Spectral Agreement),Q2: Moderate-Low Relative Stress,4392
C_019_086,78.976331,13.606916,0.1623,0.1111,0.222,0.1539,Low (Single Evidence Family),Q2: Moderate-Low Relative Stress,4393
C_044_123,79.308708,13.382338,0.1623,0.1433,0.2095,0.1343,Low (Single Evidence Family),Q2: Moderate-Low Relative Stress,4394
C_049_116,79.245826,13.337422,0.1623,0.1687,0.1696,0.1487,Baseline / Low,Q2: Moderate-Low Relative Stress,4395
C_060_111,79.20091,13.238607,0.1623,0.2033,0.1504,0.1333,Low (Single Evidence Family),Q2: Moderate-Low Relative Stress,4396
C_094_043,78.590056,12.93318,0.1623,0.0643,0.1439,0.2787,Low (Single Evidence Family),Q2: Moderate-Low Relative Stress,4397
C_045_100,79.102096,13.373354,0.1622,0.1721,0.1865,0.128,Baseline / Low,Q2: Moderate-Low Relative Stress,4398
C_060_095,79.05718,13.238607,0.1621,0.1128,0.1576,0.2158,Low (Single Evidence Family),Q2: Moderate-Low Relative Stress,4399
C_053_114,79.22786,13.301489,0.162,0.04,0.0609,0.3851,Low (Single Evidence Family),Q2: Moderate-Low Relative Stress,4400
C_050_066,78.796668,13.328439,0.162,0.0942,0.2842,0.1077,Low (Single Evidence Family),Q2: Moderate-Low Relative Stress,4401
C_097_018,78.365477,12.90623,0.1619,0.1427,0.1782,0.1647,Baseline / Low,Q2: Moderate-Low Relative Stress,4402
C_011_089,79.003281,13.678782,0.1619,0.1434,0.2054,0.1369,Low (Single Evidence Family),Q2: Moderate-Low Relative Stress,4403
C_038_037,78.536157,13.436236,0.1618,0.1207,0.198,0.1667,Baseline / Low,Q2: Moderate-Low Relative Stress,4404
C_058_117,79.254809,13.256573,0.1618,0.1288,0.0973,0.2594,Low (Single Evidence Family),Q2: Moderate-Low Relative Stress,4405
C_112_012,78.311578,12.771483,0.1616,0.1219,0.2461,0.1166,Low (Single Evidence Family),Q2: Moderate-Low Relative Stress,4406
C_071_062,78.760736,13.139792,0.1616,0.1188,0.2894,0.0766,Low (Single Evidence Family),Q2: Moderate-Low Relative Stress,4407
C_037_091,79.021247,13.44522,0.1616,0.0799,0.305,0.0999,Low (Single Evidence Family),Q2: Moderate-Low Relative Stress,4408
C_044_074,78.868534,13.382338,0.1616,0.1671,0.2927,0.0249,Low (Single Evidence Family),Q2: Moderate-Low Relative Stress,4409
C_084_037,78.536157,13.023011,0.1615,0.1798,0.2363,0.0684,Low (Single Evidence Family),Q2: Moderate-Low Relative Stress,4410
C_053_052,78.670904,13.301489,0.1614,0.2785,0.2009,0.0049,High (Multi-Source Convergence),Q2: Moderate-Low Relative Stress,4411
C_078_061,78.751753,13.07691,0.1613,0.0898,0.3941,0.0,Low (Single Evidence Family),Q2: Moderate-Low Relative Stress,4412
C_041_058,78.724803,13.409287,0.1611,0.1618,0.2274,0.094,Low (Single Evidence Family),Q2: Moderate-Low Relative Stress,4413
C_051_068,78.814635,13.319455,0.1611,0.098,0.3029,0.0822,Low (Single Evidence Family),Q2: Moderate-Low Relative Stress,4414
C_068_051,78.661921,13.166742,0.1611,0.0908,0.2,0.1926,Low (Single Evidence Family),Q2: Moderate-Low Relative Stress,4415
C_019_069,78.823618,13.606916,0.161,0.0629,0.1745,0.2456,Low (Single Evidence Family),Q2: Moderate-Low Relative Stress,4416
C_058_044,78.599039,13.256573,0.161,0.1286,0.1078,0.2466,Low (Single Evidence Family),Q2: Moderate-Low Relative Stress,4417
C_109_027,78.446325,12.798433,0.1609,0.1496,0.1885,0.1447,Baseline / Low,Q2: Moderate-Low Relative Stress,4418
C_042_075,78.877517,13.400304,0.1608,0.26,0.2223,0.0,Moderate (Same-Sensor Spectral Agreement),Q2: Moderate-Low Relative Stress,4419
C_044_067,78.805652,13.382338,0.1608,0.1126,0.2478,0.1221,Low (Single Evidence Family),Q2: Moderate-Low Relative Stress,4420
C_007_088,78.994298,13.714714,0.1606,0.146,0.134,0.2017,Low (Single Evidence Family),Q2: Moderate-Low Relative Stress,4421
C_045_141,79.476513,13.373354,0.1606,0.0723,0.1066,0.3029,Low (Single Evidence Family),Q2: Moderate-Low Relative Stress,4422
C_069_087,78.985315,13.157759,0.1605,0.0619,0.0831,0.3363,Low (Single Evidence Family),Q2: Moderate-Low Relative Stress,4423
C_122_014,78.329544,12.681652,0.1603,0.1673,0.0875,0.2263,Low (Single Evidence Family),Q2: Moderate-Low Relative Stress,4424
C_068_081,78.931416,13.166742,0.1603,0.0896,0.3328,0.0586,Low (Single Evidence Family),Q2: Moderate-Low Relative Stress,4425
C_050_065,78.787685,13.328439,0.1603,0.1211,0.2881,0.0717,Low (Single Evidence Family),Q2: Moderate-Low Relative Stress,4426
C_127_026,78.437342,12.636736,0.1602,0.0584,0.0825,0.3396,Low (Single Evidence Family),Q2: Moderate-Low Relative Stress,4427
C_033_037,78.536157,13.481152,0.1601,0.2452,0.2103,0.0248,High (Multi-Source Convergence),Q2: Moderate-Low Relative Stress,4428
C_100_026,78.437342,12.879281,0.1601,0.0641,0.1496,0.2666,Low (Single Evidence Family),Q2: Moderate-Low Relative Stress,4429
C_077_093,79.039214,13.085893,0.1601,0.1492,0.3034,0.0278,Low (Single Evidence Family),Q2: Moderate-Low Relative Stress,4430
C_052_081,78.931416,13.310472,0.1601,0.0673,0.0866,0.3265,Low (Single Evidence Family),Q2: Moderate-Low Relative Stress,4431
C_049_115,79.236843,13.337422,0.16,0.0741,0.1869,0.2191,Low (Single Evidence Family),Q2: Moderate-Low Relative Stress,4432
C_071_046,78.617005,13.139792,0.16,0.0636,0.1786,0.2377,Low (Single Evidence Family),Q2: Moderate-Low Relative Stress,4433
C_069_089,79.003281,13.157759,0.16,0.0601,0.0838,0.336,Low (Single Evidence Family),Q2: Moderate-Low Relative Stress,4434
C_035_071,78.841584,13.463186,0.1599,0.1008,0.3013,0.0776,Low (Single Evidence Family),Q2: Moderate-Low Relative Stress,4435
C_038_136,79.431598,13.436236,0.1599,0.1351,0.2669,0.0776,Low (Single Evidence Family),Q2: Moderate-Low Relative Stress,4436
C_069_128,79.353624,13.157759,0.1599,0.0716,0.2318,0.1763,Low (Single Evidence Family),Q2: Moderate-Low Relative Stress,4437
C_076_098,79.084129,13.094877,0.1599,0.0943,0.2402,0.1451,Low (Single Evidence Family),Q2: Moderate-Low Relative Stress,4438
C_040_095,79.05718,13.41827,0.1598,0.1134,0.1828,0.1831,Baseline / Low,Q2: Moderate-Low Relative Stress,4439
C_029_073,78.85955,13.517085,0.1597,0.0836,0.2192,0.1762,Low (Single Evidence Family),Q2: Moderate-Low Relative Stress,4440
C_114_033,78.500224,12.753517,0.1597,0.2368,0.1735,0.0688,Low (Single Evidence Family),Q2: Moderate-Low Relative Stress,4441
C_037_070,78.832601,13.44522,0.1596,0.124,0.3233,0.0314,Low (Single Evidence Family),Q2: Moderate-Low Relative Stress,4442
C_050_106,79.155994,13.328439,0.1596,0.1195,0.2233,0.1359,Low (Single Evidence Family),Q2: Moderate-Low Relative Stress,4443
C_036_124,79.317691,13.454203,0.1596,0.1501,0.1173,0.2112,Low (Single Evidence Family),Q2: Moderate-Low Relative Stress,4444
C_118_011,78.302595,12.717584,0.1595,0.1374,0.2233,0.1179,Low (Single Evidence Family),Q2: Moderate-Low Relative Stress,4445
C_072_046,78.617005,13.130809,0.1595,0.0725,0.327,0.0789,Low (Single Evidence Family),Q2: Moderate-Low Relative Stress,4446
C_116_039,78.554123,12.735551,0.1593,0.1735,0.3043,0.0,Low (Single Evidence Family),Q2: Moderate-Low Relative Stress,4447
C_089_043,78.590056,12.978096,0.1593,0.2456,0.2194,0.0131,Moderate (Same-Sensor Spectral Agreement),Q2: Moderate-Low Relative Stress,4448
C_045_091,79.021247,13.373354,0.1592,0.1537,0.2149,0.1091,Low (Single Evidence Family),Q2: Moderate-Low Relative Stress,4449
C_058_094,79.048197,13.256573,0.1591,0.1274,0.2011,0.149,Low (Single Evidence Family),Q2: Moderate-Low Relative Stress,4450
C_074_097,79.075146,13.112843,0.1591,0.0954,0.241,0.1408,Low (Single Evidence Family),Q2: Moderate-Low Relative Stress,4451
C_065_072,78.850567,13.193691,0.159,0.1062,0.3099,0.0609,Low (Single Evidence Family),Q2: Moderate-Low Relative Stress,4452
C_035_047,78.625988,13.463186,0.159,0.1515,0.2474,0.0783,Low (Single Evidence Family),Q2: Moderate-Low Relative Stress,4453
C_073_042,78.581073,13.121826,0.1589,0.0219,0.044,0.4107,Low (Single Evidence Family),Q2: Moderate-Low Relative Stress,4454
C_058_082,78.940399,13.256573,0.1588,0.1266,0.2031,0.1467,Low (Single Evidence Family),Q2: Moderate-Low Relative Stress,4455
C_016_072,78.850567,13.633866,0.1588,0.0996,0.2151,0.1618,Low (Single Evidence Family),Q2: Moderate-Low Relative Stress,4456
C_114_022,78.40141,12.753517,0.1587,0.0685,0.0424,0.3651,Low (Single Evidence Family),Q2: Moderate-Low Relative Stress,4457
C_115_012,78.311578,12.744534,0.1586,0.127,0.0743,0.2744,Low (Single Evidence Family),Q2: Moderate-Low Relative Stress,4458
C_044_055,78.697854,13.382338,0.1584,0.1242,0.2324,0.1185,Low (Single Evidence Family),Q2: Moderate-Low Relative Stress,4459
C_058_065,78.787685,13.256573,0.1584,0.1392,0.3307,0.0052,Low (Single Evidence Family),Q2: Moderate-Low Relative Stress,4460
C_052_070,78.832601,13.310472,0.1583,0.1684,0.304,0.0026,Low (Single Evidence Family),Q2: Moderate-Low Relative Stress,4461
C_047_093,79.039214,13.355388,0.1582,0.0991,0.3278,0.0478,Low (Single Evidence Family),Q2: Moderate-Low Relative Stress,4462
C_108_031,78.482258,12.807416,0.1582,0.1188,0.1657,0.1903,Baseline / Low,Q2: Moderate-Low Relative Stress,4463
C_101_027,78.446325,12.870298,0.1581,0.1073,0.1525,0.2145,Low (Single Evidence Family),Q2: Moderate-Low Relative Stress,4464
C_043_064,78.778702,13.391321,0.1581,0.1062,0.3036,0.0645,Low (Single Evidence Family),Q2: Moderate-Low Relative Stress,4465
C_053_110,79.191927,13.301489,0.1578,0.052,0.3062,0.1153,Low (Single Evidence Family),Q2: Moderate-Low Relative Stress,4466
C_042_141,79.476513,13.400304,0.1577,0.0953,0.1196,0.2581,Low (Single Evidence Family),Q2: Moderate-Low Relative Stress,4467
C_044_058,78.724803,13.382338,0.1577,0.2044,0.2544,0.0144,Moderate (Same-Sensor Spectral Agreement),Q2: Moderate-Low Relative Stress,4468
C_044_080,78.922433,13.382338,0.1577,0.2541,0.2184,0.0007,Moderate (Same-Sensor Spectral Agreement),Q2: Moderate-Low Relative Stress,4469
C_034_124,79.317691,13.472169,0.1577,0.2885,0.1678,0.0168,Low (Single Evidence Family),Q2: Moderate-Low Relative Stress,4470
C_043_053,78.679887,13.391321,0.1577,0.2112,0.2426,0.0193,High (Multi-Source Convergence),Q2: Moderate-Low Relative Stress,4471
C_066_098,79.084129,13.184708,0.1577,0.1692,0.1589,0.1451,Baseline / Low,Q2: Moderate-Low Relative Stress,4472
C_075_061,78.751753,13.10386,0.1577,0.1335,0.1406,0.1991,Baseline / Low,Q2: Moderate-Low Relative Stress,4473
C_121_014,78.329544,12.690635,0.1576,0.125,0.0825,0.2653,Low (Single Evidence Family),Q2: Moderate-Low Relative Stress,4474
C_121_019,78.37446,12.690635,0.1575,0.1543,0.0739,0.2443,Low (Single Evidence Family),Q2: Moderate-Low Relative Stress,4475
C_102_024,78.419376,12.861315,0.1575,0.1427,0.1072,0.2227,Low (Single Evidence Family),Q2: Moderate-Low Relative Stress,4476
C_059_042,78.581073,13.24759,0.1572,0.0659,0.1606,0.2451,Low (Single Evidence Family),Q2: Moderate-Low Relative Stress,4477
C_046_092,79.03023,13.364371,0.1572,0.138,0.1653,0.1683,Baseline / Low,Q2: Moderate-Low Relative Stress,4478
C_063_080,78.922433,13.211658,0.1572,0.0777,0.1632,0.2309,Low (Single Evidence Family),Q2: Moderate-Low Relative Stress,4479
C_054_066,78.796668,13.292506,0.1571,0.2186,0.2482,0.0046,Moderate (Same-Sensor Spectral Agreement),Q2: Moderate-Low Relative Stress,4480
C_078_093,79.039214,13.07691,0.1571,0.0914,0.1972,0.1827,Baseline / Low,Q2: Moderate-Low Relative Stress,4481
C_079_105,79.147011,13.067927,0.1571,0.1894,0.2155,0.0665,Low (Single Evidence Family),Q2: Moderate-Low Relative Stress,4482
C_065_086,78.976331,13.193691,0.1571,0.0813,0.1451,0.245,Low (Single Evidence Family),Q2: Moderate-Low Relative Stress,4483
C_112_022,78.40141,12.771483,0.157,0.0594,0.1509,0.2607,Low (Single Evidence Family),Q2: Moderate-Low Relative Stress,4484
C_095_045,78.608022,12.924197,0.157,0.1797,0.2887,0.0026,Low (Single Evidence Family),Q2: Moderate-Low Relative Stress,4485
C_067_093,79.039214,13.175725,0.157,0.115,0.2033,0.1526,Low (Single Evidence Family),Q2: Moderate-Low Relative Stress,4486
C_060_080,78.922433,13.238607,0.1568,0.1121,0.1733,0.185,Baseline / Low,Q2: Moderate-Low Relative Stress,4487
C_008_088,78.994298,13.705731,0.1568,0.0477,0.1611,0.2617,Low (Single Evidence Family),Q2: Moderate-Low Relative Stress,4488
C_082_107,79.164978,13.040978,0.1568,0.1415,0.2225,0.1064,Low (Single Evidence Family),Q2: Moderate-Low Relative Stress,4489
C_053_103,79.129045,13.301489,0.1568,0.0666,0.2208,0.1831,Low (Single Evidence Family),Q2: Moderate-Low Relative Stress,4490
C_054_124,79.317691,13.292506,0.1567,0.1203,0.0531,0.2967,Low (Single Evidence Family),Q2: Moderate-Low Relative Stress,4491
C_031_076,78.8865,13.499119,0.1566,0.1175,0.312,0.0403,Low (Single Evidence Family),Q2: Moderate-Low Relative Stress,4492
C_072_094,79.048197,13.130809,0.1566,0.0459,0.1122,0.3118,Low (Single Evidence Family),Q2: Moderate-Low Relative Stress,4493
C_031_046,78.617005,13.499119,0.1566,0.2047,0.1972,0.0681,Low (Single Evidence Family),Q2: Moderate-Low Relative Stress,4494
C_069_064,78.778702,13.157759,0.1566,0.1732,0.1539,0.1428,Baseline / Low,Q2: Moderate-Low Relative Stress,4495
C_075_096,79.066163,13.10386,0.1564,0.1673,0.2719,0.0301,Low (Single Evidence Family),Q2: Moderate-Low Relative Stress,4496
C_073_065,78.787685,13.121826,0.1564,0.1752,0.2918,0.0023,Low (Single Evidence Family),Q2: Moderate-Low Relative Stress,4497
C_053_089,79.003281,13.301489,0.1563,0.1897,0.2161,0.0632,Low (Single Evidence Family),Q2: Moderate-Low Relative Stress,4498
C_029_072,78.850567,13.517085,0.1563,0.1597,0.2686,0.0406,Low (Single Evidence Family),Q2: Moderate-Low Relative Stress,4499
C_036_032,78.491241,13.454203,0.1563,0.0993,0.3649,0.0046,Low (Single Evidence Family),Q2: Moderate-Low Relative Stress,4500
C_025_084,78.958365,13.553017,0.156,0.0969,0.1311,0.24,Low (Single Evidence Family),Q2: Moderate-Low Relative Stress,4501
C_031_068,78.814635,13.499119,0.156,0.0801,0.382,0.0059,Low (Single Evidence Family),Q2: Moderate-Low Relative Stress,4502
C_120_024,78.419376,12.699618,0.156,0.0689,0.1589,0.2404,Low (Single Evidence Family),Q2: Moderate-Low Relative Stress,4503
C_070_060,78.742769,13.148776,0.156,0.1798,0.2037,0.0845,Low (Single Evidence Family),Q2: Moderate-Low Relative Stress,4504
C_040_082,78.940399,13.41827,0.1559,0.1051,0.3377,0.0249,Low (Single Evidence Family),Q2: Moderate-Low Relative Stress,4505
C_052_087,78.985315,13.310472,0.1559,0.101,0.2142,0.1526,Low (Single Evidence Family),Q2: Moderate-Low Relative Stress,4506
C_045_080,78.922433,13.373354,0.1558,0.2971,0.1702,0.0,Low (Single Evidence Family),Q2: Moderate-Low Relative Stress,4507
C_047_059,78.733786,13.355388,0.1558,0.1015,0.3056,0.0603,Low (Single Evidence Family),Q2: Moderate-Low Relative Stress,4508
C_069_077,78.895483,13.157759,0.1558,0.0361,0.1412,0.2901,Low (Single Evidence Family),Q2: Moderate-Low Relative Stress,4509
C_046_083,78.949382,13.364371,0.1557,0.1318,0.2653,0.0701,Low (Single Evidence Family),Q2: Moderate-Low Relative Stress,4510
C_108_030,78.473275,12.807416,0.1557,0.0493,0.1517,0.2662,Low (Single Evidence Family),Q2: Moderate-Low Relative Stress,4511
C_043_089,79.003281,13.391321,0.1556,0.1242,0.206,0.1366,Low (Single Evidence Family),Q2: Moderate-Low Relative Stress,4512
C_067_116,79.245826,13.175725,0.1556,0.1807,0.167,0.1192,Baseline / Low,Q2: Moderate-Low Relative Stress,4513
C_067_050,78.652938,13.175725,0.1556,0.222,0.2332,0.0115,Moderate (Same-Sensor Spectral Agreement),Q2: Moderate-Low Relative Stress,4514
C_055_097,79.075146,13.283523,0.1556,0.1625,0.1694,0.1349,Baseline / Low,Q2: Moderate-Low Relative Stress,4515
C_057_110,79.191927,13.265557,0.1555,0.1578,0.1488,0.1598,Baseline / Low,Q2: Moderate-Low Relative Stress,4516
C_009_090,79.012264,13.696748,0.1555,0.1141,0.2348,0.1176,Low (Single Evidence Family),Q2: Moderate-Low Relative Stress,4517
C_021_084,78.958365,13.58895,0.1555,0.0327,0.0838,0.3501,Low (Single Evidence Family),Q2: Moderate-Low Relative Stress,4518
C_074_089,79.003281,13.112843,0.1555,0.1932,0.1743,0.0989,Baseline / Low,Q2: Moderate-Low Relative Stress,4519
C_040_127,79.344641,13.41827,0.1554,0.1366,0.2015,0.128,Low (Single Evidence Family),Q2: Moderate-Low Relative Stress,4520
C_078_063,78.769719,13.07691,0.1554,0.1504,0.3157,0.0,Low (Single Evidence Family),Q2: Moderate-Low Relative Stress,4521
C_102_020,78.383443,12.861315,0.1554,0.1121,0.148,0.206,Low (Single Evidence Family),Q2: Moderate-Low Relative Stress,4522
C_068_045,78.608022,13.166742,0.1554,0.1883,0.1762,0.1018,Baseline / Low,Q2: Moderate-Low Relative Stress,4523
C_068_087,78.985315,13.166742,0.1552,0.0258,0.0714,0.3684,Low (Single Evidence Family),Q2: Moderate-Low Relative Stress,4524
C_073_080,78.922433,13.121826,0.1552,0.1251,0.2311,0.1094,Low (Single Evidence Family),Q2: Moderate-Low Relative Stress,4525
C_074_050,78.652938,13.112843,0.1551,0.0637,0.0945,0.3072,Low (Single Evidence Family),Q2: Moderate-Low Relative Stress,4526
C_040_044,78.599039,13.41827,0.1551,0.1338,0.1976,0.1339,Baseline / Low,Q2: Moderate-Low Relative Stress,4527
C_059_079,78.913449,13.24759,0.155,0.0413,0.084,0.3396,Low (Single Evidence Family),Q2: Moderate-Low Relative Stress,4528
C_056_108,79.173961,13.27454,0.155,0.135,0.1541,0.1759,Baseline / Low,Q2: Moderate-Low Relative Stress,4529
C_063_087,78.985315,13.211658,0.155,0.0442,0.0545,0.3664,Low (Single Evidence Family),Q2: Moderate-Low Relative Stress,4530
C_079_095,79.05718,13.067927,0.1548,0.0391,0.1237,0.3016,Low (Single Evidence Family),Q2: Moderate-Low Relative Stress,4531
C_107_024,78.419376,12.816399,0.1547,0.1032,0.3427,0.0183,Low (Single Evidence Family),Q2: Moderate-Low Relative Stress,4532
C_018_089,79.003281,13.6159,0.1547,0.2039,0.1801,0.0802,Low (Single Evidence Family),Q2: Moderate-Low Relative Stress,4533
C_073_073,78.85955,13.121826,0.1546,0.1036,0.2361,0.1241,Low (Single Evidence Family),Q2: Moderate-Low Relative Stress,4534
C_033_078,78.904466,13.481152,0.1545,0.1127,0.2023,0.1483,Low (Single Evidence Family),Q2: Moderate-Low Relative Stress,4535
C_042_059,78.733786,13.400304,0.1544,0.1704,0.2918,0.001,Low (Single Evidence Family),Q2: Moderate-Low Relative Stress,4536
C_127_024,78.419376,12.636736,0.1544,0.1051,0.0662,0.2919,Low (Single Evidence Family),Q2: Moderate-Low Relative Stress,4537
C_038_050,78.652938,13.436236,0.1544,0.1717,0.2795,0.0121,Low (Single Evidence Family),Q2: Moderate-Low Relative Stress,4538
C_071_124,79.317691,13.139792,0.1543,0.1192,0.0953,0.2482,Low (Single Evidence Family),Q2: Moderate-Low Relative Stress,4539
C_018_087,78.985315,13.6159,0.1543,0.0539,0.2091,0.1998,Low (Single Evidence Family),Q2: Moderate-Low Relative Stress,4540
C_035_032,78.491241,13.463186,0.1543,0.0861,0.376,0.0007,Low (Single Evidence Family),Q2: Moderate-Low Relative Stress,4541
C_108_028,78.455309,12.807416,0.1542,0.1109,0.1616,0.1903,Baseline / Low,Q2: Moderate-Low Relative Stress,4542
C_058_045,78.608022,13.256573,0.1542,0.0452,0.1583,0.259,Low (Single Evidence Family),Q2: Moderate-Low Relative Stress,4543
C_013_091,79.021247,13.660815,0.1542,0.0865,0.2496,0.1264,Low (Single Evidence Family),Q2: Moderate-Low Relative Stress,4544
C_065_082,78.940399,13.193691,0.1541,0.0842,0.2616,0.1166,Low (Single Evidence Family),Q2: Moderate-Low Relative Stress,4545
C_038_067,78.805652,13.436236,0.154,0.2296,0.2324,0.0,Moderate (Same-Sensor Spectral Agreement),Q2: Moderate-Low Relative Stress,4546
C_061_110,79.191927,13.229624,0.154,0.1995,0.0941,0.1683,Baseline / Low,Q2: Moderate-Low Relative Stress,4547
C_080_101,79.111079,13.058944,0.154,0.0967,0.1169,0.2486,Low (Single Evidence Family),Q2: Moderate-Low Relative Stress,4548
C_045_101,79.111079,13.373354,0.1539,0.0785,0.1511,0.2322,Low (Single Evidence Family),Q2: Moderate-Low Relative Stress,4549
C_071_121,79.290742,13.139792,0.1539,0.1694,0.2081,0.0842,Low (Single Evidence Family),Q2: Moderate-Low Relative Stress,4550
C_038_087,78.985315,13.436236,0.1539,0.0484,0.1632,0.2502,Low (Single Evidence Family),Q2: Moderate-Low Relative Stress,4551
C_047_109,79.182944,13.355388,0.1538,0.1152,0.2435,0.1028,Low (Single Evidence Family),Q2: Moderate-Low Relative Stress,4552
C_077_091,79.021247,13.085893,0.1537,0.0871,0.1768,0.1971,Baseline / Low,Q2: Moderate-Low Relative Stress,4553
C_033_062,78.760736,13.481152,0.1536,0.1434,0.2918,0.0255,Low (Single Evidence Family),Q2: Moderate-Low Relative Stress,4554
C_048_080,78.922433,13.346405,0.1536,0.0829,0.1541,0.2237,Low (Single Evidence Family),Q2: Moderate-Low Relative Stress,4555
C_020_097,79.075146,13.597933,0.1534,0.0811,0.1891,0.1899,Baseline / Low,Q2: Moderate-Low Relative Stress,4556
C_047_089,79.003281,13.355388,0.1534,0.1043,0.1642,0.1916,Baseline / Low,Q2: Moderate-Low Relative Stress,4557
C_046_081,78.931416,13.364371,0.1534,0.1876,0.2713,0.0013,Low (Single Evidence Family),Q2: Moderate-Low Relative Stress,4558
C_053_099,79.093112,13.301489,0.1532,0.2595,0.1381,0.0619,Low (Single Evidence Family),Q2: Moderate-Low Relative Stress,4559
C_068_127,79.344641,13.166742,0.1532,0.0476,0.3534,0.0586,Low (Single Evidence Family),Q2: Moderate-Low Relative Stress,4560
C_060_172,79.754991,13.238607,0.1532,0.0059,0.084,0.3697,Low (Single Evidence Family),Q2: Moderate-Low Relative Stress,4561
C_076_112,79.209893,13.094877,0.1531,0.1127,0.3414,0.005,Low (Single Evidence Family),Q2: Moderate-Low Relative Stress,4562
C_059_091,79.021247,13.24759,0.153,0.1232,0.1295,0.2063,Low (Single Evidence Family),Q2: Moderate-Low Relative Stress,4563
C_070_073,78.85955,13.148776,0.153,0.0817,0.2002,0.1772,Low (Single Evidence Family),Q2: Moderate-Low Relative Stress,4564
C_022_098,79.084129,13.579967,0.1527,0.1388,0.0821,0.2371,Low (Single Evidence Family),Q2: Moderate-Low Relative Stress,4565
C_092_037,78.536157,12.951146,0.1527,0.1814,0.1568,0.1199,Baseline / Low,Q2: Moderate-Low Relative Stress,4566
C_055_123,79.308708,13.283523,0.1525,0.0888,0.2023,0.1664,Low (Single Evidence Family),Q2: Moderate-Low Relative Stress,4567
C_115_029,78.464292,12.744534,0.1525,0.1459,0.2109,0.1005,Low (Single Evidence Family),Q2: Moderate-Low Relative Stress,4568
C_076_091,79.021247,13.094877,0.1525,0.137,0.1498,0.1706,Baseline / Low,Q2: Moderate-Low Relative Stress,4569
C_056_098,79.084129,13.27454,0.1525,0.099,0.1043,0.2541,Low (Single Evidence Family),Q2: Moderate-Low Relative Stress,4570
C_001_095,79.05718,13.768613,0.1525,0.1062,0.2443,0.1071,Low (Single Evidence Family),Q2: Moderate-Low Relative Stress,4571
C_043_065,78.787685,13.391321,0.1524,0.0686,0.1788,0.2096,Low (Single Evidence Family),Q2: Moderate-Low Relative Stress,4572
C_042_122,79.299725,13.400304,0.1524,0.0237,0.0603,0.3733,Low (Single Evidence Family),Q2: Moderate-Low Relative Stress,4573
C_045_131,79.380573,13.373354,0.1524,0.0197,0.0988,0.3386,Low (Single Evidence Family),Q2: Moderate-Low Relative Stress,4574
C_098_042,78.581073,12.897247,0.1524,0.074,0.1399,0.2433,Low (Single Evidence Family),Q2: Moderate-Low Relative Stress,4575
C_055_109,79.182944,13.283523,0.1523,0.0699,0.2815,0.1054,Low (Single Evidence Family),Q2: Moderate-Low Relative Stress,4576
C_034_092,79.03023,13.472169,0.1523,0.1739,0.1466,0.1364,Baseline / Low,Q2: Moderate-Low Relative Stress,4577
C_031_069,78.823618,13.499119,0.1523,0.0993,0.286,0.0717,Low (Single Evidence Family),Q2: Moderate-Low Relative Stress,4578
C_059_099,79.093112,13.24759,0.1523,0.1256,0.1177,0.2135,Low (Single Evidence Family),Q2: Moderate-Low Relative Stress,4579
C_065_066,78.796668,13.193691,0.1523,0.1036,0.3519,0.0013,Low (Single Evidence Family),Q2: Moderate-Low Relative Stress,4580
C_046_114,79.22786,13.364371,0.1522,0.1294,0.1895,0.1375,Baseline / Low,Q2: Moderate-Low Relative Stress,4581
C_024_071,78.841584,13.562001,0.1522,0.08,0.2453,0.1313,Low (Single Evidence Family),Q2: Moderate-Low Relative Stress,4582
C_102_043,78.590056,12.861315,0.1522,0.1422,0.3134,0.001,Low (Single Evidence Family),Q2: Moderate-Low Relative Stress,4583
C_053_105,79.147011,13.301489,0.1521,0.0938,0.185,0.1775,Baseline / Low,Q2: Moderate-Low Relative Stress,4584
C_049_117,79.254809,13.337422,0.1521,0.1163,0.2249,0.1149,Low (Single Evidence Family),Q2: Moderate-Low Relative Stress,4585
C_063_088,78.994298,13.211658,0.1521,0.0701,0.0584,0.3278,Low (Single Evidence Family),Q2: Moderate-Low Relative Stress,4586
C_065_052,78.670904,13.193691,0.1521,0.1593,0.2939,0.0033,Low (Single Evidence Family),Q2: Moderate-Low Relative Stress,4587
C_102_007,78.266662,12.861315,0.1521,0.1115,0.2585,0.0863,Low (Single Evidence Family),Q2: Moderate-Low Relative Stress,4588
C_067_081,78.931416,13.175725,0.1521,0.0683,0.2955,0.0923,Low (Single Evidence Family),Q2: Moderate-Low Relative Stress,4589
C_076_097,79.075146,13.094877,0.152,0.1265,0.2437,0.0858,Low (Single Evidence Family),Q2: Moderate-Low Relative Stress,4590
C_042_061,78.751753,13.400304,0.1519,0.2214,0.2342,0.0,Moderate (Same-Sensor Spectral Agreement),Q2: Moderate-Low Relative Stress,4591
C_098_036,78.527174,12.897247,0.1518,0.1235,0.1616,0.1703,Baseline / Low,Q2: Moderate-Low Relative Stress,4592
C_127_019,78.37446,12.636736,0.1518,0.1026,0.1101,0.2427,Low (Single Evidence Family),Q2: Moderate-Low Relative Stress,4593
C_019_093,79.039214,13.606916,0.1518,0.0503,0.1823,0.2227,Low (Single Evidence Family),Q2: Moderate-Low Relative Stress,4594
C_053_056,78.706837,13.301489,0.1518,0.1556,0.2768,0.0229,Low (Single Evidence Family),Q2: Moderate-Low Relative Stress,4595
C_029_059,78.733786,13.517085,0.1518,0.1829,0.2724,0.0,Low (Single Evidence Family),Q2: Moderate-Low Relative Stress,4596
C_044_090,79.012264,13.382338,0.1517,0.1308,0.2651,0.0593,Low (Single Evidence Family),Q2: Moderate-Low Relative Stress,4597
C_120_032,78.491241,12.699618,0.1516,0.1922,0.2221,0.0406,Low (Single Evidence Family),Q2: Moderate-Low Relative Stress,4598
C_007_090,79.012264,13.714714,0.1515,0.0981,0.1933,0.1631,Baseline / Low,Q2: Moderate-Low Relative Stress,4599
C_028_067,78.805652,13.526068,0.1515,0.174,0.2571,0.0236,Low (Single Evidence Family),Q2: Moderate-Low Relative Stress,4600
C_047_128,79.353624,13.355388,0.1515,0.1154,0.1406,0.1985,Baseline / Low,Q2: Moderate-Low Relative Stress,4601
C_061_122,79.299725,13.229624,0.1513,0.3479,0.1052,0.0007,Low (Single Evidence Family),Q2: Moderate-Low Relative Stress,4602
C_052_127,79.344641,13.310472,0.1513,0.0331,0.1402,0.2806,Low (Single Evidence Family),Q2: Moderate-Low Relative Stress,4603
C_127_023,78.410393,12.636736,0.1512,0.123,0.0916,0.2391,Low (Single Evidence Family),Q2: Moderate-Low Relative Stress,4604
C_039_097,79.075146,13.427253,0.1512,0.1329,0.2081,0.1127,Low (Single Evidence Family),Q2: Moderate-Low Relative Stress,4605
C_123_025,78.428359,12.672668,0.1512,0.0671,0.1153,0.2712,Low (Single Evidence Family),Q2: Moderate-Low Relative Stress,4606
C_047_143,79.49448,13.355388,0.1511,0.2336,0.1846,0.035,Low (Single Evidence Family),Q2: Moderate-Low Relative Stress,4607
C_006_089,79.003281,13.723697,0.151,0.0501,0.2558,0.1472,Low (Single Evidence Family),Q2: Moderate-Low Relative Stress,4608
C_073_066,78.796668,13.121826,0.151,0.1256,0.3233,0.0039,Low (Single Evidence Family),Q2: Moderate-Low Relative Stress,4609
C_061_079,78.913449,13.229624,0.151,0.0967,0.1978,0.1585,Baseline / Low,Q2: Moderate-Low Relative Stress,4610
C_043_090,79.012264,13.391321,0.151,0.1374,0.2309,0.0848,Low (Single Evidence Family),Q2: Moderate-Low Relative Stress,4611
C_057_046,78.617005,13.265557,0.1508,0.0815,0.2377,0.1333,Low (Single Evidence Family),Q2: Moderate-Low Relative Stress,4612
C_029_074,78.868534,13.517085,0.1507,0.0826,0.241,0.1284,Low (Single Evidence Family),Q2: Moderate-Low Relative Stress,4613
C_023_095,79.05718,13.570984,0.1506,0.0375,0.1327,0.2816,Low (Single Evidence Family),Q2: Moderate-Low Relative Stress,4614
C_104_025,78.428359,12.843348,0.1504,0.1507,0.0895,0.2109,Low (Single Evidence Family),Q2: Moderate-Low Relative Stress,4615
C_111_015,78.338528,12.780466,0.1501,0.0649,0.1266,0.2587,Low (Single Evidence Family),Q2: Moderate-Low Relative Stress,4616
C_076_049,78.643955,13.094877,0.15,0.0693,0.2149,0.1657,Low (Single Evidence Family),Q2: Moderate-Low Relative Stress,4617
C_081_047,78.625988,13.049961,0.1499,0.0701,0.1745,0.205,Low (Single Evidence Family),Q2: Moderate-Low Relative Stress,4618
C_005_098,79.084129,13.73268,0.1499,0.0353,0.37,0.0443,Low (Single Evidence Family),Q2: Moderate-Low Relative Stress,4619
C_042_133,79.39854,13.400304,0.1498,0.0616,0.2706,0.1172,Low (Single Evidence Family),Q2: Moderate-Low Relative Stress,4620
C_041_098,79.084129,13.409287,0.1498,0.1106,0.1307,0.2083,Low (Single Evidence Family),Q2: Moderate-Low Relative Stress,4621
C_035_040,78.563106,13.463186,0.1497,0.1511,0.247,0.0511,Low (Single Evidence Family),Q2: Moderate-Low Relative Stress,4622
C_047_055,78.697854,13.355388,0.1496,0.0836,0.2548,0.1104,Low (Single Evidence Family),Q2: Moderate-Low Relative Stress,4623
C_102_038,78.54514,12.861315,0.1496,0.0645,0.126,0.2584,Low (Single Evidence Family),Q2: Moderate-Low Relative Stress,4624
C_048_064,78.778702,13.346405,0.1496,0.117,0.3316,0.0003,Low (Single Evidence Family),Q2: Moderate-Low Relative Stress,4625
C_011_092,79.03023,13.678782,0.1496,0.1253,0.2254,0.0982,Low (Single Evidence Family),Q2: Moderate-Low Relative Stress,4626
C_038_072,78.850567,13.436236,0.1495,0.1622,0.2095,0.0766,Low (Single Evidence Family),Q2: Moderate-Low Relative Stress,4627
C_074_056,78.706837,13.112843,0.1494,0.0874,0.36,0.001,Low (Single Evidence Family),Q2: Moderate-Low Relative Stress,4628
C_075_113,79.218877,13.10386,0.1494,0.0945,0.1487,0.2051,Low (Single Evidence Family),Q2: Moderate-Low Relative Stress,4629
C_057_079,78.913449,13.265557,0.1493,0.1036,0.212,0.1323,Low (Single Evidence Family),Q2: Moderate-Low Relative Stress,4630
C_048_119,79.272775,13.346405,0.1492,0.0843,0.2081,0.1552,Low (Single Evidence Family),Q2: Moderate-Low Relative Stress,4631
C_041_133,79.39854,13.409287,0.1491,0.0511,0.2025,0.1935,Low (Single Evidence Family),Q2: Moderate-Low Relative Stress,4632
C_040_066,78.796668,13.41827,0.1491,0.1626,0.2846,0.0,Low (Single Evidence Family),Q2: Moderate-Low Relative Stress,4633
C_112_041,78.57209,12.771483,0.149,0.0939,0.096,0.2572,Low (Single Evidence Family),Q2: Moderate-Low Relative Stress,4634
C_040_125,79.326674,13.41827,0.149,0.0921,0.1848,0.17,Baseline / Low,Q2: Moderate-Low Relative Stress,4635
C_033_054,78.688871,13.481152,0.1489,0.1042,0.1955,0.147,Baseline / Low,Q2: Moderate-Low Relative Stress,4636
C_054_171,79.746008,13.292506,0.1489,0.0202,0.1273,0.2993,Low (Single Evidence Family),Q2: Moderate-Low Relative Stress,4637
C_033_040,78.563106,13.481152,0.1487,0.1112,0.2957,0.0393,Low (Single Evidence Family),Q2: Moderate-Low Relative Stress,4638
C_013_092,79.03023,13.660815,0.1487,0.0862,0.2258,0.1343,Low (Single Evidence Family),Q2: Moderate-Low Relative Stress,4639
C_081_034,78.509207,13.049961,0.1486,0.1788,0.1836,0.0835,Baseline / Low,Q2: Moderate-Low Relative Stress,4640
C_071_076,78.8865,13.139792,0.1485,0.1273,0.2972,0.021,Low (Single Evidence Family),Q2: Moderate-Low Relative Stress,4641
C_048_109,79.182944,13.346405,0.1483,0.1788,0.1745,0.0917,Baseline / Low,Q2: Moderate-Low Relative Stress,4642
C_004_095,79.05718,13.741664,0.1483,0.0803,0.1611,0.2034,Low (Single Evidence Family),Q2: Moderate-Low Relative Stress,4643
C_031_057,78.71582,13.499119,0.1483,0.1387,0.304,0.0023,Low (Single Evidence Family),Q2: Moderate-Low Relative Stress,4644
C_084_033,78.500224,13.023011,0.1483,0.2249,0.1091,0.111,Low (Single Evidence Family),Q2: Moderate-Low Relative Stress,4645
C_109_030,78.473275,12.798433,0.1482,0.0394,0.2015,0.2037,Moderate (Compound Moisture/Vegetation Stress),Q2: Moderate-Low Relative Stress,4646
C_023_061,78.751753,13.570984,0.1482,0.117,0.2801,0.0475,Low (Single Evidence Family),Q2: Moderate-Low Relative Stress,4647
C_052_090,79.012264,13.310472,0.1482,0.1351,0.0815,0.2279,Low (Single Evidence Family),Q2: Moderate-Low Relative Stress,4648
C_075_057,78.71582,13.10386,0.1482,0.0868,0.3579,0.0,Low (Single Evidence Family),Q2: Moderate-Low Relative Stress,4649
C_043_061,78.751753,13.391321,0.1481,0.1331,0.2834,0.0278,Low (Single Evidence Family),Q2: Moderate-Low Relative Stress,4650
C_119_003,78.23073,12.708601,0.1481,0.1226,0.2787,0.0431,Low (Single Evidence Family),Q2: Moderate-Low Relative Stress,4651
C_087_035,78.518191,12.996062,0.1481,0.0855,0.2184,0.1405,Low (Single Evidence Family),Q2: Moderate-Low Relative Stress,4652
C_050_107,79.164978,13.328439,0.148,0.0716,0.2105,0.1618,Low (Single Evidence Family),Q2: Moderate-Low Relative Stress,4653
C_046_140,79.46753,13.364371,0.1479,0.0806,0.1408,0.2224,Low (Single Evidence Family),Q2: Moderate-Low Relative Stress,4654
C_057_088,78.994298,13.265557,0.1479,0.0581,0.1134,0.2721,Low (Single Evidence Family),Q2: Moderate-Low Relative Stress,4655
C_051_069,78.823618,13.319455,0.1477,0.1302,0.2245,0.0884,Low (Single Evidence Family),Q2: Moderate-Low Relative Stress,4656
C_041_062,78.760736,13.409287,0.1477,0.1971,0.2457,0.0003,Low (Single Evidence Family),Q2: Moderate-Low Relative Stress,4657
C_032_071,78.841584,13.490135,0.1475,0.1096,0.2484,0.0845,Low (Single Evidence Family),Q2: Moderate-Low Relative Stress,4658
C_054_059,78.733786,13.292506,0.1474,0.1385,0.3029,0.0007,Low (Single Evidence Family),Q2: Moderate-Low Relative Stress,4659
C_038_117,79.254809,13.436236,0.1474,0.0745,0.0685,0.2991,Low (Single Evidence Family),Q2: Moderate-Low Relative Stress,4660
C_029_070,78.832601,13.517085,0.1472,0.147,0.2943,0.0003,Low (Single Evidence Family),Q2: Moderate-Low Relative Stress,4661
C_078_091,79.021247,13.07691,0.1472,0.054,0.0849,0.3027,Low (Single Evidence Family),Q2: Moderate-Low Relative Stress,4662
C_023_083,78.949382,13.570984,0.1472,0.0363,0.192,0.2132,Low (Single Evidence Family),Q2: Moderate-Low Relative Stress,4663
C_077_049,78.643955,13.085893,0.147,0.1051,0.1941,0.1418,Baseline / Low,Q2: Moderate-Low Relative Stress,4664
C_077_090,79.012264,13.085893,0.1469,0.0437,0.0696,0.3275,Low (Single Evidence Family),Q2: Moderate-Low Relative Stress,4665
C_095_042,78.581073,12.924197,0.1469,0.1692,0.2655,0.0059,Low (Single Evidence Family),Q2: Moderate-Low Relative Stress,4666
C_075_093,79.039214,13.10386,0.1468,0.0919,0.2151,0.1333,Low (Single Evidence Family),Q2: Moderate-Low Relative Stress,4667
C_072_110,79.191927,13.130809,0.1468,0.1258,0.1554,0.1592,Baseline / Low,Q2: Moderate-Low Relative Stress,4668
C_025_099,79.093112,13.553017,0.1468,0.1781,0.1809,0.0812,Baseline / Low,Q2: Moderate-Low Relative Stress,4669
C_041_061,78.751753,13.409287,0.1468,0.1817,0.2583,0.0003,Low (Single Evidence Family),Q2: Moderate-Low Relative Stress,4670
C_038_062,78.760736,13.436236,0.1468,0.1528,0.2875,0.0,Low (Single Evidence Family),Q2: Moderate-Low Relative Stress,4671
C_054_125,79.326674,13.292506,0.1467,0.2139,0.086,0.1402,Low (Single Evidence Family),Q2: Moderate-Low Relative Stress,4672
C_032_084,78.958365,13.490135,0.1467,0.1896,0.2505,0.0,Low (Single Evidence Family),Q2: Moderate-Low Relative Stress,4673
C_073_058,78.724803,13.121826,0.1467,0.1569,0.2583,0.0249,Low (Single Evidence Family),Q2: Moderate-Low Relative Stress,4674
C_047_064,78.778702,13.355388,0.1466,0.1012,0.3388,0.0,Low (Single Evidence Family),Q2: Moderate-Low Relative Stress,4675
C_041_118,79.263792,13.409287,0.1466,0.0616,0.1255,0.2525,Low (Single Evidence Family),Q2: Moderate-Low Relative Stress,4676
C_047_116,79.245826,13.355388,0.1466,0.1179,0.2371,0.0848,Low (Single Evidence Family),Q2: Moderate-Low Relative Stress,4677
C_110_015,78.338528,12.789449,0.1465,0.216,0.1453,0.0783,Low (Single Evidence Family),Q2: Moderate-Low Relative Stress,4678
C_049_069,78.823618,13.337422,0.1465,0.1142,0.325,0.0003,Low (Single Evidence Family),Q2: Moderate-Low Relative Stress,4679
C_112_034,78.509207,12.771483,0.1465,0.1624,0.1745,0.1025,Baseline / Low,Q2: Moderate-Low Relative Stress,4680
C_018_094,79.048197,13.6159,0.1464,0.1272,0.2113,0.1006,Low (Single Evidence Family),Q2: Moderate-Low Relative Stress,4681
C_051_093,79.039214,13.319455,0.1462,0.1396,0.1029,0.1962,Baseline / Low,Q2: Moderate-Low Relative Stress,4682
C_036_092,79.03023,13.454203,0.1462,0.0605,0.2616,0.1166,Low (Single Evidence Family),Q2: Moderate-Low Relative Stress,4683
C_048_094,79.048197,13.346405,0.1462,0.0559,0.163,0.2197,Low (Single Evidence Family),Q2: Moderate-Low Relative Stress,4684
C_071_037,78.536157,13.139792,0.1459,0.1039,0.1349,0.1989,Baseline / Low,Q2: Moderate-Low Relative Stress,4685
C_070_085,78.967348,13.148776,0.1458,0.0366,0.0412,0.3596,Low (Single Evidence Family),Q2: Moderate-Low Relative Stress,4686
C_103_044,78.599039,12.852332,0.1458,0.0987,0.3388,0.0,Low (Single Evidence Family),Q2: Moderate-Low Relative Stress,4687
C_075_076,78.8865,13.10386,0.1457,0.1028,0.2455,0.0887,Low (Single Evidence Family),Q2: Moderate-Low Relative Stress,4688
C_079_044,78.599039,13.067927,0.1457,0.0739,0.1284,0.2348,Low (Single Evidence Family),Q2: Moderate-Low Relative Stress,4689
C_028_069,78.823618,13.526068,0.1456,0.1909,0.2457,0.0003,Low (Single Evidence Family),Q2: Moderate-Low Relative Stress,4690
C_040_061,78.751753,13.41827,0.1455,0.1102,0.193,0.1333,Baseline / Low,Q2: Moderate-Low Relative Stress,4691
C_045_117,79.254809,13.373354,0.1455,0.1038,0.2997,0.0331,Low (Single Evidence Family),Q2: Moderate-Low Relative Stress,4692
C_034_084,78.958365,13.472169,0.1455,0.2009,0.2356,0.0,Moderate (Same-Sensor Spectral Agreement),Q2: Moderate-Low Relative Stress,4693
C_075_101,79.111079,13.10386,0.1454,0.0977,0.2081,0.1303,Low (Single Evidence Family),Q2: Moderate-Low Relative Stress,4694
C_030_083,78.949382,13.508102,0.1454,0.1126,0.219,0.1045,Low (Single Evidence Family),Q2: Moderate-Low Relative Stress,4695
C_058_070,78.832601,13.256573,0.1454,0.0531,0.17,0.2132,Low (Single Evidence Family),Q2: Moderate-Low Relative Stress,4696
C_036_083,78.949382,13.454203,0.1452,0.2206,0.2149,0.0,Moderate (Same-Sensor Spectral Agreement),Q2: Moderate-Low Relative Stress,4697
C_070_096,79.066163,13.148776,0.1451,0.0394,0.1115,0.2843,Low (Single Evidence Family),Q2: Moderate-Low Relative Stress,4698
C_122_019,78.37446,12.681652,0.145,0.0313,0.0512,0.3524,Low (Single Evidence Family),Q2: Moderate-Low Relative Stress,4699
C_038_066,78.796668,13.436236,0.1449,0.261,0.1737,0.0,Low (Single Evidence Family),Q2: Moderate-Low Relative Stress,4700
C_088_037,78.536157,12.987079,0.1449,0.1067,0.183,0.1451,Baseline / Low,Q2: Moderate-Low Relative Stress,4701
C_053_091,79.021247,13.301489,0.1449,0.041,0.2554,0.1382,Low (Single Evidence Family),Q2: Moderate-Low Relative Stress,4702
C_055_042,78.581073,13.283523,0.1449,0.075,0.2232,0.1364,Low (Single Evidence Family),Q2: Moderate-Low Relative Stress,4703
C_076_058,78.724803,13.094877,0.1449,0.0623,0.3704,0.002,Low (Single Evidence Family),Q2: Moderate-Low Relative Stress,4704
C_046_096,79.066163,13.364371,0.1448,0.1973,0.2011,0.036,Low (Single Evidence Family),Q2: Moderate-Low Relative Stress,4705
C_060_105,79.147011,13.238607,0.1448,0.0845,0.2406,0.1094,Low (Single Evidence Family),Q2: Moderate-Low Relative Stress,4706
C_056_080,78.922433,13.27454,0.1448,0.0747,0.1408,0.2188,Low (Single Evidence Family),Q2: Moderate-Low Relative Stress,4707
C_068_129,79.362607,13.166742,0.1448,0.0352,0.1197,0.2794,Low (Single Evidence Family),Q2: Moderate-Low Relative Stress,4708
C_049_129,79.362607,13.337422,0.1448,0.0948,0.1231,0.2165,Low (Single Evidence Family),Q2: Moderate-Low Relative Stress,4709
C_070_086,78.976331,13.148776,0.1446,0.0338,0.0739,0.3262,Low (Single Evidence Family),Q2: Moderate-Low Relative Stress,4710
C_028_083,78.949382,13.526068,0.1446,0.0753,0.213,0.1454,Low (Single Evidence Family),Q2: Moderate-Low Relative Stress,4711
C_078_094,79.048197,13.07691,0.1445,0.1277,0.1379,0.168,Baseline / Low,Q2: Moderate-Low Relative Stress,4712
C_045_113,79.218877,13.373354,0.1445,0.1388,0.058,0.2368,Low (Single Evidence Family),Q2: Moderate-Low Relative Stress,4713
C_104_010,78.293612,12.843348,0.1444,0.1338,0.2097,0.0897,Low (Single Evidence Family),Q2: Moderate-Low Relative Stress,4714
C_049_119,79.272775,13.337422,0.1444,0.0901,0.2365,0.1068,Low (Single Evidence Family),Q2: Moderate-Low Relative Stress,4715
C_038_071,78.841584,13.436236,0.1443,0.1693,0.2091,0.0544,Low (Single Evidence Family),Q2: Moderate-Low Relative Stress,4716
C_002_094,79.048197,13.75963,0.1443,0.0441,0.1834,0.2053,Low (Single Evidence Family),Q2: Moderate-Low Relative Stress,4717
C_062_069,78.823618,13.220641,0.1443,0.0955,0.1906,0.1467,Baseline / Low,Q2: Moderate-Low Relative Stress,4718
C_041_075,78.877517,13.409287,0.1441,0.1641,0.2678,0.0003,Low (Single Evidence Family),Q2: Moderate-Low Relative Stress,4719
C_053_067,78.805652,13.301489,0.1441,0.1327,0.299,0.0007,Low (Single Evidence Family),Q2: Moderate-Low Relative Stress,4720
C_043_075,78.877517,13.391321,0.144,0.1902,0.2371,0.0046,Low (Single Evidence Family),Q2: Moderate-Low Relative Stress,4721
C_073_106,79.155994,13.121826,0.1439,0.0325,0.113,0.2862,Low (Single Evidence Family),Q2: Moderate-Low Relative Stress,4722
C_051_067,78.805652,13.319455,0.1439,0.0682,0.1916,0.1719,Baseline / Low,Q2: Moderate-Low Relative Stress,4723
C_051_089,79.003281,13.319455,0.1437,0.0391,0.1323,0.2597,Low (Single Evidence Family),Q2: Moderate-Low Relative Stress,4724
C_051_056,78.706837,13.319455,0.1436,0.1423,0.2661,0.0223,Low (Single Evidence Family),Q2: Moderate-Low Relative Stress,4725
C_022_074,78.868534,13.579967,0.1435,0.0391,0.0642,0.3272,Low (Single Evidence Family),Q2: Moderate-Low Relative Stress,4726
C_034_120,79.281759,13.472169,0.1434,0.0858,0.1732,0.1713,Baseline / Low,Q2: Moderate-Low Relative Stress,4727
C_046_139,79.458547,13.364371,0.1431,0.1507,0.1972,0.0815,Baseline / Low,Q2: Moderate-Low Relative Stress,4728
C_028_085,78.967348,13.526068,0.1429,0.1102,0.2616,0.057,Low (Single Evidence Family),Q2: Moderate-Low Relative Stress,4729
C_076_092,79.03023,13.094877,0.1429,0.1316,0.0957,0.2014,Low (Single Evidence Family),Q2: Moderate-Low Relative Stress,4730
C_067_082,78.940399,13.175725,0.1428,0.0632,0.2645,0.1009,Low (Single Evidence Family),Q2: Moderate-Low Relative Stress,4731
C_064_089,79.003281,13.202674,0.1428,0.0146,0.0317,0.3822,Low (Single Evidence Family),Q2: Moderate-Low Relative Stress,4732
C_025_100,79.102096,13.553017,0.1428,0.0499,0.129,0.2495,Low (Single Evidence Family),Q2: Moderate-Low Relative Stress,4733
C_071_080,78.922433,13.139792,0.1428,0.1176,0.2651,0.0458,Low (Single Evidence Family),Q2: Moderate-Low Relative Stress,4734
C_070_079,78.913449,13.148776,0.1427,0.0705,0.2282,0.1294,Low (Single Evidence Family),Q2: Moderate-Low Relative Stress,4735
C_056_066,78.796668,13.27454,0.1427,0.0929,0.332,0.0033,Low (Single Evidence Family),Q2: Moderate-Low Relative Stress,4736
C_049_081,78.931416,13.337422,0.1427,0.0324,0.1216,0.2741,Low (Single Evidence Family),Q2: Moderate-Low Relative Stress,4737
C_123_026,78.437342,12.672668,0.1425,0.0866,0.0943,0.2466,Low (Single Evidence Family),Q2: Moderate-Low Relative Stress,4738
C_043_063,78.769719,13.391321,0.1425,0.085,0.2618,0.0809,Low (Single Evidence Family),Q2: Moderate-Low Relative Stress,4739
C_037_087,78.985315,13.44522,0.1425,0.0855,0.1041,0.2377,Low (Single Evidence Family),Q2: Moderate-Low Relative Stress,4740
C_054_083,78.949382,13.292506,0.1425,0.0603,0.0576,0.3095,Low (Single Evidence Family),Q2: Moderate-Low Relative Stress,4741
C_076_072,78.850567,13.094877,0.1423,0.1299,0.1529,0.1441,Baseline / Low,Q2: Moderate-Low Relative Stress,4742
C_052_107,79.164978,13.310472,0.1423,0.02,0.1237,0.2833,Low (Single Evidence Family),Q2: Moderate-Low Relative Stress,4743
C_125_017,78.356494,12.654702,0.1421,0.2119,0.1253,0.0891,Low (Single Evidence Family),Q2: Moderate-Low Relative Stress,4744
C_020_073,78.85955,13.597933,0.142,0.0689,0.1206,0.2364,Low (Single Evidence Family),Q2: Moderate-Low Relative Stress,4745
C_069_110,79.191927,13.157759,0.142,0.0625,0.283,0.0806,Low (Single Evidence Family),Q2: Moderate-Low Relative Stress,4746
C_027_064,78.778702,13.535051,0.142,0.0843,0.2379,0.1038,Low (Single Evidence Family),Q2: Moderate-Low Relative Stress,4747
C_046_127,79.344641,13.364371,0.1419,0.0618,0.1731,0.1909,Baseline / Low,Q2: Moderate-Low Relative Stress,4748
C_067_080,78.922433,13.175725,0.1418,0.0698,0.2682,0.0874,Low (Single Evidence Family),Q2: Moderate-Low Relative Stress,4749
C_059_068,78.814635,13.24759,0.1417,0.0656,0.3575,0.002,Low (Single Evidence Family),Q2: Moderate-Low Relative Stress,4750
C_104_016,78.347511,12.843348,0.1417,0.1012,0.1616,0.1624,Baseline / Low,Q2: Moderate-Low Relative Stress,4751
C_007_096,79.066163,13.714714,0.1416,0.0727,0.2616,0.0904,Low (Single Evidence Family),Q2: Moderate-Low Relative Stress,4752
C_023_088,78.994298,13.570984,0.1416,0.0946,0.1066,0.2237,Low (Single Evidence Family),Q2: Moderate-Low Relative Stress,4753
C_070_104,79.138028,13.148776,0.1415,0.1406,0.1865,0.0976,Baseline / Low,Q2: Moderate-Low Relative Stress,4754
C_037_096,79.066163,13.44522,0.1414,0.1604,0.1922,0.0717,Baseline / Low,Q2: Moderate-Low Relative Stress,4755
C_066_050,78.652938,13.184708,0.1414,0.0921,0.3165,0.0157,Low (Single Evidence Family),Q2: Moderate-Low Relative Stress,4756
C_039_135,79.422614,13.427253,0.1414,0.1199,0.2976,0.0065,Low (Single Evidence Family),Q2: Moderate-Low Relative Stress,4757
C_039_086,78.976331,13.427253,0.1413,0.1157,0.2634,0.0449,Low (Single Evidence Family),Q2: Moderate-Low Relative Stress,4758
C_096_045,78.608022,12.915214,0.1413,0.1056,0.3095,0.0088,Low (Single Evidence Family),Q2: Moderate-Low Relative Stress,4759
C_037_135,79.422614,13.44522,0.1413,0.1005,0.2713,0.0521,Low (Single Evidence Family),Q2: Moderate-Low Relative Stress,4760
C_102_030,78.473275,12.861315,0.1412,0.021,0.0757,0.3268,Low (Single Evidence Family),Q2: Moderate-Low Relative Stress,4761
C_123_028,78.455309,12.672668,0.1412,0.1757,0.1408,0.1071,Baseline / Low,Q2: Moderate-Low Relative Stress,4762
C_041_093,79.039214,13.409287,0.1412,0.1066,0.1716,0.1454,Baseline / Low,Q2: Moderate-Low Relative Stress,4763
C_078_107,79.164978,13.07691,0.1412,0.1068,0.1288,0.188,Baseline / Low,Q2: Moderate-Low Relative Stress,4764
C_107_022,78.40141,12.816399,0.1411,0.0715,0.2002,0.1516,Low (Single Evidence Family),Q2: Moderate-Low Relative Stress,4765
C_041_135,79.422614,13.409287,0.141,0.0826,0.141,0.1994,Baseline / Low,Q2: Moderate-Low Relative Stress,4766
C_058_084,78.958365,13.256573,0.141,0.1063,0.1126,0.204,Low (Single Evidence Family),Q2: Moderate-Low Relative Stress,4767
C_110_026,78.437342,12.789449,0.1407,0.1186,0.2072,0.0963,Low (Single Evidence Family),Q2: Moderate-Low Relative Stress,4768
C_049_060,78.742769,13.337422,0.1407,0.1108,0.2671,0.0442,Low (Single Evidence Family),Q2: Moderate-Low Relative Stress,4769
C_049_074,78.868534,13.337422,0.1407,0.1084,0.2229,0.0907,Low (Single Evidence Family),Q2: Moderate-Low Relative Stress,4770
C_047_084,78.958365,13.355388,0.1407,0.2141,0.2081,0.0,Moderate (Same-Sensor Spectral Agreement),Q2: Moderate-Low Relative Stress,4771
C_047_073,78.85955,13.355388,0.1406,0.1205,0.2517,0.0494,Low (Single Evidence Family),Q2: Moderate-Low Relative Stress,4772
C_041_078,78.904466,13.409287,0.1406,0.1506,0.2713,0.0,Low (Single Evidence Family),Q2: Moderate-Low Relative Stress,4773
C_023_070,78.832601,13.570984,0.1406,0.0786,0.22,0.1231,Low (Single Evidence Family),Q2: Moderate-Low Relative Stress,4774
C_066_082,78.940399,13.184708,0.1405,0.0478,0.36,0.0138,Low (Single Evidence Family),Q2: Moderate-Low Relative Stress,4775
C_050_122,79.299725,13.328439,0.1405,0.0981,0.2192,0.1041,Low (Single Evidence Family),Q2: Moderate-Low Relative Stress,4776
C_059_124,79.317691,13.24759,0.1405,0.1574,0.2083,0.0557,Low (Single Evidence Family),Q2: Moderate-Low Relative Stress,4777
C_051_073,78.85955,13.319455,0.1405,0.1108,0.3099,0.0007,Low (Single Evidence Family),Q2: Moderate-Low Relative Stress,4778
C_127_028,78.455309,12.636736,0.1403,0.1035,0.1655,0.1519,Baseline / Low,Q2: Moderate-Low Relative Stress,4779
C_021_102,79.120062,13.58895,0.1403,0.0779,0.278,0.0648,Low (Single Evidence Family),Q2: Moderate-Low Relative Stress,4780
C_105_022,78.40141,12.834365,0.1402,0.1082,0.0992,0.2132,Low (Single Evidence Family),Q2: Moderate-Low Relative Stress,4781
C_024_073,78.85955,13.562001,0.1401,0.1507,0.1739,0.0956,Baseline / Low,Q2: Moderate-Low Relative Stress,4782
C_114_010,78.293612,12.753517,0.1399,0.1348,0.1994,0.0855,Baseline / Low,Q2: Moderate-Low Relative Stress,4783
C_083_056,78.706837,13.031995,0.1399,0.1396,0.2801,0.0,Low (Single Evidence Family),Q2: Moderate-Low Relative Stress,4784
C_056_079,78.913449,13.27454,0.1398,0.0747,0.226,0.1189,Low (Single Evidence Family),Q2: Moderate-Low Relative Stress,4785
C_037_044,78.599039,13.44522,0.1396,0.1122,0.2009,0.1058,Low (Single Evidence Family),Q2: Moderate-Low Relative Stress,4786
C_065_102,79.120062,13.193691,0.1395,0.131,0.191,0.0966,Baseline / Low,Q2: Moderate-Low Relative Stress,4787
C_044_117,79.254809,13.382338,0.1394,0.0424,0.2933,0.0825,Low (Single Evidence Family),Q2: Moderate-Low Relative Stress,4788
C_059_172,79.754991,13.24759,0.1394,0.013,0.0757,0.3294,Low (Single Evidence Family),Q2: Moderate-Low Relative Stress,4789
C_080_035,78.518191,13.058944,0.1394,0.1518,0.2088,0.0575,Low (Single Evidence Family),Q2: Moderate-Low Relative Stress,4790
C_088_046,78.617005,12.987079,0.1393,0.1693,0.2483,0.0003,Low (Single Evidence Family),Q2: Moderate-Low Relative Stress,4791
C_079_107,79.164978,13.067927,0.1393,0.1022,0.2066,0.1091,Low (Single Evidence Family),Q2: Moderate-Low Relative Stress,4792
C_038_118,79.263792,13.436236,0.1393,0.0372,0.1089,0.2718,Low (Single Evidence Family),Q2: Moderate-Low Relative Stress,4793
C_021_095,79.05718,13.58895,0.1392,0.0204,0.0745,0.3229,Low (Single Evidence Family),Q2: Moderate-Low Relative Stress,4794
C_056_116,79.245826,13.27454,0.1392,0.0433,0.1581,0.2161,Low (Single Evidence Family),Q2: Moderate-Low Relative Stress,4795
C_047_144,79.503463,13.355388,0.1391,0.2548,0.1313,0.0311,Low (Single Evidence Family),Q2: Moderate-Low Relative Stress,4796
C_075_044,78.599039,13.10386,0.139,0.0869,0.2756,0.0547,Low (Single Evidence Family),Q2: Moderate-Low Relative Stress,4797
C_066_122,79.299725,13.184708,0.139,0.192,0.149,0.076,Baseline / Low,Q2: Moderate-Low Relative Stress,4798
C_120_012,78.311578,12.699618,0.139,0.0957,0.0673,0.2541,Low (Single Evidence Family),Q2: Moderate-Low Relative Stress,4799
C_028_086,78.976331,13.526068,0.1389,0.0554,0.2342,0.1271,Low (Single Evidence Family),Q2: Moderate-Low Relative Stress,4800
C_063_113,79.218877,13.211658,0.1388,0.0543,0.1362,0.226,Low (Single Evidence Family),Q2: Moderate-Low Relative Stress,4801
C_006_098,79.084129,13.723697,0.1388,0.0646,0.1533,0.1985,Baseline / Low,Q2: Moderate-Low Relative Stress,4802
C_066_102,79.120062,13.184708,0.1388,0.1665,0.2056,0.0442,Low (Single Evidence Family),Q2: Moderate-Low Relative Stress,4803
C_034_040,78.563106,13.472169,0.1388,0.2245,0.1908,0.001,Low (Single Evidence Family),Q2: Moderate-Low Relative Stress,4804
C_114_008,78.275646,12.753517,0.1385,0.1308,0.1809,0.1038,Baseline / Low,Q2: Moderate-Low Relative Stress,4805
C_075_086,78.976331,13.10386,0.1385,0.0205,0.0737,0.3213,Low (Single Evidence Family),Q2: Moderate-Low Relative Stress,4806
C_073_098,79.084129,13.121826,0.1384,0.0653,0.271,0.0789,Low (Single Evidence Family),Q2: Moderate-Low Relative Stress,4807
C_029_079,78.913449,13.517085,0.1383,0.043,0.2186,0.1533,Low (Single Evidence Family),Q2: Moderate-Low Relative Stress,4808
C_048_086,78.976331,13.346405,0.1383,0.1765,0.2385,0.0,Low (Single Evidence Family),Q2: Moderate-Low Relative Stress,4809
C_035_078,78.904466,13.463186,0.1382,0.0441,0.2118,0.1588,Low (Single Evidence Family),Q2: Moderate-Low Relative Stress,4810
C_067_085,78.967348,13.175725,0.1382,0.0953,0.2636,0.0557,Low (Single Evidence Family),Q2: Moderate-Low Relative Stress,4811
C_037_136,79.431598,13.44522,0.1381,0.1442,0.1935,0.0766,Baseline / Low,Q2: Moderate-Low Relative Stress,4812
C_033_073,78.85955,13.481152,0.138,0.0948,0.192,0.1271,Baseline / Low,Q2: Moderate-Low Relative Stress,4813
C_041_104,79.138028,13.409287,0.138,0.0501,0.1267,0.237,Low (Single Evidence Family),Q2: Moderate-Low Relative Stress,4814
C_109_025,78.428359,12.798433,0.138,0.155,0.2124,0.0465,Low (Single Evidence Family),Q2: Moderate-Low Relative Stress,4815
C_034_122,79.299725,13.472169,0.1379,0.0496,0.1846,0.1795,Baseline / Low,Q2: Moderate-Low Relative Stress,4816
C_041_059,78.733786,13.409287,0.1379,0.1057,0.2468,0.0612,Low (Single Evidence Family),Q2: Moderate-Low Relative Stress,4817
C_053_098,79.084129,13.301489,0.1378,0.23,0.1597,0.0236,Low (Single Evidence Family),Q2: Moderate-Low Relative Stress,4818
C_058_112,79.209893,13.256573,0.1378,0.1069,0.1537,0.1526,Baseline / Low,Q2: Moderate-Low Relative Stress,4819
C_070_063,78.769719,13.148776,0.1378,0.1208,0.2122,0.0806,Low (Single Evidence Family),Q2: Moderate-Low Relative Stress,4820
C_073_097,79.075146,13.121826,0.1376,0.0696,0.2632,0.0799,Low (Single Evidence Family),Q2: Moderate-Low Relative Stress,4821
C_042_057,78.71582,13.400304,0.1376,0.1788,0.2282,0.0059,Low (Single Evidence Family),Q2: Moderate-Low Relative Stress,4822
C_064_075,78.877517,13.202674,0.1375,0.0863,0.1385,0.1876,Baseline / Low,Q2: Moderate-Low Relative Stress,4823
C_069_088,78.994298,13.157759,0.1375,0.0536,0.0469,0.3121,Low (Single Evidence Family),Q2: Moderate-Low Relative Stress,4824
C_030_081,78.931416,13.508102,0.1373,0.0676,0.2756,0.0688,Low (Single Evidence Family),Q2: Moderate-Low Relative Stress,4825
C_051_107,79.164978,13.319455,0.1373,0.121,0.1539,0.1369,Baseline / Low,Q2: Moderate-Low Relative Stress,4826
C_017_070,78.832601,13.624883,0.1373,0.1049,0.2436,0.0633,Low (Single Evidence Family),Q2: Moderate-Low Relative Stress,4827
C_044_103,79.129045,13.382338,0.1373,0.1181,0.1854,0.1084,Baseline / Low,Q2: Moderate-Low Relative Stress,4828
C_071_049,78.643955,13.139792,0.1372,0.1028,0.3081,0.0007,Low (Single Evidence Family),Q2: Moderate-Low Relative Stress,4829
C_022_069,78.823618,13.579967,0.1371,0.0771,0.1858,0.1483,Baseline / Low,Q2: Moderate-Low Relative Stress,4830
C_032_082,78.940399,13.490135,0.137,0.1238,0.2538,0.0334,Low (Single Evidence Family),Q2: Moderate-Low Relative Stress,4831
C_099_045,78.608022,12.888264,0.1369,0.1132,0.2912,0.0062,Low (Single Evidence Family),Q2: Moderate-Low Relative Stress,4832
C_072_073,78.85955,13.130809,0.1369,0.1175,0.2206,0.0727,Low (Single Evidence Family),Q2: Moderate-Low Relative Stress,4833
C_074_092,79.03023,13.112843,0.1369,0.0569,0.2558,0.0979,Low (Single Evidence Family),Q2: Moderate-Low Relative Stress,4834
C_084_032,78.491241,13.023011,0.1368,0.069,0.1887,0.1526,Baseline / Low,Q2: Moderate-Low Relative Stress,4835
C_121_033,78.500224,12.690635,0.1367,0.1003,0.1931,0.1168,Baseline / Low,Q2: Moderate-Low Relative Stress,4836
C_069_071,78.841584,13.157759,0.1367,0.1391,0.2237,0.0472,Low (Single Evidence Family),Q2: Moderate-Low Relative Stress,4837
C_034_076,78.8865,13.472169,0.1366,0.1306,0.2562,0.0229,Low (Single Evidence Family),Q2: Moderate-Low Relative Stress,4838
C_031_058,78.724803,13.499119,0.1366,0.1703,0.2282,0.0111,Low (Single Evidence Family),Q2: Moderate-Low Relative Stress,4839
C_043_083,78.949382,13.391321,0.1366,0.1735,0.2093,0.0269,Low (Single Evidence Family),Q2: Moderate-Low Relative Stress,4840
C_051_060,78.742769,13.319455,0.1365,0.0959,0.2747,0.039,Low (Single Evidence Family),Q2: Moderate-Low Relative Stress,4841
C_081_054,78.688871,13.049961,0.1364,0.0883,0.1023,0.2184,Low (Single Evidence Family),Q2: Moderate-Low Relative Stress,4842
C_055_067,78.805652,13.283523,0.1363,0.1406,0.2675,0.0007,Low (Single Evidence Family),Q2: Moderate-Low Relative Stress,4843
C_117_012,78.311578,12.726567,0.1363,0.1464,0.0873,0.1752,Baseline / Low,Q2: Moderate-Low Relative Stress,4844
C_008_087,78.985315,13.705731,0.1362,0.0689,0.1632,0.1765,Baseline / Low,Q2: Moderate-Low Relative Stress,4845
C_071_053,78.679887,13.139792,0.1362,0.1476,0.0914,0.1696,Baseline / Low,Q2: Moderate-Low Relative Stress,4846
C_054_065,78.787685,13.292506,0.1362,0.1709,0.2377,0.0,Low (Single Evidence Family),Q2: Moderate-Low Relative Stress,4847
C_074_109,79.182944,13.112843,0.1361,0.1009,0.108,0.1994,Baseline / Low,Q2: Moderate-Low Relative Stress,4848
C_040_130,79.37159,13.41827,0.1361,0.0855,0.2024,0.1204,Low (Single Evidence Family),Q2: Moderate-Low Relative Stress,4849
C_029_067,78.805652,13.517085,0.1361,0.0849,0.2951,0.0282,Low (Single Evidence Family),Q2: Moderate-Low Relative Stress,4850
C_054_101,79.111079,13.292506,0.1361,0.1563,0.2056,0.0465,Low (Single Evidence Family),Q2: Moderate-Low Relative Stress,4851
C_045_079,78.913449,13.373354,0.1361,0.2351,0.1731,0.0,Low (Single Evidence Family),Q2: Moderate-Low Relative Stress,4852
C_072_091,79.021247,13.130809,0.136,0.0524,0.0718,0.2839,Low (Single Evidence Family),Q2: Moderate-Low Relative Stress,4853
C_070_108,79.173961,13.148776,0.136,0.0397,0.1327,0.2355,Low (Single Evidence Family),Q2: Moderate-Low Relative Stress,4854
C_057_080,78.922433,13.265557,0.136,0.0578,0.1632,0.187,Baseline / Low,Q2: Moderate-Low Relative Stress,4855
C_045_073,78.85955,13.373354,0.1359,0.2292,0.1743,0.0043,Low (Single Evidence Family),Q2: Moderate-Low Relative Stress,4856
C_023_060,78.742769,13.570984,0.1359,0.0908,0.3052,0.0117,Low (Single Evidence Family),Q2: Moderate-Low Relative Stress,4857
C_051_099,79.093112,13.319455,0.1358,0.1091,0.0741,0.2243,Low (Single Evidence Family),Q2: Moderate-Low Relative Stress,4858
C_070_072,78.850567,13.148776,0.1357,0.1028,0.1887,0.1156,Baseline / Low,Q2: Moderate-Low Relative Stress,4859
C_125_029,78.464292,12.654702,0.1357,0.1158,0.1029,0.1883,Baseline / Low,Q2: Moderate-Low Relative Stress,4860
C_026_068,78.814635,13.544034,0.1357,0.1004,0.2326,0.0743,Low (Single Evidence Family),Q2: Moderate-Low Relative Stress,4861
C_025_071,78.841584,13.553017,0.1356,0.0645,0.1797,0.1628,Baseline / Low,Q2: Moderate-Low Relative Stress,4862
C_076_057,78.71582,13.094877,0.1355,0.0689,0.3371,0.0003,Low (Single Evidence Family),Q2: Moderate-Low Relative Stress,4863
C_032_049,78.643955,13.490135,0.1355,0.1024,0.2208,0.0832,Low (Single Evidence Family),Q2: Moderate-Low Relative Stress,4864
C_030_076,78.8865,13.508102,0.1355,0.0594,0.1998,0.1474,Baseline / Low,Q2: Moderate-Low Relative Stress,4865
C_070_076,78.8865,13.148776,0.1355,0.1366,0.1305,0.1395,Baseline / Low,Q2: Moderate-Low Relative Stress,4866
C_036_046,78.617005,13.454203,0.1352,0.06,0.2472,0.0986,Low (Single Evidence Family),Q2: Moderate-Low Relative Stress,4867
C_022_067,78.805652,13.579967,0.1352,0.053,0.2234,0.1291,Low (Single Evidence Family),Q2: Moderate-Low Relative Stress,4868
C_078_044,78.599039,13.07691,0.1351,0.1293,0.1408,0.1352,Baseline / Low,Q2: Moderate-Low Relative Stress,4869
C_110_005,78.248696,12.789449,0.1351,0.1297,0.1478,0.1279,Baseline / Low,Q2: Moderate-Low Relative Stress,4870
C_039_050,78.652938,13.427253,0.135,0.1258,0.2441,0.035,Low (Single Evidence Family),Q2: Moderate-Low Relative Stress,4871
C_040_117,79.254809,13.41827,0.135,0.1022,0.0831,0.2198,Low (Single Evidence Family),Q2: Moderate-Low Relative Stress,4872
C_025_073,78.85955,13.553017,0.1349,0.1206,0.2223,0.0619,Low (Single Evidence Family),Q2: Moderate-Low Relative Stress,4873
C_092_045,78.608022,12.951146,0.1348,0.0909,0.1856,0.1277,Baseline / Low,Q2: Moderate-Low Relative Stress,4874
C_016_075,78.877517,13.633866,0.1348,0.1428,0.1628,0.0989,Baseline / Low,Q2: Moderate-Low Relative Stress,4875
C_069_121,79.290742,13.157759,0.1345,0.2272,0.1733,0.0029,Low (Single Evidence Family),Q2: Moderate-Low Relative Stress,4876
C_065_071,78.841584,13.193691,0.1345,0.1507,0.2173,0.0354,Low (Single Evidence Family),Q2: Moderate-Low Relative Stress,4877
C_037_125,79.326674,13.44522,0.1344,0.0677,0.2828,0.0527,Low (Single Evidence Family),Q2: Moderate-Low Relative Stress,4878
C_050_070,78.832601,13.328439,0.1343,0.1106,0.2554,0.037,Low (Single Evidence Family),Q2: Moderate-Low Relative Stress,4879
C_069_074,78.868534,13.157759,0.1343,0.0793,0.1791,0.1444,Baseline / Low,Q2: Moderate-Low Relative Stress,4880
C_012_090,79.012264,13.669798,0.1342,0.0874,0.178,0.1372,Baseline / Low,Q2: Moderate-Low Relative Stress,4881
C_103_010,78.293612,12.852332,0.1342,0.0864,0.2229,0.0933,Low (Single Evidence Family),Q2: Moderate-Low Relative Stress,4882
C_050_075,78.877517,13.328439,0.1342,0.1389,0.2626,0.001,Low (Single Evidence Family),Q2: Moderate-Low Relative Stress,4883
C_039_066,78.796668,13.427253,0.1341,0.1489,0.2536,0.0,Low (Single Evidence Family),Q2: Moderate-Low Relative Stress,4884
C_046_063,78.769719,13.364371,0.134,0.0806,0.3013,0.02,Low (Single Evidence Family),Q2: Moderate-Low Relative Stress,4885
C_081_044,78.599039,13.049961,0.134,0.0745,0.1502,0.1772,Baseline / Low,Q2: Moderate-Low Relative Stress,4886
C_072_097,79.075146,13.130809,0.134,0.0612,0.2377,0.1032,Low (Single Evidence Family),Q2: Moderate-Low Relative Stress,4887
C_052_061,78.751753,13.310472,0.1339,0.1522,0.241,0.0085,Low (Single Evidence Family),Q2: Moderate-Low Relative Stress,4888
C_110_012,78.311578,12.789449,0.1339,0.217,0.0467,0.1379,Low (Single Evidence Family),Q2: Moderate-Low Relative Stress,4889
C_084_034,78.509207,13.023011,0.1336,0.1949,0.1354,0.0704,Baseline / Low,Q2: Moderate-Low Relative Stress,4890
C_030_070,78.832601,13.508102,0.1335,0.0983,0.2933,0.0088,Low (Single Evidence Family),Q2: Moderate-Low Relative Stress,4891
C_046_066,78.796668,13.364371,0.1335,0.0843,0.277,0.0393,Low (Single Evidence Family),Q2: Moderate-Low Relative Stress,4892
C_071_064,78.778702,13.139792,0.1334,0.1391,0.2601,0.001,Low (Single Evidence Family),Q2: Moderate-Low Relative Stress,4893
C_051_070,78.832601,13.319455,0.1333,0.1009,0.2459,0.0531,Low (Single Evidence Family),Q2: Moderate-Low Relative Stress,4894
C_046_062,78.760736,13.364371,0.1333,0.0582,0.2758,0.0658,Low (Single Evidence Family),Q2: Moderate-Low Relative Stress,4895
C_085_035,78.518191,13.014028,0.1333,0.1445,0.1776,0.0779,Baseline / Low,Q2: Moderate-Low Relative Stress,4896
C_099_042,78.581073,12.888264,0.1333,0.1225,0.2437,0.0337,Low (Single Evidence Family),Q2: Moderate-Low Relative Stress,4897
C_055_117,79.254809,13.283523,0.1333,0.0502,0.2556,0.094,Low (Single Evidence Family),Q2: Moderate-Low Relative Stress,4898
C_025_072,78.850567,13.553017,0.1331,0.0719,0.1515,0.1759,Baseline / Low,Q2: Moderate-Low Relative Stress,4899
C_072_100,79.102096,13.130809,0.1331,0.2249,0.0936,0.0809,Low (Single Evidence Family),Q2: Moderate-Low Relative Stress,4900
C_054_089,79.003281,13.292506,0.1331,0.1121,0.1494,0.1379,Baseline / Low,Q2: Moderate-Low Relative Stress,4901
C_060_121,79.290742,13.238607,0.1331,0.1119,0.1397,0.1477,Baseline / Low,Q2: Moderate-Low Relative Stress,4902
C_071_101,79.111079,13.139792,0.133,0.1736,0.1737,0.0517,Baseline / Low,Q2: Moderate-Low Relative Stress,4903
C_062_123,79.308708,13.220641,0.133,0.1682,0.1675,0.0632,Baseline / Low,Q2: Moderate-Low Relative Stress,4904
C_045_116,79.245826,13.373354,0.133,0.1505,0.1533,0.0953,Baseline / Low,Q2: Moderate-Low Relative Stress,4905
C_022_101,79.111079,13.579967,0.133,0.083,0.2428,0.073,Low (Single Evidence Family),Q2: Moderate-Low Relative Stress,4906
C_068_090,79.012264,13.166742,0.133,0.0605,0.1496,0.189,Baseline / Low,Q2: Moderate-Low Relative Stress,4907
C_121_031,78.482258,12.690635,0.1329,0.1646,0.2342,0.0,Low (Single Evidence Family),Q2: Moderate-Low Relative Stress,4908
C_079_106,79.155994,13.067927,0.1329,0.1042,0.2371,0.0573,Low (Single Evidence Family),Q2: Moderate-Low Relative Stress,4909
C_047_063,78.769719,13.355388,0.1328,0.1121,0.2766,0.0098,Low (Single Evidence Family),Q2: Moderate-Low Relative Stress,4910
C_027_067,78.805652,13.535051,0.1328,0.1176,0.2124,0.0684,Low (Single Evidence Family),Q2: Moderate-Low Relative Stress,4911
C_052_126,79.335658,13.310472,0.1328,0.1035,0.0957,0.1991,Baseline / Low,Q2: Moderate-Low Relative Stress,4912
C_115_011,78.302595,12.744534,0.1327,0.089,0.1447,0.1644,Baseline / Low,Q2: Moderate-Low Relative Stress,4913
C_054_082,78.940399,13.292506,0.1326,0.111,0.1204,0.1664,Baseline / Low,Q2: Moderate-Low Relative Stress,4914
C_053_094,79.048197,13.301489,0.1325,0.0408,0.2877,0.0691,Low (Single Evidence Family),Q2: Moderate-Low Relative Stress,4915
C_121_002,78.221747,12.690635,0.1325,0.1006,0.2395,0.0574,Low (Single Evidence Family),Q2: Moderate-Low Relative Stress,4916
C_055_105,79.147011,13.283523,0.1324,0.0616,0.2334,0.1022,Low (Single Evidence Family),Q2: Moderate-Low Relative Stress,4917
C_018_091,79.021247,13.6159,0.1323,0.0642,0.1558,0.1768,Baseline / Low,Q2: Moderate-Low Relative Stress,4918
C_052_171,79.746008,13.310472,0.1322,0.0,0.0029,0.3936,Low (Single Evidence Family),Q2: Moderate-Low Relative Stress,4919
C_066_100,79.102096,13.184708,0.1322,0.1513,0.233,0.0124,Low (Single Evidence Family),Q2: Moderate-Low Relative Stress,4920
C_053_172,79.754991,13.301489,0.1322,0.0101,0.0521,0.3342,Low (Single Evidence Family),Q2: Moderate-Low Relative Stress,4921
C_061_081,78.931416,13.229624,0.1321,0.0751,0.1603,0.1608,Baseline / Low,Q2: Moderate-Low Relative Stress,4922
C_073_049,78.643955,13.121826,0.1321,0.0603,0.2424,0.0937,Low (Single Evidence Family),Q2: Moderate-Low Relative Stress,4923
C_058_083,78.949382,13.256573,0.1321,0.0915,0.0788,0.226,Low (Single Evidence Family),Q2: Moderate-Low Relative Stress,4924
C_035_083,78.949382,13.463186,0.132,0.1815,0.2144,0.0,Low (Single Evidence Family),Q2: Moderate-Low Relative Stress,4925
C_065_129,79.362607,13.193691,0.1319,0.1931,0.1706,0.0321,Baseline / Low,Q2: Moderate-Low Relative Stress,4926
C_060_068,78.814635,13.238607,0.1318,0.0748,0.3198,0.0007,Low (Single Evidence Family),Q2: Moderate-Low Relative Stress,4927
C_064_085,78.967348,13.202674,0.1317,0.0483,0.2005,0.1464,Low (Single Evidence Family),Q2: Moderate-Low Relative Stress,4928
C_008_093,79.039214,13.705731,0.1317,0.1237,0.1926,0.0789,Baseline / Low,Q2: Moderate-Low Relative Stress,4929
C_073_087,78.985315,13.121826,0.1316,0.086,0.1173,0.1916,Baseline / Low,Q2: Moderate-Low Relative Stress,4930
C_055_149,79.548379,13.283523,0.1316,0.1672,0.1336,0.094,Baseline / Low,Q2: Moderate-Low Relative Stress,4931
C_077_100,79.102096,13.085893,0.1315,0.0996,0.106,0.189,Baseline / Low,Q2: Moderate-Low Relative Stress,4932
C_061_104,79.138028,13.229624,0.1314,0.0963,0.0918,0.206,Low (Single Evidence Family),Q2: Moderate-Low Relative Stress,4933
C_039_140,79.46753,13.427253,0.1314,0.0961,0.2241,0.074,Low (Single Evidence Family),Q2: Moderate-Low Relative Stress,4934
C_046_076,78.8865,13.364371,0.1313,0.1347,0.2583,0.001,Low (Single Evidence Family),Q2: Moderate-Low Relative Stress,4935
C_048_067,78.805652,13.346405,0.1313,0.0929,0.2375,0.0635,Low (Single Evidence Family),Q2: Moderate-Low Relative Stress,4936
C_113_027,78.446325,12.7625,0.1312,0.1093,0.2126,0.0717,Low (Single Evidence Family),Q2: Moderate-Low Relative Stress,4937
C_063_083,78.949382,13.211658,0.1312,0.0694,0.1148,0.2093,Low (Single Evidence Family),Q2: Moderate-Low Relative Stress,4938
C_072_088,78.994298,13.130809,0.1311,0.0708,0.0887,0.2338,Low (Single Evidence Family),Q2: Moderate-Low Relative Stress,4939
C_066_081,78.931416,13.184708,0.1311,0.0903,0.2114,0.0917,Low (Single Evidence Family),Q2: Moderate-Low Relative Stress,4940
C_061_121,79.290742,13.229624,0.1311,0.2296,0.1605,0.0033,Low (Single Evidence Family),Q2: Moderate-Low Relative Stress,4941
C_069_105,79.147011,13.157759,0.131,0.047,0.0901,0.2558,Low (Single Evidence Family),Q2: Moderate-Low Relative Stress,4942
C_072_072,78.850567,13.130809,0.1309,0.1011,0.2268,0.0648,Low (Single Evidence Family),Q2: Moderate-Low Relative Stress,4943
C_027_102,79.120062,13.535051,0.1309,0.0645,0.2052,0.1231,Low (Single Evidence Family),Q2: Moderate-Low Relative Stress,4944
C_023_063,78.769719,13.570984,0.1309,0.1688,0.143,0.0809,Baseline / Low,Q2: Moderate-Low Relative Stress,4945
C_032_072,78.850567,13.490135,0.1309,0.1111,0.2245,0.057,Low (Single Evidence Family),Q2: Moderate-Low Relative Stress,4946
C_112_039,78.554123,12.771483,0.1307,0.1057,0.2241,0.0622,Low (Single Evidence Family),Q2: Moderate-Low Relative Stress,4947
C_047_113,79.218877,13.355388,0.1307,0.0428,0.099,0.2502,Low (Single Evidence Family),Q2: Moderate-Low Relative Stress,4948
C_056_107,79.164978,13.27454,0.1306,0.0358,0.2264,0.1297,Low (Single Evidence Family),Q2: Moderate-Low Relative Stress,4949
C_064_068,78.814635,13.202674,0.1306,0.0922,0.2992,0.0003,Low (Single Evidence Family),Q2: Moderate-Low Relative Stress,4950
C_038_131,79.380573,13.436236,0.1306,0.0629,0.1955,0.1333,Baseline / Low,Q2: Moderate-Low Relative Stress,4951
C_051_130,79.37159,13.319455,0.1306,0.0855,0.1138,0.1926,Baseline / Low,Q2: Moderate-Low Relative Stress,4952
C_020_086,78.976331,13.597933,0.1306,0.0466,0.1504,0.1947,Baseline / Low,Q2: Moderate-Low Relative Stress,4953
C_070_123,79.308708,13.148776,0.1305,0.1838,0.2077,0.0,Low (Single Evidence Family),Q2: Moderate-Low Relative Stress,4954
C_053_083,78.949382,13.301489,0.1304,0.0524,0.1031,0.2358,Low (Single Evidence Family),Q2: Moderate-Low Relative Stress,4955
C_029_045,78.608022,13.517085,0.1303,0.1383,0.1128,0.14,Baseline / Low,Q2: Moderate-Low Relative Stress,4956
C_038_093,79.039214,13.436236,0.1303,0.0761,0.1408,0.1739,Baseline / Low,Q2: Moderate-Low Relative Stress,4957
C_040_118,79.263792,13.41827,0.1302,0.0283,0.1344,0.2279,Low (Single Evidence Family),Q2: Moderate-Low Relative Stress,4958
C_079_061,78.751753,13.067927,0.1302,0.0605,0.3299,0.0003,Low (Single Evidence Family),Q2: Moderate-Low Relative Stress,4959
C_062_082,78.940399,13.220641,0.1302,0.0291,0.1313,0.2302,Low (Single Evidence Family),Q2: Moderate-Low Relative Stress,4960
C_053_097,79.075146,13.301489,0.1302,0.1759,0.1457,0.0691,Baseline / Low,Q2: Moderate-Low Relative Stress,4961
C_109_007,78.266662,12.798433,0.1301,0.1509,0.1031,0.1362,Baseline / Low,Q2: Moderate-Low Relative Stress,4962
C_059_110,79.191927,13.24759,0.1297,0.0491,0.1027,0.2374,Low (Single Evidence Family),Q2: Moderate-Low Relative Stress,4963
C_067_048,78.634972,13.175725,0.1297,0.0697,0.3106,0.0088,Low (Single Evidence Family),Q2: Moderate-Low Relative Stress,4964
C_045_093,79.039214,13.373354,0.1296,0.0486,0.1667,0.1736,Baseline / Low,Q2: Moderate-Low Relative Stress,4965
C_035_082,78.940399,13.463186,0.1296,0.1724,0.2147,0.0016,Low (Single Evidence Family),Q2: Moderate-Low Relative Stress,4966
C_046_091,79.021247,13.364371,0.1296,0.2018,0.1611,0.0259,Low (Single Evidence Family),Q2: Moderate-Low Relative Stress,4967
C_049_070,78.832601,13.337422,0.1296,0.1278,0.2608,0.0003,Low (Single Evidence Family),Q2: Moderate-Low Relative Stress,4968
C_041_092,79.03023,13.409287,0.1295,0.1102,0.1879,0.0904,Baseline / Low,Q2: Moderate-Low Relative Stress,4969
C_068_042,78.581073,13.166742,0.1295,0.1428,0.184,0.0619,Baseline / Low,Q2: Moderate-Low Relative Stress,4970
C_083_031,78.482258,13.031995,0.1293,0.0611,0.2735,0.0534,Low (Single Evidence Family),Q2: Moderate-Low Relative Stress,4971
C_048_069,78.823618,13.346405,0.1293,0.1122,0.2754,0.0003,Low (Single Evidence Family),Q2: Moderate-Low Relative Stress,4972
C_041_081,78.931416,13.409287,0.1292,0.145,0.2303,0.0124,Low (Single Evidence Family),Q2: Moderate-Low Relative Stress,4973
C_018_090,79.012264,13.6159,0.129,0.0861,0.2371,0.0639,Low (Single Evidence Family),Q2: Moderate-Low Relative Stress,4974
C_031_066,78.796668,13.499119,0.129,0.0986,0.2486,0.0396,Low (Single Evidence Family),Q2: Moderate-Low Relative Stress,4975
C_041_056,78.706837,13.409287,0.129,0.1258,0.192,0.0691,Baseline / Low,Q2: Moderate-Low Relative Stress,4976
C_050_130,79.37159,13.328439,0.1289,0.0701,0.184,0.1326,Baseline / Low,Q2: Moderate-Low Relative Stress,4977
C_021_068,78.814635,13.58895,0.1288,0.1508,0.2342,0.0013,Low (Single Evidence Family),Q2: Moderate-Low Relative Stress,4978
C_060_091,79.021247,13.238607,0.1287,0.075,0.0696,0.2417,Low (Single Evidence Family),Q2: Moderate-Low Relative Stress,4979
C_043_115,79.236843,13.391321,0.1286,0.1035,0.1511,0.1313,Baseline / Low,Q2: Moderate-Low Relative Stress,4980
C_020_087,78.985315,13.597933,0.1285,0.1159,0.0941,0.1755,Baseline / Low,Q2: Moderate-Low Relative Stress,4981
C_051_071,78.841584,13.319455,0.1284,0.137,0.2459,0.0023,Low (Single Evidence Family),Q2: Moderate-Low Relative Stress,4982
C_064_101,79.111079,13.202674,0.1284,0.1977,0.1352,0.0524,Baseline / Low,Q2: Moderate-Low Relative Stress,4983
C_042_125,79.326674,13.400304,0.1284,0.2304,0.1486,0.0062,Low (Single Evidence Family),Q2: Moderate-Low Relative Stress,4984
C_110_019,78.37446,12.789449,0.1284,0.0921,0.1521,0.1411,Baseline / Low,Q2: Moderate-Low Relative Stress,4985
C_111_040,78.563106,12.780466,0.1283,0.0621,0.0926,0.2302,Low (Single Evidence Family),Q2: Moderate-Low Relative Stress,4986
C_070_078,78.904466,13.148776,0.1282,0.0882,0.2538,0.0426,Low (Single Evidence Family),Q2: Moderate-Low Relative Stress,4987
C_053_064,78.778702,13.301489,0.1282,0.1379,0.2466,0.0,Low (Single Evidence Family),Q2: Moderate-Low Relative Stress,4988
C_019_074,78.868534,13.606916,0.1282,0.0255,0.173,0.1863,Baseline / Low,Q2: Moderate-Low Relative Stress,4989
C_053_070,78.832601,13.301489,0.1282,0.1061,0.2494,0.0291,Low (Single Evidence Family),Q2: Moderate-Low Relative Stress,4990
C_069_104,79.138028,13.157759,0.1281,0.0472,0.1832,0.1539,Baseline / Low,Q2: Moderate-Low Relative Stress,4991
C_051_085,78.967348,13.319455,0.128,0.1322,0.1329,0.1189,Baseline / Low,Q2: Moderate-Low Relative Stress,4992
C_053_073,78.85955,13.301489,0.128,0.074,0.1529,0.1572,Baseline / Low,Q2: Moderate-Low Relative Stress,4993
C_071_068,78.814635,13.139792,0.1279,0.112,0.2719,0.0,Low (Single Evidence Family),Q2: Moderate-Low Relative Stress,4994
C_048_065,78.787685,13.346405,0.1278,0.1051,0.2782,0.0,Low (Single Evidence Family),Q2: Moderate-Low Relative Stress,4995
C_043_078,78.904466,13.391321,0.1277,0.2447,0.1383,0.0,Low (Single Evidence Family),Q2: Moderate-Low Relative Stress,4996
C_040_135,79.422614,13.41827,0.1277,0.1266,0.0938,0.1628,Baseline / Low,Q2: Moderate-Low Relative Stress,4997
C_106_011,78.302595,12.825382,0.1276,0.1797,0.15,0.0531,Baseline / Low,Q2: Moderate-Low Relative Stress,4998
C_017_074,78.868534,13.624883,0.1276,0.0729,0.1556,0.1542,Baseline / Low,Q2: Moderate-Low Relative Stress,4999
C_116_031,78.482258,12.735551,0.1275,0.1644,0.2182,0.0,Low (Single Evidence Family),Q2: Moderate-Low Relative Stress,5000
C_071_078,78.904466,13.139792,0.1275,0.1419,0.1702,0.0704,Baseline / Low,Q2: Moderate-Low Relative Stress,5001
C_120_002,78.221747,12.699618,0.1274,0.04,0.2087,0.1336,Low (Single Evidence Family),Q2: Moderate-Low Relative Stress,5002
C_043_117,79.254809,13.391321,0.1274,0.0691,0.197,0.1163,Baseline / Low,Q2: Moderate-Low Relative Stress,5003
C_046_100,79.102096,13.364371,0.1272,0.0711,0.1233,0.1873,Baseline / Low,Q2: Moderate-Low Relative Stress,5004
C_042_093,79.039214,13.400304,0.1271,0.0883,0.0998,0.1932,Baseline / Low,Q2: Moderate-Low Relative Stress,5005
C_040_077,78.895483,13.41827,0.1271,0.1595,0.2217,0.0,Low (Single Evidence Family),Q2: Moderate-Low Relative Stress,5006
C_066_083,78.949382,13.184708,0.127,0.0508,0.1739,0.1562,Baseline / Low,Q2: Moderate-Low Relative Stress,5007
C_079_096,79.066163,13.067927,0.1268,0.0339,0.2025,0.1441,Low (Single Evidence Family),Q2: Moderate-Low Relative Stress,5008
C_053_113,79.218877,13.301489,0.1267,0.0465,0.1537,0.1798,Baseline / Low,Q2: Moderate-Low Relative Stress,5009
C_029_060,78.742769,13.517085,0.1267,0.1007,0.2719,0.0075,Low (Single Evidence Family),Q2: Moderate-Low Relative Stress,5010
C_047_158,79.629227,13.355388,0.1266,0.0455,0.1787,0.1557,Baseline / Low,Q2: Moderate-Low Relative Stress,5011
C_119_032,78.491241,12.708601,0.1266,0.1572,0.2173,0.0052,Low (Single Evidence Family),Q2: Moderate-Low Relative Stress,5012
C_019_095,79.05718,13.606916,0.1266,0.0982,0.1239,0.1578,Baseline / Low,Q2: Moderate-Low Relative Stress,5013
C_078_095,79.05718,13.07691,0.1264,0.0675,0.1348,0.1768,Baseline / Low,Q2: Moderate-Low Relative Stress,5014
C_064_074,78.868534,13.202674,0.1263,0.1665,0.2062,0.0062,Low (Single Evidence Family),Q2: Moderate-Low Relative Stress,5015
C_069_072,78.850567,13.157759,0.1263,0.0456,0.1817,0.1516,Baseline / Low,Q2: Moderate-Low Relative Stress,5016
C_032_081,78.931416,13.490135,0.1263,0.1438,0.2184,0.0167,Low (Single Evidence Family),Q2: Moderate-Low Relative Stress,5017
C_037_043,78.590056,13.44522,0.1263,0.0621,0.1115,0.2053,Low (Single Evidence Family),Q2: Moderate-Low Relative Stress,5018
C_070_065,78.787685,13.148776,0.1262,0.0987,0.2521,0.0278,Low (Single Evidence Family),Q2: Moderate-Low Relative Stress,5019
C_043_126,79.335658,13.391321,0.1262,0.0311,0.1651,0.1824,Baseline / Low,Q2: Moderate-Low Relative Stress,5020
C_044_061,78.751753,13.382338,0.1261,0.1033,0.275,0.0,Low (Single Evidence Family),Q2: Moderate-Low Relative Stress,5021
C_030_074,78.868534,13.508102,0.1261,0.1149,0.2112,0.0524,Low (Single Evidence Family),Q2: Moderate-Low Relative Stress,5022
C_069_076,78.8865,13.157759,0.126,0.047,0.1218,0.2093,Low (Single Evidence Family),Q2: Moderate-Low Relative Stress,5023
C_043_074,78.868534,13.391321,0.126,0.1361,0.1539,0.0881,Baseline / Low,Q2: Moderate-Low Relative Stress,5024
C_052_068,78.814635,13.310472,0.126,0.1206,0.2533,0.0039,Low (Single Evidence Family),Q2: Moderate-Low Relative Stress,5025
C_044_059,78.733786,13.382338,0.1259,0.1584,0.2179,0.0013,Low (Single Evidence Family),Q2: Moderate-Low Relative Stress,5026
C_102_026,78.437342,12.861315,0.1258,0.0682,0.1498,0.1595,Baseline / Low,Q2: Moderate-Low Relative Stress,5027
C_012_088,78.994298,13.669798,0.1258,0.0905,0.1214,0.1655,Baseline / Low,Q2: Moderate-Low Relative Stress,5028
C_050_074,78.868534,13.328439,0.1258,0.0963,0.2797,0.0013,Low (Single Evidence Family),Q2: Moderate-Low Relative Stress,5029
C_096_028,78.455309,12.915214,0.1257,0.0844,0.235,0.0577,Low (Single Evidence Family),Q2: Moderate-Low Relative Stress,5030
C_037_120,79.281759,13.44522,0.1257,0.0827,0.1566,0.1379,Baseline / Low,Q2: Moderate-Low Relative Stress,5031
C_031_064,78.778702,13.499119,0.1257,0.1027,0.2622,0.0121,Low (Single Evidence Family),Q2: Moderate-Low Relative Stress,5032
C_036_127,79.344641,13.454203,0.1256,0.0417,0.0759,0.259,Low (Single Evidence Family),Q2: Moderate-Low Relative Stress,5033
C_045_066,78.796668,13.373354,0.1256,0.0971,0.2136,0.0662,Low (Single Evidence Family),Q2: Moderate-Low Relative Stress,5034
C_046_069,78.823618,13.364371,0.1256,0.0848,0.2315,0.0606,Low (Single Evidence Family),Q2: Moderate-Low Relative Stress,5035
C_059_093,79.039214,13.24759,0.1256,0.0363,0.2081,0.1323,Low (Single Evidence Family),Q2: Moderate-Low Relative Stress,5036
C_068_092,79.03023,13.166742,0.1254,0.0952,0.1702,0.1107,Baseline / Low,Q2: Moderate-Low Relative Stress,5037
C_021_074,78.868534,13.58895,0.1253,0.0504,0.122,0.2034,Low (Single Evidence Family),Q2: Moderate-Low Relative Stress,5038
C_025_096,79.066163,13.553017,0.1253,0.0337,0.0753,0.2669,Low (Single Evidence Family),Q2: Moderate-Low Relative Stress,5039
C_045_083,78.949382,13.373354,0.1251,0.1894,0.186,0.0,Baseline / Low,Q2: Moderate-Low Relative Stress,5040
C_033_083,78.949382,13.481152,0.1251,0.1564,0.2147,0.0043,Low (Single Evidence Family),Q2: Moderate-Low Relative Stress,5041
C_067_053,78.679887,13.175725,0.1251,0.1208,0.1638,0.0907,Baseline / Low,Q2: Moderate-Low Relative Stress,5042
C_050_076,78.8865,13.328439,0.125,0.1458,0.2293,0.0,Low (Single Evidence Family),Q2: Moderate-Low Relative Stress,5043
C_031_085,78.967348,13.499119,0.1249,0.1322,0.2354,0.0072,Low (Single Evidence Family),Q2: Moderate-Low Relative Stress,5044
C_061_133,79.39854,13.229624,0.1248,0.3308,0.0436,0.0,Low (Single Evidence Family),Q2: Moderate-Low Relative Stress,5045
C_075_064,78.778702,13.10386,0.1248,0.1101,0.213,0.0514,Low (Single Evidence Family),Q2: Moderate-Low Relative Stress,5046
C_049_062,78.760736,13.337422,0.1246,0.0582,0.2293,0.0865,Low (Single Evidence Family),Q2: Moderate-Low Relative Stress,5047
C_042_060,78.742769,13.400304,0.1246,0.127,0.2468,0.0,Low (Single Evidence Family),Q2: Moderate-Low Relative Stress,5048
C_113_025,78.428359,12.7625,0.1245,0.0946,0.1646,0.1143,Baseline / Low,Q2: Moderate-Low Relative Stress,5049
C_077_051,78.661921,13.085893,0.1244,0.068,0.1807,0.1244,Baseline / Low,Q2: Moderate-Low Relative Stress,5050
C_061_085,78.967348,13.229624,0.1244,0.166,0.1632,0.0439,Baseline / Low,Q2: Moderate-Low Relative Stress,5051
C_127_025,78.428359,12.636736,0.1244,0.0788,0.2018,0.0925,Low (Single Evidence Family),Q2: Moderate-Low Relative Stress,5052
C_043_136,79.431598,13.391321,0.1241,0.0781,0.1461,0.148,Baseline / Low,Q2: Moderate-Low Relative Stress,5053
C_047_072,78.850567,13.355388,0.1241,0.1297,0.2229,0.0196,Low (Single Evidence Family),Q2: Moderate-Low Relative Stress,5054
C_020_102,79.120062,13.597933,0.1237,0.1145,0.2112,0.0455,Low (Single Evidence Family),Q2: Moderate-Low Relative Stress,5055
C_067_128,79.353624,13.175725,0.1236,0.0542,0.3163,0.0003,Low (Single Evidence Family),Q2: Moderate-Low Relative Stress,5056
C_049_125,79.326674,13.337422,0.1235,0.0182,0.0,0.3524,Low (Single Evidence Family),Q2: Moderate-Low Relative Stress,5057
C_065_105,79.147011,13.193691,0.1234,0.0879,0.1004,0.1818,Baseline / Low,Q2: Moderate-Low Relative Stress,5058
C_009_088,78.994298,13.696748,0.1234,0.062,0.1286,0.1795,Baseline / Low,Q2: Moderate-Low Relative Stress,5059
C_065_074,78.868534,13.193691,0.1234,0.1085,0.233,0.0288,Low (Single Evidence Family),Q2: Moderate-Low Relative Stress,5060
C_021_070,78.832601,13.58895,0.1234,0.1918,0.1782,0.0003,Baseline / Low,Q2: Moderate-Low Relative Stress,5061
C_071_039,78.554123,13.139792,0.1234,0.0777,0.108,0.1844,Baseline / Low,Q2: Moderate-Low Relative Stress,5062
C_054_132,79.389556,13.292506,0.1234,0.2265,0.1264,0.0174,Low (Single Evidence Family),Q2: Moderate-Low Relative Stress,5063
C_049_052,78.670904,13.337422,0.1234,0.1059,0.2268,0.0377,Low (Single Evidence Family),Q2: Moderate-Low Relative Stress,5064
C_064_069,78.823618,13.202674,0.1234,0.0781,0.2896,0.0026,Low (Single Evidence Family),Q2: Moderate-Low Relative Stress,5065
C_042_137,79.440581,13.400304,0.1234,0.0968,0.1459,0.1274,Baseline / Low,Q2: Moderate-Low Relative Stress,5066
C_038_052,78.670904,13.436236,0.1234,0.1112,0.1472,0.112,Baseline / Low,Q2: Moderate-Low Relative Stress,5067
C_050_063,78.769719,13.328439,0.1233,0.0797,0.2447,0.0455,Low (Single Evidence Family),Q2: Moderate-Low Relative Stress,5068
C_059_066,78.796668,13.24759,0.1233,0.0999,0.2326,0.0373,Low (Single Evidence Family),Q2: Moderate-Low Relative Stress,5069
C_060_079,78.913449,13.238607,0.1233,0.127,0.1805,0.0625,Baseline / Low,Q2: Moderate-Low Relative Stress,5070
C_059_134,79.407523,13.24759,0.1233,0.1615,0.1124,0.096,Baseline / Low,Q2: Moderate-Low Relative Stress,5071
C_048_063,78.769719,13.346405,0.1232,0.1017,0.2556,0.0124,Low (Single Evidence Family),Q2: Moderate-Low Relative Stress,5072
C_056_064,78.778702,13.27454,0.1232,0.1162,0.2507,0.0026,Low (Single Evidence Family),Q2: Moderate-Low Relative Stress,5073
C_050_082,78.940399,13.328439,0.123,0.0349,0.1245,0.2096,Low (Single Evidence Family),Q2: Moderate-Low Relative Stress,5074
C_029_086,78.976331,13.517085,0.123,0.0745,0.2624,0.0321,Low (Single Evidence Family),Q2: Moderate-Low Relative Stress,5075
C_050_114,79.22786,13.328439,0.1229,0.1121,0.1439,0.1127,Baseline / Low,Q2: Moderate-Low Relative Stress,5076
C_051_061,78.751753,13.319455,0.1229,0.0862,0.2387,0.0439,Low (Single Evidence Family),Q2: Moderate-Low Relative Stress,5077
C_046_109,79.182944,13.364371,0.1228,0.091,0.1412,0.1362,Baseline / Low,Q2: Moderate-Low Relative Stress,5078
C_071_067,78.805652,13.139792,0.1228,0.0461,0.3217,0.0007,Low (Single Evidence Family),Q2: Moderate-Low Relative Stress,5079
C_029_069,78.823618,13.517085,0.1228,0.071,0.2943,0.0029,Low (Single Evidence Family),Q2: Moderate-Low Relative Stress,5080
C_073_048,78.634972,13.121826,0.1227,0.0582,0.1519,0.1582,Baseline / Low,Q2: Moderate-Low Relative Stress,5081
C_107_011,78.302595,12.816399,0.1227,0.1263,0.1387,0.1032,Baseline / Low,Q2: Moderate-Low Relative Stress,5082
C_047_078,78.904466,13.355388,0.1227,0.1368,0.2311,0.0003,Low (Single Evidence Family),Q2: Moderate-Low Relative Stress,5083
C_042_072,78.850567,13.400304,0.1227,0.0527,0.2258,0.0897,Low (Single Evidence Family),Q2: Moderate-Low Relative Stress,5084
C_022_090,79.012264,13.579967,0.1227,0.0529,0.1105,0.2047,Low (Single Evidence Family),Q2: Moderate-Low Relative Stress,5085
C_075_072,78.850567,13.10386,0.1226,0.0422,0.1239,0.2017,Low (Single Evidence Family),Q2: Moderate-Low Relative Stress,5086
C_091_044,78.599039,12.960129,0.1226,0.114,0.1965,0.0573,Baseline / Low,Q2: Moderate-Low Relative Stress,5087
C_038_135,79.422614,13.436236,0.1226,0.1212,0.2257,0.021,Low (Single Evidence Family),Q2: Moderate-Low Relative Stress,5088
C_071_113,79.218877,13.139792,0.1225,0.1206,0.1976,0.0493,Baseline / Low,Q2: Moderate-Low Relative Stress,5089
C_049_076,78.8865,13.337422,0.1224,0.114,0.1924,0.0606,Baseline / Low,Q2: Moderate-Low Relative Stress,5090
C_091_045,78.608022,12.960129,0.1224,0.1316,0.2186,0.017,Low (Single Evidence Family),Q2: Moderate-Low Relative Stress,5091
C_056_069,78.823618,13.27454,0.1224,0.1379,0.2293,0.0,Low (Single Evidence Family),Q2: Moderate-Low Relative Stress,5092
C_080_043,78.590056,13.058944,0.1224,0.1427,0.1978,0.0269,Baseline / Low,Q2: Moderate-Low Relative Stress,5093
C_051_171,79.746008,13.319455,0.1223,0.0005,0.0027,0.3638,Low (Single Evidence Family),Q2: Moderate-Low Relative Stress,5094
C_123_016,78.347511,12.672668,0.1223,0.0155,0.0432,0.3082,Low (Single Evidence Family),Q2: Moderate-Low Relative Stress,5095
C_063_126,79.335658,13.211658,0.1223,0.2309,0.136,0.0,Low (Single Evidence Family),Q2: Moderate-Low Relative Stress,5096
C_065_069,78.823618,13.193691,0.1222,0.0627,0.2947,0.0092,Low (Single Evidence Family),Q2: Moderate-Low Relative Stress,5097
C_047_094,79.048197,13.355388,0.1221,0.096,0.162,0.1084,Baseline / Low,Q2: Moderate-Low Relative Stress,5098
C_036_077,78.895483,13.454203,0.1221,0.0424,0.1807,0.1431,Baseline / Low,Q2: Moderate-Low Relative Stress,5099
C_001_098,79.084129,13.768613,0.122,0.0323,0.1981,0.1356,Baseline / Low,Q2: Moderate-Low Relative Stress,5100
C_021_077,78.895483,13.58895,0.122,0.0629,0.0646,0.2383,Low (Single Evidence Family),Q2: Moderate-Low Relative Stress,5101
C_042_115,79.236843,13.400304,0.122,0.0697,0.1163,0.1801,Baseline / Low,Q2: Moderate-Low Relative Stress,5102
C_058_053,78.679887,13.256573,0.1219,0.1011,0.199,0.0655,Baseline / Low,Q2: Moderate-Low Relative Stress,5103
C_052_105,79.147011,13.310472,0.1218,0.0911,0.1437,0.1307,Baseline / Low,Q2: Moderate-Low Relative Stress,5104
C_063_070,78.832601,13.211658,0.1218,0.0699,0.2091,0.0865,Low (Single Evidence Family),Q2: Moderate-Low Relative Stress,5105
C_041_091,79.021247,13.409287,0.1217,0.0836,0.2531,0.0285,Low (Single Evidence Family),Q2: Moderate-Low Relative Stress,5106
C_070_105,79.147011,13.148776,0.1215,0.0913,0.108,0.165,Baseline / Low,Q2: Moderate-Low Relative Stress,5107
C_024_095,79.05718,13.562001,0.1214,0.0717,0.1601,0.1323,Baseline / Low,Q2: Moderate-Low Relative Stress,5108
C_051_084,78.958365,13.319455,0.1212,0.1488,0.1327,0.0822,Baseline / Low,Q2: Moderate-Low Relative Stress,5109
C_049_121,79.290742,13.337422,0.1212,0.1455,0.1334,0.0848,Baseline / Low,Q2: Moderate-Low Relative Stress,5110
C_069_080,78.922433,13.157759,0.1212,0.0551,0.2087,0.0999,Low (Single Evidence Family),Q2: Moderate-Low Relative Stress,5111
C_029_068,78.814635,13.517085,0.1211,0.1152,0.2482,0.0,Low (Single Evidence Family),Q2: Moderate-Low Relative Stress,5112
C_045_075,78.877517,13.373354,0.1211,0.1265,0.1723,0.0645,Baseline / Low,Q2: Moderate-Low Relative Stress,5113
C_033_070,78.832601,13.481152,0.1211,0.1549,0.176,0.0324,Baseline / Low,Q2: Moderate-Low Relative Stress,5114
C_073_075,78.877517,13.121826,0.1211,0.0964,0.2463,0.0206,Low (Single Evidence Family),Q2: Moderate-Low Relative Stress,5115
C_058_124,79.317691,13.256573,0.121,0.1197,0.1389,0.1045,Baseline / Low,Q2: Moderate-Low Relative Stress,5116
C_045_123,79.308708,13.373354,0.121,0.057,0.136,0.17,Baseline / Low,Q2: Moderate-Low Relative Stress,5117
C_051_095,79.05718,13.319455,0.1208,0.0761,0.1642,0.1221,Baseline / Low,Q2: Moderate-Low Relative Stress,5118
C_023_096,79.066163,13.570984,0.1208,0.0398,0.2023,0.1202,Low (Single Evidence Family),Q2: Moderate-Low Relative Stress,5119
C_062_134,79.407523,13.220641,0.1208,0.1495,0.0875,0.1254,Baseline / Low,Q2: Moderate-Low Relative Stress,5120
C_052_072,78.850567,13.310472,0.1207,0.1232,0.2227,0.016,Low (Single Evidence Family),Q2: Moderate-Low Relative Stress,5121
C_044_078,78.904466,13.382338,0.1206,0.1424,0.2194,0.0,Low (Single Evidence Family),Q2: Moderate-Low Relative Stress,5122
C_099_038,78.54514,12.888264,0.1206,0.054,0.1443,0.1634,Baseline / Low,Q2: Moderate-Low Relative Stress,5123
C_124_018,78.365477,12.663685,0.1206,0.016,0.0512,0.2944,Low (Single Evidence Family),Q2: Moderate-Low Relative Stress,5124
C_124_026,78.437342,12.663685,0.1206,0.1476,0.0543,0.1598,Baseline / Low,Q2: Moderate-Low Relative Stress,5125
C_075_062,78.760736,13.10386,0.1205,0.0707,0.1959,0.095,Baseline / Low,Q2: Moderate-Low Relative Stress,5126
C_026_085,78.967348,13.544034,0.1205,0.0917,0.1788,0.091,Baseline / Low,Q2: Moderate-Low Relative Stress,5127
C_045_058,78.724803,13.373354,0.1204,0.1004,0.2457,0.0151,Low (Single Evidence Family),Q2: Moderate-Low Relative Stress,5128
C_110_020,78.383443,12.789449,0.1204,0.0305,0.0638,0.2669,Low (Single Evidence Family),Q2: Moderate-Low Relative Stress,5129
C_027_083,78.949382,13.535051,0.1203,0.0666,0.1823,0.112,Baseline / Low,Q2: Moderate-Low Relative Stress,5130
C_044_075,78.877517,13.382338,0.1202,0.1346,0.2179,0.0082,Low (Single Evidence Family),Q2: Moderate-Low Relative Stress,5131
C_050_079,78.913449,13.328439,0.1202,0.0854,0.1208,0.1542,Baseline / Low,Q2: Moderate-Low Relative Stress,5132
C_048_050,78.652938,13.346405,0.1202,0.1239,0.2134,0.0233,Low (Single Evidence Family),Q2: Moderate-Low Relative Stress,5133
C_040_079,78.913449,13.41827,0.1202,0.185,0.1756,0.0,Baseline / Low,Q2: Moderate-Low Relative Stress,5134
C_092_046,78.617005,12.951146,0.1201,0.1301,0.214,0.016,Low (Single Evidence Family),Q2: Moderate-Low Relative Stress,5135
C_063_124,79.317691,13.211658,0.12,0.1006,0.1502,0.1091,Baseline / Low,Q2: Moderate-Low Relative Stress,5136
C_074_094,79.048197,13.112843,0.1199,0.0635,0.1893,0.1068,Baseline / Low,Q2: Moderate-Low Relative Stress,5137
C_066_084,78.958365,13.184708,0.1198,0.0879,0.0862,0.1854,Baseline / Low,Q2: Moderate-Low Relative Stress,5138
C_041_051,78.661921,13.409287,0.1197,0.1394,0.1885,0.0311,Baseline / Low,Q2: Moderate-Low Relative Stress,5139
C_035_121,79.290742,13.463186,0.1197,0.0897,0.2058,0.0635,Low (Single Evidence Family),Q2: Moderate-Low Relative Stress,5140
C_127_027,78.446325,12.636736,0.1195,0.0712,0.1313,0.1559,Baseline / Low,Q2: Moderate-Low Relative Stress,5141
C_044_102,79.120062,13.382338,0.1195,0.0363,0.1163,0.206,Low (Single Evidence Family),Q2: Moderate-Low Relative Stress,5142
C_058_047,78.625988,13.256573,0.1195,0.0933,0.0825,0.1827,Baseline / Low,Q2: Moderate-Low Relative Stress,5143
C_063_084,78.958365,13.211658,0.1195,0.0743,0.0852,0.1991,Baseline / Low,Q2: Moderate-Low Relative Stress,5144
C_049_088,78.994298,13.337422,0.1194,0.0088,0.0387,0.3108,Low (Single Evidence Family),Q2: Moderate-Low Relative Stress,5145
C_041_085,78.967348,13.409287,0.1193,0.0938,0.2262,0.038,Low (Single Evidence Family),Q2: Moderate-Low Relative Stress,5146
C_034_075,78.877517,13.472169,0.1193,0.0762,0.219,0.0629,Low (Single Evidence Family),Q2: Moderate-Low Relative Stress,5147
C_038_064,78.778702,13.436236,0.1192,0.1438,0.2124,0.0013,Low (Single Evidence Family),Q2: Moderate-Low Relative Stress,5148
C_045_121,79.290742,13.373354,0.1191,0.08,0.2566,0.0206,Low (Single Evidence Family),Q2: Moderate-Low Relative Stress,5149
C_110_043,78.590056,12.789449,0.119,0.0002,0.0,0.3569,Low (Single Evidence Family),Q2: Moderate-Low Relative Stress,5150
C_066_109,79.182944,13.184708,0.119,0.1201,0.1784,0.0583,Baseline / Low,Q2: Moderate-Low Relative Stress,5151
C_015_089,79.003281,13.642849,0.1189,0.0306,0.2089,0.1172,Low (Single Evidence Family),Q2: Moderate-Low Relative Stress,5152
C_075_098,79.084129,13.10386,0.1189,0.0579,0.2132,0.0855,Low (Single Evidence Family),Q2: Moderate-Low Relative Stress,5153
C_056_060,78.742769,13.27454,0.1188,0.1503,0.1998,0.0062,Baseline / Low,Q2: Moderate-Low Relative Stress,5154
C_052_066,78.796668,13.310472,0.1188,0.0787,0.1636,0.114,Baseline / Low,Q2: Moderate-Low Relative Stress,5155
C_074_079,78.913449,13.112843,0.1188,0.1341,0.1381,0.0842,Baseline / Low,Q2: Moderate-Low Relative Stress,5156
C_001_093,79.039214,13.768613,0.1187,0.0561,0.1482,0.152,Baseline / Low,Q2: Moderate-Low Relative Stress,5157
C_119_009,78.284629,12.708601,0.1187,0.1802,0.1758,0.0,Baseline / Low,Q2: Moderate-Low Relative Stress,5158
C_026_060,78.742769,13.544034,0.1186,0.1101,0.2251,0.0205,Low (Single Evidence Family),Q2: Moderate-Low Relative Stress,5159
C_050_061,78.751753,13.328439,0.1186,0.0979,0.1817,0.0763,Baseline / Low,Q2: Moderate-Low Relative Stress,5160
C_066_091,79.021247,13.184708,0.1186,0.0943,0.077,0.1844,Baseline / Low,Q2: Moderate-Low Relative Stress,5161
C_102_008,78.275646,12.861315,0.1186,0.1388,0.1603,0.0567,Baseline / Low,Q2: Moderate-Low Relative Stress,5162
C_019_088,78.994298,13.606916,0.1185,0.0581,0.2334,0.0642,Low (Single Evidence Family),Q2: Moderate-Low Relative Stress,5163
C_090_047,78.625988,12.969113,0.1185,0.1535,0.2019,0.0,Low (Single Evidence Family),Q2: Moderate-Low Relative Stress,5164
C_063_094,79.048197,13.211658,0.1185,0.0857,0.1537,0.1159,Baseline / Low,Q2: Moderate-Low Relative Stress,5165
C_021_067,78.805652,13.58895,0.1183,0.0266,0.0981,0.2301,Low (Single Evidence Family),Q2: Moderate-Low Relative Stress,5166
C_068_101,79.111079,13.166742,0.1183,0.1164,0.191,0.0475,Baseline / Low,Q2: Moderate-Low Relative Stress,5167
C_074_107,79.164978,13.112843,0.1182,0.0615,0.1568,0.1362,Baseline / Low,Q2: Moderate-Low Relative Stress,5168
C_021_075,78.877517,13.58895,0.1181,0.0431,0.0736,0.2377,Low (Single Evidence Family),Q2: Moderate-Low Relative Stress,5169
C_033_079,78.913449,13.481152,0.1181,0.0878,0.1904,0.076,Baseline / Low,Q2: Moderate-Low Relative Stress,5170
C_081_032,78.491241,13.049961,0.118,0.1087,0.179,0.0664,Baseline / Low,Q2: Moderate-Low Relative Stress,5171
C_019_099,79.093112,13.606916,0.1178,0.0407,0.1969,0.1158,Baseline / Low,Q2: Moderate-Low Relative Stress,5172
C_046_056,78.706837,13.364371,0.1178,0.1277,0.2175,0.0082,Low (Single Evidence Family),Q2: Moderate-Low Relative Stress,5173
C_057_171,79.746008,13.265557,0.1178,0.0,0.0,0.3533,Low (Single Evidence Family),Q2: Moderate-Low Relative Stress,5174
C_051_087,78.985315,13.319455,0.1176,0.0891,0.12,0.1438,Baseline / Low,Q2: Moderate-Low Relative Stress,5175
C_047_114,79.22786,13.355388,0.1176,0.0615,0.1548,0.1366,Baseline / Low,Q2: Moderate-Low Relative Stress,5176
C_079_062,78.760736,13.067927,0.1175,0.0843,0.2678,0.0003,Low (Single Evidence Family),Q1: Lower Relative Stress,5177
C_036_031,78.482258,13.454203,0.1175,0.015,0.3375,0.0,Low (Single Evidence Family),Q1: Lower Relative Stress,5178
C_113_036,78.527174,12.7625,0.1174,0.0743,0.0714,0.2066,Low (Single Evidence Family),Q1: Lower Relative Stress,5179
C_049_122,79.299725,13.337422,0.1173,0.1922,0.1568,0.0029,Baseline / Low,Q1: Lower Relative Stress,5180
C_041_095,79.05718,13.409287,0.1173,0.1604,0.0951,0.0963,Baseline / Low,Q1: Lower Relative Stress,5181
C_045_059,78.733786,13.373354,0.1173,0.099,0.2503,0.0026,Low (Single Evidence Family),Q1: Lower Relative Stress,5182
C_075_106,79.155994,13.10386,0.1172,0.0563,0.0877,0.2076,Low (Single Evidence Family),Q1: Lower Relative Stress,5183
C_099_024,78.419376,12.888264,0.1172,0.099,0.0737,0.1788,Baseline / Low,Q1: Lower Relative Stress,5184
C_052_099,79.093112,13.310472,0.117,0.0991,0.1776,0.0743,Baseline / Low,Q1: Lower Relative Stress,5185
C_073_072,78.850567,13.121826,0.117,0.1013,0.1918,0.058,Baseline / Low,Q1: Lower Relative Stress,5186
C_082_102,79.120062,13.040978,0.117,0.1385,0.1988,0.0138,Baseline / Low,Q1: Lower Relative Stress,5187
C_047_118,79.263792,13.355388,0.117,0.0675,0.2251,0.0583,Low (Single Evidence Family),Q1: Lower Relative Stress,5188
C_042_138,79.449564,13.400304,0.117,0.1259,0.1809,0.0442,Baseline / Low,Q1: Lower Relative Stress,5189
C_057_045,78.608022,13.265557,0.1169,0.0503,0.2126,0.0878,Low (Single Evidence Family),Q1: Lower Relative Stress,5190
C_050_104,79.138028,13.328439,0.1169,0.0732,0.1212,0.1562,Baseline / Low,Q1: Lower Relative Stress,5191
C_054_060,78.742769,13.292506,0.1169,0.0682,0.282,0.0007,Low (Single Evidence Family),Q1: Lower Relative Stress,5192
C_052_080,78.922433,13.310472,0.1168,0.0625,0.1056,0.1824,Baseline / Low,Q1: Lower Relative Stress,5193
C_028_099,79.093112,13.526068,0.1168,0.035,0.1924,0.1228,Baseline / Low,Q1: Lower Relative Stress,5194
C_069_111,79.20091,13.157759,0.1168,0.0218,0.0883,0.2404,Low (Single Evidence Family),Q1: Lower Relative Stress,5195
C_031_082,78.940399,13.499119,0.1167,0.2162,0.1299,0.0039,Low (Single Evidence Family),Q1: Lower Relative Stress,5196
C_036_085,78.967348,13.454203,0.1166,0.1771,0.1723,0.0003,Baseline / Low,Q1: Lower Relative Stress,5197
C_045_078,78.904466,13.373354,0.1165,0.1457,0.2035,0.0003,Low (Single Evidence Family),Q1: Lower Relative Stress,5198
C_067_115,79.236843,13.175725,0.1165,0.0855,0.1053,0.1588,Baseline / Low,Q1: Lower Relative Stress,5199
C_103_028,78.455309,12.852332,0.1165,0.0408,0.1066,0.2021,Low (Single Evidence Family),Q1: Lower Relative Stress,5200
C_057_125,79.326674,13.265557,0.1165,0.0483,0.0887,0.2125,Low (Single Evidence Family),Q1: Lower Relative Stress,5201
C_054_084,78.958365,13.292506,0.1164,0.0806,0.0854,0.1831,Baseline / Low,Q1: Lower Relative Stress,5202
C_077_077,78.895483,13.085893,0.1163,0.0732,0.1669,0.1089,Baseline / Low,Q1: Lower Relative Stress,5203
C_033_076,78.8865,13.481152,0.1163,0.1494,0.1461,0.0534,Baseline / Low,Q1: Lower Relative Stress,5204
C_001_094,79.048197,13.768613,0.1163,0.0619,0.1798,0.1072,Baseline / Low,Q1: Lower Relative Stress,5205
C_031_086,78.976331,13.499119,0.1163,0.2038,0.1449,0.0003,Low (Single Evidence Family),Q1: Lower Relative Stress,5206
C_056_067,78.805652,13.27454,0.1162,0.1423,0.206,0.0003,Low (Single Evidence Family),Q1: Lower Relative Stress,5207
C_124_017,78.356494,12.663685,0.1161,0.1446,0.0749,0.1287,Baseline / Low,Q1: Lower Relative Stress,5208
C_046_113,79.218877,13.364371,0.116,0.1112,0.1202,0.1166,Baseline / Low,Q1: Lower Relative Stress,5209
C_046_095,79.05718,13.364371,0.116,0.0535,0.1723,0.1221,Baseline / Low,Q1: Lower Relative Stress,5210
C_038_141,79.476513,13.436236,0.1159,0.1098,0.1607,0.0773,Baseline / Low,Q1: Lower Relative Stress,5211
C_123_011,78.302595,12.672668,0.1157,0.1758,0.1422,0.0289,Baseline / Low,Q1: Lower Relative Stress,5212
C_041_127,79.344641,13.409287,0.1157,0.0431,0.2138,0.0901,Low (Single Evidence Family),Q1: Lower Relative Stress,5213
C_059_084,78.958365,13.24759,0.1155,0.1676,0.0978,0.0812,Baseline / Low,Q1: Lower Relative Stress,5214
C_036_091,79.021247,13.454203,0.1154,0.076,0.1972,0.073,Baseline / Low,Q1: Lower Relative Stress,5215
C_038_068,78.814635,13.436236,0.1153,0.2002,0.1457,0.0,Low (Single Evidence Family),Q1: Lower Relative Stress,5216
C_101_045,78.608022,12.870298,0.1153,0.1109,0.2186,0.0165,Low (Single Evidence Family),Q1: Lower Relative Stress,5217
C_046_061,78.751753,13.364371,0.1152,0.0602,0.2531,0.0324,Low (Single Evidence Family),Q1: Lower Relative Stress,5218
C_037_094,79.048197,13.44522,0.1152,0.048,0.2331,0.0643,Low (Single Evidence Family),Q1: Lower Relative Stress,5219
C_045_118,79.263792,13.373354,0.1152,0.0383,0.2822,0.0252,Low (Single Evidence Family),Q1: Lower Relative Stress,5220
C_041_128,79.353624,13.409287,0.1152,0.1151,0.1614,0.0691,Baseline / Low,Q1: Lower Relative Stress,5221
C_045_063,78.769719,13.373354,0.1151,0.0559,0.2865,0.0029,Low (Single Evidence Family),Q1: Lower Relative Stress,5222
C_070_109,79.182944,13.148776,0.1149,0.1455,0.1373,0.0619,Baseline / Low,Q1: Lower Relative Stress,5223
C_049_101,79.111079,13.337422,0.1149,0.1596,0.0492,0.1359,Baseline / Low,Q1: Lower Relative Stress,5224
C_043_101,79.111079,13.391321,0.1149,0.1215,0.1175,0.1058,Baseline / Low,Q1: Lower Relative Stress,5225
C_026_086,78.976331,13.544034,0.1149,0.0516,0.1601,0.133,Baseline / Low,Q1: Lower Relative Stress,5226
C_047_103,79.129045,13.355388,0.1149,0.0997,0.1797,0.0652,Baseline / Low,Q1: Lower Relative Stress,5227
C_057_069,78.823618,13.265557,0.1149,0.067,0.1546,0.1231,Baseline / Low,Q1: Lower Relative Stress,5228
C_053_077,78.895483,13.301489,0.1148,0.1593,0.176,0.0092,Baseline / Low,Q1: Lower Relative Stress,5229
C_048_141,79.476513,13.346405,0.1148,0.0218,0.077,0.2456,Low (Single Evidence Family),Q1: Lower Relative Stress,5230
C_017_090,79.012264,13.624883,0.1147,0.0666,0.1784,0.0989,Baseline / Low,Q1: Lower Relative Stress,5231
C_058_126,79.335658,13.256573,0.1146,0.1378,0.092,0.114,Baseline / Low,Q1: Lower Relative Stress,5232
C_026_076,78.8865,13.544034,0.1145,0.0703,0.1821,0.091,Baseline / Low,Q1: Lower Relative Stress,5233
C_043_050,78.652938,13.391321,0.1144,0.1086,0.2165,0.018,Low (Single Evidence Family),Q1: Lower Relative Stress,5234
C_058_054,78.688871,13.256573,0.1143,0.1228,0.1278,0.0923,Baseline / Low,Q1: Lower Relative Stress,5235
C_072_082,78.940399,13.130809,0.1142,0.0563,0.106,0.1804,Baseline / Low,Q1: Lower Relative Stress,5236
C_078_096,79.066163,13.07691,0.1142,0.0515,0.1148,0.1762,Baseline / Low,Q1: Lower Relative Stress,5237
C_109_033,78.500224,12.798433,0.114,0.0581,0.2817,0.0023,Low (Single Evidence Family),Q1: Lower Relative Stress,5238
C_030_068,78.814635,13.508102,0.114,0.1421,0.199,0.001,Baseline / Low,Q1: Lower Relative Stress,5239
C_034_039,78.554123,13.472169,0.114,0.0738,0.1881,0.0802,Baseline / Low,Q1: Lower Relative Stress,5240
C_074_105,79.147011,13.112843,0.114,0.0765,0.0815,0.184,Baseline / Low,Q1: Lower Relative Stress,5241
C_107_006,78.257679,12.816399,0.1139,0.0998,0.1692,0.0727,Baseline / Low,Q1: Lower Relative Stress,5242
C_058_130,79.37159,13.256573,0.1138,0.194,0.1474,0.0,Baseline / Low,Q1: Lower Relative Stress,5243
C_046_121,79.290742,13.364371,0.1137,0.1951,0.135,0.0111,Baseline / Low,Q1: Lower Relative Stress,5244
C_043_062,78.760736,13.391321,0.1137,0.0504,0.1134,0.1772,Baseline / Low,Q1: Lower Relative Stress,5245
C_055_078,78.904466,13.283523,0.1137,0.0697,0.1589,0.1123,Baseline / Low,Q1: Lower Relative Stress,5246
C_064_054,78.688871,13.202674,0.1135,0.1052,0.1745,0.0609,Baseline / Low,Q1: Lower Relative Stress,5247
C_108_039,78.554123,12.807416,0.1135,0.0176,0.0449,0.278,Low (Single Evidence Family),Q1: Lower Relative Stress,5248
C_030_078,78.904466,13.508102,0.1134,0.0379,0.141,0.1614,Baseline / Low,Q1: Lower Relative Stress,5249
C_059_051,78.661921,13.24759,0.1134,0.071,0.185,0.0842,Baseline / Low,Q1: Lower Relative Stress,5250
C_056_083,78.949382,13.27454,0.1134,0.0539,0.1072,0.1791,Baseline / Low,Q1: Lower Relative Stress,5251
C_030_042,78.581073,13.508102,0.1133,0.0331,0.1443,0.1624,Baseline / Low,Q1: Lower Relative Stress,5252
C_064_125,79.326674,13.202674,0.1133,0.1366,0.1048,0.0986,Baseline / Low,Q1: Lower Relative Stress,5253
C_081_100,79.102096,13.049961,0.1133,0.0761,0.1535,0.1104,Baseline / Low,Q1: Lower Relative Stress,5254
C_020_089,79.003281,13.597933,0.1132,0.069,0.1537,0.1169,Baseline / Low,Q1: Lower Relative Stress,5255
C_071_074,78.868534,13.139792,0.1132,0.0871,0.1877,0.0648,Baseline / Low,Q1: Lower Relative Stress,5256
C_064_124,79.317691,13.202674,0.1132,0.2128,0.0879,0.039,Low (Single Evidence Family),Q1: Lower Relative Stress,5257
C_038_044,78.599039,13.436236,0.1132,0.0869,0.1459,0.1068,Baseline / Low,Q1: Lower Relative Stress,5258
C_068_078,78.904466,13.166742,0.1131,0.0414,0.1354,0.1624,Baseline / Low,Q1: Lower Relative Stress,5259
C_019_101,79.111079,13.606916,0.1131,0.1113,0.138,0.0901,Baseline / Low,Q1: Lower Relative Stress,5260
C_053_081,78.931416,13.301489,0.113,0.1439,0.1476,0.0475,Baseline / Low,Q1: Lower Relative Stress,5261
C_051_081,78.931416,13.319455,0.1129,0.1707,0.1202,0.0478,Baseline / Low,Q1: Lower Relative Stress,5262
C_015_075,78.877517,13.642849,0.1129,0.1087,0.1602,0.0699,Baseline / Low,Q1: Lower Relative Stress,5263
C_035_070,78.832601,13.463186,0.1128,0.051,0.1297,0.1578,Baseline / Low,Q1: Lower Relative Stress,5264
C_058_052,78.670904,13.256573,0.1128,0.0961,0.2324,0.0098,Low (Single Evidence Family),Q1: Lower Relative Stress,5265
C_039_081,78.931416,13.427253,0.1127,0.164,0.1729,0.0013,Baseline / Low,Q1: Lower Relative Stress,5266
C_045_094,79.048197,13.373354,0.1127,0.0436,0.0722,0.2224,Low (Single Evidence Family),Q1: Lower Relative Stress,5267
C_063_130,79.37159,13.211658,0.1127,0.1564,0.0877,0.094,Baseline / Low,Q1: Lower Relative Stress,5268
C_053_079,78.913449,13.301489,0.1126,0.17,0.1609,0.0069,Baseline / Low,Q1: Lower Relative Stress,5269
C_048_142,79.485497,13.346405,0.1126,0.0699,0.1765,0.0914,Baseline / Low,Q1: Lower Relative Stress,5270
C_063_085,78.967348,13.211658,0.1125,0.0503,0.0858,0.2014,Low (Single Evidence Family),Q1: Lower Relative Stress,5271
C_017_075,78.877517,13.624883,0.1125,0.1065,0.2218,0.0091,Low (Single Evidence Family),Q1: Lower Relative Stress,5272
C_058_128,79.353624,13.256573,0.1123,0.1136,0.0825,0.1408,Baseline / Low,Q1: Lower Relative Stress,5273
C_052_084,78.958365,13.310472,0.1123,0.0508,0.0994,0.1867,Baseline / Low,Q1: Lower Relative Stress,5274
C_013_089,79.003281,13.660815,0.1122,0.0565,0.1706,0.1094,Baseline / Low,Q1: Lower Relative Stress,5275
C_042_099,79.093112,13.400304,0.1121,0.0339,0.1476,0.1549,Baseline / Low,Q1: Lower Relative Stress,5276
C_061_093,79.039214,13.229624,0.1121,0.0624,0.136,0.1379,Baseline / Low,Q1: Lower Relative Stress,5277
C_006_095,79.05718,13.723697,0.112,0.0492,0.1984,0.0884,Baseline / Low,Q1: Lower Relative Stress,5278
C_023_065,78.787685,13.570984,0.112,0.0935,0.0694,0.1732,Baseline / Low,Q1: Lower Relative Stress,5279
C_038_088,78.994298,13.436236,0.112,0.0561,0.1229,0.1572,Baseline / Low,Q1: Lower Relative Stress,5280
C_056_170,79.737025,13.27454,0.112,0.0,0.0,0.3359,Low (Single Evidence Family),Q1: Lower Relative Stress,5281
C_062_084,78.958365,13.220641,0.1119,0.0799,0.1144,0.1415,Baseline / Low,Q1: Lower Relative Stress,5282
C_026_069,78.823618,13.544034,0.1118,0.0688,0.2276,0.039,Low (Single Evidence Family),Q1: Lower Relative Stress,5283
C_005_097,79.075146,13.73268,0.1117,0.0315,0.1111,0.1926,Baseline / Low,Q1: Lower Relative Stress,5284
C_126_018,78.365477,12.645719,0.1117,0.0814,0.122,0.1316,Baseline / Low,Q1: Lower Relative Stress,5285
C_024_100,79.102096,13.562001,0.1117,0.0491,0.2112,0.075,Low (Single Evidence Family),Q1: Lower Relative Stress,5286
C_036_125,79.326674,13.454203,0.1116,0.0353,0.1965,0.1028,Baseline / Low,Q1: Lower Relative Stress,5287
C_066_054,78.688871,13.184708,0.1116,0.1606,0.1692,0.0049,Baseline / Low,Q1: Lower Relative Stress,5288
C_052_076,78.8865,13.310472,0.1114,0.0818,0.0597,0.1926,Baseline / Low,Q1: Lower Relative Stress,5289
C_105_007,78.266662,12.834365,0.1114,0.0105,0.0216,0.3019,Low (Single Evidence Family),Q1: Lower Relative Stress,5290
C_072_053,78.679887,13.130809,0.1112,0.0513,0.2375,0.0449,Low (Single Evidence Family),Q1: Lower Relative Stress,5291
C_063_075,78.877517,13.211658,0.1112,0.0473,0.1651,0.1212,Baseline / Low,Q1: Lower Relative Stress,5292
C_059_085,78.967348,13.24759,0.1112,0.1556,0.1309,0.0472,Baseline / Low,Q1: Lower Relative Stress,5293
C_050_069,78.823618,13.328439,0.1112,0.0781,0.2319,0.0236,Low (Single Evidence Family),Q1: Lower Relative Stress,5294
C_057_098,79.084129,13.265557,0.1111,0.2122,0.1165,0.0046,Low (Single Evidence Family),Q1: Lower Relative Stress,5295
C_070_066,78.796668,13.148776,0.1111,0.0883,0.2439,0.001,Low (Single Evidence Family),Q1: Lower Relative Stress,5296
C_077_070,78.832601,13.085893,0.111,0.0709,0.2151,0.047,Low (Single Evidence Family),Q1: Lower Relative Stress,5297
C_025_082,78.940399,13.553017,0.111,0.0213,0.1076,0.204,Low (Single Evidence Family),Q1: Lower Relative Stress,5298
C_060_084,78.958365,13.238607,0.1109,0.2667,0.0498,0.016,Low (Single Evidence Family),Q1: Lower Relative Stress,5299
C_076_101,79.111079,13.094877,0.1108,0.1076,0.0755,0.1493,Baseline / Low,Q1: Lower Relative Stress,5300
C_035_120,79.281759,13.463186,0.1107,0.0827,0.1039,0.1454,Baseline / Low,Q1: Lower Relative Stress,5301
C_099_030,78.473275,12.888264,0.1106,0.033,0.0827,0.2161,Low (Single Evidence Family),Q1: Lower Relative Stress,5302
C_076_090,79.012264,13.094877,0.1105,0.0655,0.0792,0.1867,Baseline / Low,Q1: Lower Relative Stress,5303
C_050_064,78.778702,13.328439,0.1105,0.1239,0.1661,0.0416,Baseline / Low,Q1: Lower Relative Stress,5304
C_020_068,78.814635,13.597933,0.1104,0.1421,0.1817,0.0075,Baseline / Low,Q1: Lower Relative Stress,5305
C_046_070,78.832601,13.364371,0.1102,0.0949,0.1937,0.0419,Baseline / Low,Q1: Lower Relative Stress,5306
C_057_074,78.868534,13.265557,0.1102,0.0429,0.1206,0.167,Baseline / Low,Q1: Lower Relative Stress,5307
C_053_074,78.868534,13.301489,0.11,0.0897,0.1863,0.054,Baseline / Low,Q1: Lower Relative Stress,5308
C_057_168,79.719059,13.265557,0.1098,0.0094,0.0619,0.2581,Low (Single Evidence Family),Q1: Lower Relative Stress,5309
C_071_084,78.958365,13.139792,0.1098,0.0227,0.0601,0.2466,Low (Single Evidence Family),Q1: Lower Relative Stress,5310
C_041_126,79.335658,13.409287,0.1097,0.0598,0.2661,0.0033,Low (Single Evidence Family),Q1: Lower Relative Stress,5311
C_117_038,78.54514,12.726567,0.1097,0.1863,0.1399,0.0029,Baseline / Low,Q1: Lower Relative Stress,5312
C_040_132,79.389556,13.41827,0.1097,0.0869,0.1963,0.0458,Baseline / Low,Q1: Lower Relative Stress,5313
C_116_028,78.455309,12.735551,0.1095,0.083,0.1325,0.113,Baseline / Low,Q1: Lower Relative Stress,5314
C_025_076,78.8865,13.553017,0.1094,0.0444,0.1163,0.1673,Baseline / Low,Q1: Lower Relative Stress,5315
C_080_049,78.643955,13.058944,0.1094,0.0883,0.24,0.0,Low (Single Evidence Family),Q1: Lower Relative Stress,5316
C_111_035,78.518191,12.780466,0.1093,0.0453,0.1093,0.1732,Baseline / Low,Q1: Lower Relative Stress,5317
C_071_103,79.129045,13.139792,0.1092,0.0894,0.1605,0.0776,Baseline / Low,Q1: Lower Relative Stress,5318
C_072_058,78.724803,13.130809,0.1091,0.1266,0.2007,0.0,Low (Single Evidence Family),Q1: Lower Relative Stress,5319
C_077_089,79.003281,13.085893,0.1091,0.0741,0.0362,0.2169,Low (Single Evidence Family),Q1: Lower Relative Stress,5320
C_045_057,78.71582,13.373354,0.1091,0.1272,0.183,0.017,Baseline / Low,Q1: Lower Relative Stress,5321
C_113_026,78.437342,12.7625,0.109,0.05,0.1389,0.1382,Baseline / Low,Q1: Lower Relative Stress,5322
C_054_078,78.904466,13.292506,0.1089,0.1187,0.2068,0.001,Low (Single Evidence Family),Q1: Lower Relative Stress,5323
C_110_029,78.464292,12.789449,0.1088,0.0384,0.1681,0.1199,Baseline / Low,Q1: Lower Relative Stress,5324
C_075_069,78.823618,13.10386,0.1088,0.1141,0.2122,0.0,Low (Single Evidence Family),Q1: Lower Relative Stress,5325
C_046_072,78.850567,13.364371,0.1087,0.0811,0.1367,0.1084,Baseline / Low,Q1: Lower Relative Stress,5326
C_040_099,79.093112,13.41827,0.1087,0.1741,0.1107,0.0413,Baseline / Low,Q1: Lower Relative Stress,5327
C_013_073,78.85955,13.660815,0.1087,0.0727,0.2411,0.0124,Low (Single Evidence Family),Q1: Lower Relative Stress,5328
C_057_078,78.904466,13.265557,0.1086,0.0461,0.1239,0.1559,Baseline / Low,Q1: Lower Relative Stress,5329
C_056_169,79.728042,13.27454,0.1086,0.0,0.0002,0.3255,Low (Single Evidence Family),Q1: Lower Relative Stress,5330
C_069_120,79.281759,13.157759,0.1085,0.072,0.136,0.1175,Baseline / Low,Q1: Lower Relative Stress,5331
C_077_057,78.71582,13.085893,0.1085,0.0449,0.2731,0.0075,Low (Single Evidence Family),Q1: Lower Relative Stress,5332
C_040_124,79.317691,13.41827,0.1085,0.0515,0.1834,0.0907,Baseline / Low,Q1: Lower Relative Stress,5333
C_069_122,79.299725,13.157759,0.1085,0.2043,0.1157,0.0056,Low (Single Evidence Family),Q1: Lower Relative Stress,5334
C_050_078,78.904466,13.328439,0.1084,0.1243,0.1951,0.0059,Baseline / Low,Q1: Lower Relative Stress,5335
C_046_093,79.039214,13.364371,0.1083,0.0275,0.1733,0.1241,Baseline / Low,Q1: Lower Relative Stress,5336
C_053_111,79.20091,13.301489,0.1082,0.1063,0.1661,0.0521,Baseline / Low,Q1: Lower Relative Stress,5337
C_041_094,79.048197,13.409287,0.1081,0.1573,0.1379,0.0291,Baseline / Low,Q1: Lower Relative Stress,5338
C_052_098,79.084129,13.310472,0.1081,0.2054,0.1175,0.0013,Low (Single Evidence Family),Q1: Lower Relative Stress,5339
C_059_088,78.994298,13.24759,0.108,0.0576,0.0638,0.2027,Low (Single Evidence Family),Q1: Lower Relative Stress,5340
C_074_093,79.039214,13.112843,0.1078,0.0307,0.0617,0.2309,Low (Single Evidence Family),Q1: Lower Relative Stress,5341
C_068_075,78.877517,13.166742,0.1078,0.1126,0.1898,0.021,Baseline / Low,Q1: Lower Relative Stress,5342
C_052_060,78.742769,13.310472,0.1078,0.0827,0.2404,0.0003,Low (Single Evidence Family),Q1: Lower Relative Stress,5343
C_075_097,79.075146,13.10386,0.1077,0.0421,0.1572,0.1238,Baseline / Low,Q1: Lower Relative Stress,5344
C_036_086,78.976331,13.454203,0.1077,0.1252,0.1511,0.0468,Baseline / Low,Q1: Lower Relative Stress,5345
C_052_065,78.787685,13.310472,0.1077,0.0524,0.2,0.0707,Low (Single Evidence Family),Q1: Lower Relative Stress,5346
C_055_096,79.066163,13.283523,0.1076,0.0512,0.1583,0.1133,Baseline / Low,Q1: Lower Relative Stress,5347
C_060_114,79.22786,13.238607,0.1076,0.0509,0.2424,0.0295,Low (Single Evidence Family),Q1: Lower Relative Stress,5348
C_043_072,78.850567,13.391321,0.1076,0.1512,0.1716,0.0,Baseline / Low,Q1: Lower Relative Stress,5349
C_040_097,79.075146,13.41827,0.1075,0.0744,0.1395,0.1084,Baseline / Low,Q1: Lower Relative Stress,5350
C_038_138,79.449564,13.436236,0.1074,0.0595,0.2114,0.0514,Low (Single Evidence Family),Q1: Lower Relative Stress,5351
C_034_035,78.518191,13.472169,0.1073,0.0924,0.2262,0.0033,Low (Single Evidence Family),Q1: Lower Relative Stress,5352
C_065_053,78.679887,13.193691,0.1073,0.1409,0.1496,0.0314,Baseline / Low,Q1: Lower Relative Stress,5353
C_109_023,78.410393,12.798433,0.1072,0.0685,0.1035,0.1497,Baseline / Low,Q1: Lower Relative Stress,5354
C_035_044,78.599039,13.463186,0.1072,0.1267,0.1521,0.0429,Baseline / Low,Q1: Lower Relative Stress,5355
C_044_113,79.218877,13.382338,0.1069,0.077,0.0735,0.1703,Baseline / Low,Q1: Lower Relative Stress,5356
C_055_072,78.850567,13.283523,0.1069,0.1085,0.2118,0.0003,Low (Single Evidence Family),Q1: Lower Relative Stress,5357
C_041_099,79.093112,13.409287,0.1068,0.0431,0.1885,0.0887,Baseline / Low,Q1: Lower Relative Stress,5358
C_037_042,78.581073,13.44522,0.1066,0.0328,0.0556,0.2315,Low (Single Evidence Family),Q1: Lower Relative Stress,5359
C_035_080,78.922433,13.463186,0.1065,0.0606,0.1869,0.072,Baseline / Low,Q1: Lower Relative Stress,5360
C_035_092,79.03023,13.463186,0.1063,0.1069,0.1391,0.073,Baseline / Low,Q1: Lower Relative Stress,5361
C_028_068,78.814635,13.526068,0.1063,0.1362,0.1828,0.0,Baseline / Low,Q1: Lower Relative Stress,5362
C_023_097,79.075146,13.570984,0.1063,0.0507,0.1288,0.1395,Baseline / Low,Q1: Lower Relative Stress,5363
C_057_116,79.245826,13.265557,0.1062,0.0652,0.162,0.0914,Baseline / Low,Q1: Lower Relative Stress,5364
C_076_082,78.940399,13.094877,0.1062,0.1052,0.1332,0.0802,Baseline / Low,Q1: Lower Relative Stress,5365
C_060_083,78.949382,13.238607,0.1061,0.0691,0.0943,0.1549,Baseline / Low,Q1: Lower Relative Stress,5366
C_076_071,78.841584,13.094877,0.106,0.0382,0.1698,0.11,Baseline / Low,Q1: Lower Relative Stress,5367
C_015_088,78.994298,13.642849,0.106,0.0507,0.1049,0.1623,Baseline / Low,Q1: Lower Relative Stress,5368
C_068_052,78.670904,13.166742,0.106,0.0736,0.1665,0.0779,Baseline / Low,Q1: Lower Relative Stress,5369
C_044_127,79.344641,13.382338,0.106,0.0154,0.0825,0.2201,Low (Single Evidence Family),Q1: Lower Relative Stress,5370
C_054_088,78.994298,13.292506,0.1059,0.0718,0.1782,0.0678,Baseline / Low,Q1: Lower Relative Stress,5371
C_046_057,78.71582,13.364371,0.1058,0.1302,0.1692,0.018,Baseline / Low,Q1: Lower Relative Stress,5372
C_034_060,78.742769,13.472169,0.1058,0.1263,0.19,0.001,Baseline / Low,Q1: Lower Relative Stress,5373
C_037_073,78.85955,13.44522,0.1058,0.0716,0.1889,0.057,Baseline / Low,Q1: Lower Relative Stress,5374
C_078_062,78.760736,13.07691,0.1058,0.0789,0.2385,0.0,Low (Single Evidence Family),Q1: Lower Relative Stress,5375
C_048_089,79.003281,13.346405,0.1058,0.1019,0.1087,0.1068,Baseline / Low,Q1: Lower Relative Stress,5376
C_068_125,79.326674,13.166742,0.1057,0.0451,0.0988,0.1732,Baseline / Low,Q1: Lower Relative Stress,5377
C_049_063,78.769719,13.337422,0.1057,0.0841,0.2118,0.0213,Low (Single Evidence Family),Q1: Lower Relative Stress,5378
C_009_089,79.003281,13.696748,0.1056,0.0918,0.15,0.075,Baseline / Low,Q1: Lower Relative Stress,5379
C_119_002,78.221747,12.708601,0.1056,0.0655,0.1843,0.0671,Baseline / Low,Q1: Lower Relative Stress,5380
C_071_050,78.652938,13.139792,0.1056,0.0757,0.1474,0.0937,Baseline / Low,Q1: Lower Relative Stress,5381
C_027_073,78.85955,13.535051,0.1056,0.0635,0.2468,0.0065,Low (Single Evidence Family),Q1: Lower Relative Stress,5382
C_019_097,79.075146,13.606916,0.1055,0.0239,0.1854,0.1071,Baseline / Low,Q1: Lower Relative Stress,5383
C_035_043,78.590056,13.463186,0.1055,0.0981,0.1747,0.0436,Baseline / Low,Q1: Lower Relative Stress,5384
C_039_131,79.380573,13.427253,0.1054,0.0735,0.1148,0.1277,Baseline / Low,Q1: Lower Relative Stress,5385
C_061_069,78.823618,13.229624,0.1054,0.0699,0.2223,0.0239,Low (Single Evidence Family),Q1: Lower Relative Stress,5386
C_075_092,79.03023,13.10386,0.1054,0.0516,0.1908,0.0737,Baseline / Low,Q1: Lower Relative Stress,5387
C_034_083,78.949382,13.472169,0.1053,0.0889,0.1945,0.0324,Baseline / Low,Q1: Lower Relative Stress,5388
C_067_119,79.272775,13.175725,0.1052,0.0525,0.1377,0.1254,Baseline / Low,Q1: Lower Relative Stress,5389
C_007_089,79.003281,13.714714,0.1052,0.0554,0.1782,0.0819,Baseline / Low,Q1: Lower Relative Stress,5390
C_073_078,78.904466,13.121826,0.1051,0.0716,0.2083,0.0354,Low (Single Evidence Family),Q1: Lower Relative Stress,5391
C_052_111,79.20091,13.310472,0.105,0.0379,0.1008,0.1762,Baseline / Low,Q1: Lower Relative Stress,5392
C_051_080,78.922433,13.319455,0.105,0.1231,0.1017,0.0901,Baseline / Low,Q1: Lower Relative Stress,5393
C_046_075,78.877517,13.364371,0.1049,0.0946,0.2202,0.0,Low (Single Evidence Family),Q1: Lower Relative Stress,5394
C_045_056,78.706837,13.373354,0.1048,0.1256,0.1883,0.0003,Baseline / Low,Q1: Lower Relative Stress,5395
C_047_125,79.326674,13.355388,0.1047,0.0428,0.1589,0.1123,Baseline / Low,Q1: Lower Relative Stress,5396
C_059_071,78.841584,13.24759,0.1047,0.0652,0.2486,0.0003,Low (Single Evidence Family),Q1: Lower Relative Stress,5397
C_034_041,78.57209,13.472169,0.1046,0.1142,0.1883,0.0115,Baseline / Low,Q1: Lower Relative Stress,5398
C_042_124,79.317691,13.400304,0.1046,0.0719,0.1397,0.1022,Baseline / Low,Q1: Lower Relative Stress,5399
C_030_082,78.940399,13.508102,0.1046,0.0594,0.1404,0.114,Baseline / Low,Q1: Lower Relative Stress,5400
C_059_081,78.931416,13.24759,0.1046,0.0924,0.1058,0.1156,Baseline / Low,Q1: Lower Relative Stress,5401
C_063_129,79.362607,13.211658,0.1043,0.2547,0.0582,0.0,Low (Single Evidence Family),Q1: Lower Relative Stress,5402
C_048_087,78.985315,13.346405,0.1042,0.1241,0.1885,0.0,Baseline / Low,Q1: Lower Relative Stress,5403
C_042_098,79.084129,13.400304,0.1039,0.0336,0.1103,0.1677,Baseline / Low,Q1: Lower Relative Stress,5404
C_080_051,78.661921,13.058944,0.1039,0.0842,0.1609,0.0665,Baseline / Low,Q1: Lower Relative Stress,5405
C_069_090,79.012264,13.157759,0.1039,0.0683,0.0663,0.1772,Baseline / Low,Q1: Lower Relative Stress,5406
C_026_075,78.877517,13.544034,0.1038,0.0464,0.1712,0.0937,Baseline / Low,Q1: Lower Relative Stress,5407
C_051_078,78.904466,13.319455,0.1038,0.0265,0.0661,0.2188,Low (Single Evidence Family),Q1: Lower Relative Stress,5408
C_060_085,78.967348,13.238607,0.1038,0.1948,0.112,0.0046,Baseline / Low,Q1: Lower Relative Stress,5409
C_033_033,78.500224,13.481152,0.1037,0.031,0.2601,0.0199,Low (Single Evidence Family),Q1: Lower Relative Stress,5410
C_020_088,78.994298,13.597933,0.1036,0.0294,0.1484,0.133,Baseline / Low,Q1: Lower Relative Stress,5411
C_046_094,79.048197,13.364371,0.1036,0.0532,0.1544,0.1032,Baseline / Low,Q1: Lower Relative Stress,5412
C_106_035,78.518191,12.825382,0.1035,0.0364,0.1002,0.1739,Baseline / Low,Q1: Lower Relative Stress,5413
C_064_076,78.8865,13.202674,0.1035,0.0602,0.1251,0.1251,Baseline / Low,Q1: Lower Relative Stress,5414
C_038_073,78.85955,13.436236,0.1034,0.2009,0.1093,0.0,Low (Single Evidence Family),Q1: Lower Relative Stress,5415
C_107_025,78.428359,12.816399,0.1034,0.0966,0.1457,0.0678,Baseline / Low,Q1: Lower Relative Stress,5416
C_060_106,79.155994,13.238607,0.1034,0.0275,0.162,0.1208,Baseline / Low,Q1: Lower Relative Stress,5417
C_016_071,78.841584,13.633866,0.1033,0.091,0.1546,0.0644,Baseline / Low,Q1: Lower Relative Stress,5418
C_070_055,78.697854,13.148776,0.1033,0.0713,0.1891,0.0494,Baseline / Low,Q1: Lower Relative Stress,5419
C_078_059,78.733786,13.07691,0.1033,0.0571,0.2336,0.0193,Low (Single Evidence Family),Q1: Lower Relative Stress,5420
C_058_098,79.084129,13.256573,0.1033,0.1125,0.1963,0.001,Baseline / Low,Q1: Lower Relative Stress,5421
C_072_056,78.706837,13.130809,0.1032,0.119,0.19,0.0007,Baseline / Low,Q1: Lower Relative Stress,5422
C_063_122,79.299725,13.211658,0.1032,0.1624,0.1278,0.0193,Baseline / Low,Q1: Lower Relative Stress,5423
C_080_098,79.084129,13.058944,0.1031,0.0291,0.0749,0.2053,Low (Single Evidence Family),Q1: Lower Relative Stress,5424
C_057_075,78.877517,13.265557,0.103,0.0898,0.2109,0.0082,Low (Single Evidence Family),Q1: Lower Relative Stress,5425
C_031_081,78.931416,13.499119,0.103,0.1868,0.1181,0.0039,Baseline / Low,Q1: Lower Relative Stress,5426
C_048_143,79.49448,13.346405,0.1029,0.2062,0.0292,0.0733,Low (Single Evidence Family),Q1: Lower Relative Stress,5427
C_072_042,78.581073,13.130809,0.1028,0.0092,0.0142,0.2849,Low (Single Evidence Family),Q1: Lower Relative Stress,5428
C_126_029,78.464292,12.645719,0.1028,0.1023,0.0412,0.165,Baseline / Low,Q1: Lower Relative Stress,5429
C_027_070,78.832601,13.535051,0.1025,0.0533,0.2542,0.0,Low (Single Evidence Family),Q1: Lower Relative Stress,5430
C_047_079,78.913449,13.355388,0.1025,0.0696,0.1558,0.0822,Baseline / Low,Q1: Lower Relative Stress,5431
C_057_073,78.85955,13.265557,0.1024,0.0648,0.1266,0.1159,Baseline / Low,Q1: Lower Relative Stress,5432
C_055_061,78.751753,13.283523,0.1024,0.0961,0.2112,0.0,Low (Single Evidence Family),Q1: Lower Relative Stress,5433
C_047_150,79.557362,13.355388,0.1023,0.1245,0.1665,0.0158,Baseline / Low,Q1: Lower Relative Stress,5434
C_038_137,79.440581,13.436236,0.1023,0.0614,0.1628,0.0829,Baseline / Low,Q1: Lower Relative Stress,5435
C_064_071,78.841584,13.202674,0.1023,0.0772,0.2295,0.0003,Low (Single Evidence Family),Q1: Lower Relative Stress,5436
C_044_126,79.335658,13.382338,0.1023,0.0951,0.1636,0.0481,Baseline / Low,Q1: Lower Relative Stress,5437
C_058_068,78.814635,13.256573,0.1022,0.1093,0.1967,0.0007,Baseline / Low,Q1: Lower Relative Stress,5438
C_050_120,79.281759,13.328439,0.1022,0.0646,0.1257,0.1163,Baseline / Low,Q1: Lower Relative Stress,5439
C_040_122,79.299725,13.41827,0.1022,0.1284,0.1272,0.0511,Baseline / Low,Q1: Lower Relative Stress,5440
C_052_079,78.913449,13.310472,0.1022,0.0653,0.0412,0.2001,Low (Single Evidence Family),Q1: Lower Relative Stress,5441
C_061_126,79.335658,13.229624,0.1022,0.0636,0.1227,0.1205,Baseline / Low,Q1: Lower Relative Stress,5442
C_044_076,78.8865,13.382338,0.102,0.1154,0.1898,0.0007,Baseline / Low,Q1: Lower Relative Stress,5443
C_069_094,79.048197,13.157759,0.1019,0.1218,0.0506,0.1333,Baseline / Low,Q1: Lower Relative Stress,5444
C_025_081,78.931416,13.553017,0.1019,0.0272,0.163,0.1156,Baseline / Low,Q1: Lower Relative Stress,5445
C_116_012,78.311578,12.735551,0.1019,0.1101,0.0428,0.1526,Baseline / Low,Q1: Lower Relative Stress,5446
C_080_052,78.670904,13.058944,0.1019,0.0617,0.1321,0.112,Baseline / Low,Q1: Lower Relative Stress,5447
C_118_039,78.554123,12.717584,0.1018,0.0854,0.2199,0.0,Low (Single Evidence Family),Q1: Lower Relative Stress,5448
C_116_036,78.527174,12.735551,0.1018,0.1642,0.1402,0.001,Baseline / Low,Q1: Lower Relative Stress,5449
C_054_169,79.728042,13.292506,0.1015,0.0019,0.0109,0.2918,Low (Single Evidence Family),Q1: Lower Relative Stress,5450
C_066_063,78.769719,13.184708,0.1014,0.0641,0.1704,0.0698,Baseline / Low,Q1: Lower Relative Stress,5451
C_065_103,79.129045,13.193691,0.1014,0.0615,0.0679,0.1749,Baseline / Low,Q1: Lower Relative Stress,5452
C_049_108,79.173961,13.337422,0.1013,0.0812,0.0848,0.1379,Baseline / Low,Q1: Lower Relative Stress,5453
C_076_069,78.823618,13.094877,0.1013,0.0832,0.1778,0.0429,Baseline / Low,Q1: Lower Relative Stress,5454
C_039_121,79.290742,13.427253,0.1012,0.0314,0.135,0.1372,Baseline / Low,Q1: Lower Relative Stress,5455
C_111_012,78.311578,12.780466,0.1012,0.1037,0.091,0.1091,Baseline / Low,Q1: Lower Relative Stress,5456
C_045_069,78.823618,13.373354,0.1012,0.1219,0.1208,0.0609,Baseline / Low,Q1: Lower Relative Stress,5457
C_111_020,78.383443,12.780466,0.1012,0.0473,0.1031,0.1533,Baseline / Low,Q1: Lower Relative Stress,5458
C_108_033,78.500224,12.807416,0.1011,0.0949,0.1786,0.0298,Baseline / Low,Q1: Lower Relative Stress,5459
C_023_062,78.760736,13.570984,0.101,0.0666,0.1544,0.0822,Baseline / Low,Q1: Lower Relative Stress,5460
C_061_111,79.20091,13.229624,0.1009,0.0558,0.1992,0.0478,Baseline / Low,Q1: Lower Relative Stress,5461
C_026_100,79.102096,13.544034,0.1008,0.064,0.1607,0.0776,Baseline / Low,Q1: Lower Relative Stress,5462
C_120_030,78.473275,12.699618,0.1008,0.0899,0.2124,0.0,Low (Single Evidence Family),Q1: Lower Relative Stress,5463
C_052_089,79.003281,13.310472,0.1008,0.0853,0.105,0.112,Baseline / Low,Q1: Lower Relative Stress,5464
C_033_065,78.787685,13.481152,0.1007,0.1183,0.169,0.0147,Baseline / Low,Q1: Lower Relative Stress,5465
C_028_100,79.102096,13.526068,0.1007,0.0637,0.1784,0.0599,Baseline / Low,Q1: Lower Relative Stress,5466
C_075_078,78.904466,13.10386,0.1006,0.068,0.1132,0.1205,Baseline / Low,Q1: Lower Relative Stress,5467
C_102_037,78.536157,12.861315,0.1006,0.0198,0.0607,0.2214,Low (Single Evidence Family),Q1: Lower Relative Stress,5468
C_048_066,78.796668,13.346405,0.1005,0.0773,0.1974,0.0269,Baseline / Low,Q1: Lower Relative Stress,5469
C_077_079,78.913449,13.085893,0.1004,0.0901,0.1632,0.0478,Baseline / Low,Q1: Lower Relative Stress,5470
C_049_082,78.940399,13.337422,0.1004,0.1185,0.1241,0.0586,Baseline / Low,Q1: Lower Relative Stress,5471
C_024_075,78.877517,13.562001,0.1004,0.0216,0.1056,0.1739,Baseline / Low,Q1: Lower Relative Stress,5472
C_039_060,78.742769,13.427253,0.1003,0.0708,0.2286,0.0013,Low (Single Evidence Family),Q1: Lower Relative Stress,5473
C_031_061,78.751753,13.499119,0.1003,0.0999,0.1906,0.0105,Baseline / Low,Q1: Lower Relative Stress,5474
C_053_071,78.841584,13.301489,0.1003,0.0862,0.1369,0.0779,Baseline / Low,Q1: Lower Relative Stress,5475
C_028_062,78.760736,13.526068,0.1003,0.1131,0.1611,0.0269,Baseline / Low,Q1: Lower Relative Stress,5476
C_043_114,79.22786,13.391321,0.1001,0.1041,0.0786,0.1176,Baseline / Low,Q1: Lower Relative Stress,5477
C_020_100,79.102096,13.597933,0.1,0.0745,0.1519,0.0737,Baseline / Low,Q1: Lower Relative Stress,5478
C_044_065,78.787685,13.382338,0.0999,0.0894,0.2085,0.002,Low (Single Evidence Family),Q1: Lower Relative Stress,5479
C_052_077,78.895483,13.310472,0.0998,0.0581,0.0595,0.1818,Baseline / Low,Q1: Lower Relative Stress,5480
C_066_130,79.37159,13.184708,0.0997,0.1209,0.0928,0.0855,Baseline / Low,Q1: Lower Relative Stress,5481
C_043_145,79.512446,13.391321,0.0997,0.1115,0.1503,0.0374,Baseline / Low,Q1: Lower Relative Stress,5482
C_034_069,78.823618,13.472169,0.0996,0.1359,0.1622,0.0007,Baseline / Low,Q1: Lower Relative Stress,5483
C_041_060,78.742769,13.409287,0.0996,0.1151,0.1774,0.0062,Baseline / Low,Q1: Lower Relative Stress,5484
C_043_137,79.440581,13.391321,0.0995,0.072,0.1299,0.0966,Baseline / Low,Q1: Lower Relative Stress,5485
C_078_105,79.147011,13.07691,0.0994,0.1739,0.1064,0.018,Baseline / Low,Q1: Lower Relative Stress,5486
C_063_079,78.913449,13.211658,0.0994,0.1165,0.1187,0.0629,Baseline / Low,Q1: Lower Relative Stress,5487
C_110_038,78.54514,12.789449,0.0993,0.0435,0.1171,0.1372,Baseline / Low,Q1: Lower Relative Stress,5488
C_068_050,78.652938,13.166742,0.0993,0.1317,0.1642,0.002,Baseline / Low,Q1: Lower Relative Stress,5489
C_061_082,78.940399,13.229624,0.0992,0.0317,0.0584,0.2073,Low (Single Evidence Family),Q1: Lower Relative Stress,5490
C_069_095,79.05718,13.157759,0.0992,0.0524,0.2153,0.0298,Low (Single Evidence Family),Q1: Lower Relative Stress,5491
C_065_085,78.967348,13.193691,0.0991,0.0341,0.071,0.1922,Baseline / Low,Q1: Lower Relative Stress,5492
C_054_071,78.841584,13.292506,0.099,0.0995,0.1043,0.093,Baseline / Low,Q1: Lower Relative Stress,5493
C_034_085,78.967348,13.472169,0.099,0.1742,0.1227,0.0,Baseline / Low,Q1: Lower Relative Stress,5494
C_024_083,78.949382,13.562001,0.0989,0.0446,0.0922,0.1598,Baseline / Low,Q1: Lower Relative Stress,5495
C_068_074,78.868534,13.166742,0.0989,0.0704,0.1418,0.0845,Baseline / Low,Q1: Lower Relative Stress,5496
C_037_081,78.931416,13.44522,0.0988,0.1686,0.1272,0.0007,Baseline / Low,Q1: Lower Relative Stress,5497
C_047_080,78.922433,13.355388,0.0987,0.0262,0.0924,0.1775,Baseline / Low,Q1: Lower Relative Stress,5498
C_054_079,78.913449,13.292506,0.0987,0.1193,0.1675,0.0092,Baseline / Low,Q1: Lower Relative Stress,5499
C_077_059,78.733786,13.085893,0.0986,0.099,0.169,0.0278,Baseline / Low,Q1: Lower Relative Stress,5500
C_062_090,79.012264,13.220641,0.0986,0.0386,0.1093,0.148,Baseline / Low,Q1: Lower Relative Stress,5501
C_045_130,79.37159,13.373354,0.0986,0.0518,0.0706,0.1736,Baseline / Low,Q1: Lower Relative Stress,5502
C_082_052,78.670904,13.040978,0.0986,0.0667,0.186,0.0432,Baseline / Low,Q1: Lower Relative Stress,5503
C_074_042,78.581073,13.112843,0.0985,0.0262,0.0525,0.2168,Low (Single Evidence Family),Q1: Lower Relative Stress,5504
C_049_098,79.084129,13.337422,0.0985,0.077,0.1237,0.0946,Baseline / Low,Q1: Lower Relative Stress,5505
C_032_078,78.904466,13.490135,0.0984,0.0988,0.1694,0.0272,Baseline / Low,Q1: Lower Relative Stress,5506
C_008_094,79.048197,13.705731,0.0984,0.083,0.1883,0.0239,Baseline / Low,Q1: Lower Relative Stress,5507
C_049_056,78.706837,13.337422,0.0984,0.086,0.1898,0.0193,Baseline / Low,Q1: Lower Relative Stress,5508
C_033_059,78.733786,13.481152,0.0983,0.1127,0.1605,0.0216,Baseline / Low,Q1: Lower Relative Stress,5509
C_059_075,78.877517,13.24759,0.0983,0.0384,0.1068,0.1497,Baseline / Low,Q1: Lower Relative Stress,5510
C_120_033,78.500224,12.699618,0.0983,0.0562,0.1333,0.1054,Baseline / Low,Q1: Lower Relative Stress,5511
C_052_124,79.317691,13.310472,0.0983,0.0793,0.0395,0.1762,Baseline / Low,Q1: Lower Relative Stress,5512
C_049_144,79.503463,13.337422,0.0983,0.1014,0.0911,0.1022,Baseline / Low,Q1: Lower Relative Stress,5513
C_064_086,78.976331,13.202674,0.0981,0.0252,0.1019,0.1673,Baseline / Low,Q1: Lower Relative Stress,5514
C_050_081,78.931416,13.328439,0.098,0.0213,0.0539,0.2188,Low (Single Evidence Family),Q1: Lower Relative Stress,5515
C_055_118,79.263792,13.283523,0.0979,0.0903,0.1496,0.0537,Baseline / Low,Q1: Lower Relative Stress,5516
C_032_076,78.8865,13.490135,0.0979,0.079,0.1432,0.0714,Baseline / Low,Q1: Lower Relative Stress,5517
C_120_031,78.482258,12.699618,0.0979,0.1517,0.142,0.0,Baseline / Low,Q1: Lower Relative Stress,5518
C_045_140,79.46753,13.373354,0.0978,0.0448,0.0414,0.2073,Low (Single Evidence Family),Q1: Lower Relative Stress,5519
C_049_067,78.805652,13.337422,0.0977,0.0783,0.2029,0.0118,Low (Single Evidence Family),Q1: Lower Relative Stress,5520
C_081_098,79.084129,13.049961,0.0977,0.0271,0.0963,0.1696,Baseline / Low,Q1: Lower Relative Stress,5521
C_057_130,79.37159,13.265557,0.0976,0.1673,0.1253,0.0,Baseline / Low,Q1: Lower Relative Stress,5522
C_070_110,79.191927,13.148776,0.0974,0.0518,0.157,0.0835,Baseline / Low,Q1: Lower Relative Stress,5523
C_037_080,78.922433,13.44522,0.0974,0.175,0.1169,0.0003,Baseline / Low,Q1: Lower Relative Stress,5524
C_056_070,78.832601,13.27454,0.0972,0.105,0.1867,0.0,Baseline / Low,Q1: Lower Relative Stress,5525
C_071_096,79.066163,13.139792,0.0972,0.0333,0.1657,0.0927,Baseline / Low,Q1: Lower Relative Stress,5526
C_033_036,78.527174,13.481152,0.0972,0.1826,0.1092,0.0,Baseline / Low,Q1: Lower Relative Stress,5527
C_061_078,78.904466,13.229624,0.0972,0.0194,0.0426,0.2296,Low (Single Evidence Family),Q1: Lower Relative Stress,5528
C_042_081,78.931416,13.400304,0.0972,0.1667,0.1249,0.0,Baseline / Low,Q1: Lower Relative Stress,5529
C_030_069,78.823618,13.508102,0.0971,0.0961,0.1949,0.0003,Baseline / Low,Q1: Lower Relative Stress,5530
C_046_144,79.503463,13.364371,0.0971,0.1714,0.1165,0.0033,Baseline / Low,Q1: Lower Relative Stress,5531
C_071_110,79.191927,13.139792,0.0971,0.1757,0.0959,0.0196,Baseline / Low,Q1: Lower Relative Stress,5532
C_062_079,78.913449,13.220641,0.097,0.0397,0.1504,0.1009,Baseline / Low,Q1: Lower Relative Stress,5533
C_110_024,78.419376,12.789449,0.097,0.082,0.1354,0.0737,Baseline / Low,Q1: Lower Relative Stress,5534
C_098_046,78.617005,12.897247,0.0969,0.0962,0.1864,0.0082,Baseline / Low,Q1: Lower Relative Stress,5535
C_044_062,78.760736,13.382338,0.0969,0.0886,0.2011,0.001,Low (Single Evidence Family),Q1: Lower Relative Stress,5536
C_041_117,79.254809,13.409287,0.0968,0.0315,0.0899,0.169,Baseline / Low,Q1: Lower Relative Stress,5537
C_040_084,78.958365,13.41827,0.0967,0.0734,0.1434,0.0734,Baseline / Low,Q1: Lower Relative Stress,5538
C_051_074,78.868534,13.319455,0.0967,0.0996,0.1893,0.0013,Baseline / Low,Q1: Lower Relative Stress,5539
C_055_059,78.733786,13.283523,0.0965,0.1036,0.1795,0.0065,Baseline / Low,Q1: Lower Relative Stress,5540
C_040_074,78.868534,13.41827,0.0965,0.1293,0.1554,0.0049,Baseline / Low,Q1: Lower Relative Stress,5541
C_067_125,79.326674,13.175725,0.0964,0.1533,0.1301,0.0059,Baseline / Low,Q1: Lower Relative Stress,5542
C_054_120,79.281759,13.292506,0.0964,0.025,0.1198,0.1444,Baseline / Low,Q1: Lower Relative Stress,5543
C_068_076,78.8865,13.166742,0.0963,0.0446,0.1597,0.0845,Baseline / Low,Q1: Lower Relative Stress,5544
C_071_045,78.608022,13.139792,0.0962,0.0271,0.0994,0.1621,Baseline / Low,Q1: Lower Relative Stress,5545
C_040_134,79.407523,13.41827,0.0961,0.085,0.1414,0.0619,Baseline / Low,Q1: Lower Relative Stress,5546
C_059_074,78.868534,13.24759,0.0961,0.0566,0.2264,0.0052,Low (Single Evidence Family),Q1: Lower Relative Stress,5547
C_078_102,79.120062,13.07691,0.0961,0.0713,0.0868,0.13,Baseline / Low,Q1: Lower Relative Stress,5548
C_039_059,78.733786,13.427253,0.096,0.0742,0.1653,0.0485,Baseline / Low,Q1: Lower Relative Stress,5549
C_054_091,79.021247,13.292506,0.0958,0.0228,0.1241,0.1405,Baseline / Low,Q1: Lower Relative Stress,5550
C_075_048,78.634972,13.10386,0.0958,0.0651,0.1626,0.0596,Baseline / Low,Q1: Lower Relative Stress,5551
C_036_075,78.877517,13.454203,0.0958,0.0427,0.1354,0.1094,Baseline / Low,Q1: Lower Relative Stress,5552
C_078_049,78.643955,13.07691,0.0957,0.0531,0.0961,0.1379,Baseline / Low,Q1: Lower Relative Stress,5553
C_117_024,78.419376,12.726567,0.0957,0.0098,0.0549,0.2224,Low (Single Evidence Family),Q1: Lower Relative Stress,5554
C_110_042,78.581073,12.789449,0.0956,0.1057,0.0895,0.0917,Baseline / Low,Q1: Lower Relative Stress,5555
C_066_127,79.344641,13.184708,0.0956,0.1069,0.0445,0.1356,Baseline / Low,Q1: Lower Relative Stress,5556
C_053_065,78.787685,13.301489,0.0953,0.0774,0.2062,0.0023,Low (Single Evidence Family),Q1: Lower Relative Stress,5557
C_060_078,78.904466,13.238607,0.0952,0.0591,0.1519,0.0747,Baseline / Low,Q1: Lower Relative Stress,5558
C_120_039,78.554123,12.699618,0.0952,0.0766,0.2083,0.0007,Low (Single Evidence Family),Q1: Lower Relative Stress,5559
C_072_092,79.03023,13.130809,0.0952,0.0205,0.0741,0.1909,Baseline / Low,Q1: Lower Relative Stress,5560
C_076_070,78.832601,13.094877,0.0951,0.0392,0.193,0.0531,Baseline / Low,Q1: Lower Relative Stress,5561
C_051_114,79.22786,13.319455,0.0949,0.0209,0.1045,0.1592,Baseline / Low,Q1: Lower Relative Stress,5562
C_048_144,79.503463,13.346405,0.0946,0.0995,0.1132,0.071,Baseline / Low,Q1: Lower Relative Stress,5563
C_024_097,79.075146,13.562001,0.0945,0.0783,0.1266,0.0786,Baseline / Low,Q1: Lower Relative Stress,5564
C_032_066,78.796668,13.490135,0.0945,0.0755,0.1393,0.0688,Baseline / Low,Q1: Lower Relative Stress,5565
C_049_065,78.787685,13.337422,0.0945,0.0608,0.2219,0.001,Low (Single Evidence Family),Q1: Lower Relative Stress,5566
C_026_090,79.012264,13.544034,0.0945,0.0532,0.1891,0.0413,Baseline / Low,Q1: Lower Relative Stress,5567
C_104_007,78.266662,12.843348,0.0944,0.0418,0.1002,0.1411,Baseline / Low,Q1: Lower Relative Stress,5568
C_036_082,78.940399,13.454203,0.0943,0.1672,0.1157,0.0,Baseline / Low,Q1: Lower Relative Stress,5569
C_042_076,78.8865,13.400304,0.0943,0.1575,0.1253,0.0,Baseline / Low,Q1: Lower Relative Stress,5570
C_047_074,78.868534,13.355388,0.0943,0.103,0.15,0.0298,Baseline / Low,Q1: Lower Relative Stress,5571
C_068_041,78.57209,13.166742,0.0942,0.0564,0.0804,0.1459,Baseline / Low,Q1: Lower Relative Stress,5572
C_058_099,79.093112,13.256573,0.0942,0.0564,0.1562,0.0701,Baseline / Low,Q1: Lower Relative Stress,5573
C_060_041,78.57209,13.238607,0.0941,0.0472,0.1875,0.0475,Baseline / Low,Q1: Lower Relative Stress,5574
C_017_092,79.03023,13.624883,0.0941,0.0338,0.2184,0.0301,Low (Single Evidence Family),Q1: Lower Relative Stress,5575
C_118_038,78.54514,12.717584,0.0941,0.0519,0.2303,0.0,Low (Single Evidence Family),Q1: Lower Relative Stress,5576
C_050_103,79.129045,13.328439,0.0941,0.0974,0.0451,0.1398,Baseline / Low,Q1: Lower Relative Stress,5577
C_068_123,79.308708,13.166742,0.094,0.1466,0.135,0.0003,Baseline / Low,Q1: Lower Relative Stress,5578
C_077_062,78.760736,13.085893,0.094,0.1052,0.1766,0.0003,Baseline / Low,Q1: Lower Relative Stress,5579
C_074_051,78.661921,13.112843,0.0939,0.0439,0.0842,0.1536,Baseline / Low,Q1: Lower Relative Stress,5580
C_017_091,79.021247,13.624883,0.0938,0.0227,0.1815,0.0773,Baseline / Low,Q1: Lower Relative Stress,5581
C_114_039,78.554123,12.753517,0.0938,0.0469,0.1209,0.1135,Baseline / Low,Q1: Lower Relative Stress,5582
C_113_037,78.536157,12.7625,0.0937,0.0333,0.1109,0.1369,Baseline / Low,Q1: Lower Relative Stress,5583
C_065_065,78.787685,13.193691,0.0936,0.0841,0.1953,0.0013,Baseline / Low,Q1: Lower Relative Stress,5584
C_048_127,79.344641,13.346405,0.0936,0.1134,0.1097,0.0576,Baseline / Low,Q1: Lower Relative Stress,5585
C_060_070,78.832601,13.238607,0.0935,0.0486,0.1815,0.0504,Baseline / Low,Q1: Lower Relative Stress,5586
C_048_072,78.850567,13.346405,0.0935,0.0754,0.204,0.001,Low (Single Evidence Family),Q1: Lower Relative Stress,5587
C_066_126,79.335658,13.184708,0.0934,0.1537,0.0459,0.0806,Baseline / Low,Q1: Lower Relative Stress,5588
C_048_123,79.308708,13.346405,0.0934,0.066,0.1107,0.1035,Baseline / Low,Q1: Lower Relative Stress,5589
C_042_092,79.03023,13.400304,0.0934,0.0617,0.1085,0.11,Baseline / Low,Q1: Lower Relative Stress,5590
C_032_080,78.922433,13.490135,0.0934,0.1637,0.1155,0.001,Baseline / Low,Q1: Lower Relative Stress,5591
C_022_065,78.787685,13.579967,0.0933,0.0576,0.0884,0.1338,Baseline / Low,Q1: Lower Relative Stress,5592
C_035_034,78.509207,13.463186,0.0933,0.0543,0.1784,0.0472,Baseline / Low,Q1: Lower Relative Stress,5593
C_106_010,78.293612,12.825382,0.0933,0.0897,0.0739,0.1163,Baseline / Low,Q1: Lower Relative Stress,5594
C_082_103,79.129045,13.040978,0.0931,0.0484,0.099,0.132,Baseline / Low,Q1: Lower Relative Stress,5595
C_040_126,79.335658,13.41827,0.0929,0.0508,0.1327,0.0953,Baseline / Low,Q1: Lower Relative Stress,5596
C_127_018,78.365477,12.636736,0.0929,0.1155,0.0904,0.073,Baseline / Low,Q1: Lower Relative Stress,5597
C_040_133,79.39854,13.41827,0.0929,0.0676,0.1585,0.0527,Baseline / Low,Q1: Lower Relative Stress,5598
C_073_094,79.048197,13.121826,0.0928,0.0393,0.1611,0.0779,Baseline / Low,Q1: Lower Relative Stress,5599
C_060_136,79.431598,13.238607,0.0928,0.0554,0.0655,0.1574,Baseline / Low,Q1: Lower Relative Stress,5600
C_078_080,78.922433,13.07691,0.0928,0.0182,0.0176,0.2426,Low (Single Evidence Family),Q1: Lower Relative Stress,5601
C_121_010,78.293612,12.690635,0.0927,0.1542,0.1218,0.002,Baseline / Low,Q1: Lower Relative Stress,5602
C_047_082,78.940399,13.355388,0.0925,0.1689,0.1087,0.0,Baseline / Low,Q1: Lower Relative Stress,5603
C_023_102,79.120062,13.570984,0.0923,0.0524,0.1634,0.0612,Baseline / Low,Q1: Lower Relative Stress,5604
C_074_098,79.084129,13.112843,0.0922,0.0692,0.1683,0.039,Baseline / Low,Q1: Lower Relative Stress,5605
C_031_060,78.742769,13.499119,0.0922,0.1658,0.1103,0.0003,Baseline / Low,Q1: Lower Relative Stress,5606
C_043_093,79.039214,13.391321,0.0922,0.0698,0.1321,0.0747,Baseline / Low,Q1: Lower Relative Stress,5607
C_061_086,78.976331,13.229624,0.092,0.0355,0.0916,0.149,Baseline / Low,Q1: Lower Relative Stress,5608
C_028_071,78.841584,13.526068,0.0919,0.1185,0.157,0.0,Baseline / Low,Q1: Lower Relative Stress,5609
C_052_086,78.976331,13.310472,0.0919,0.0718,0.1116,0.0924,Baseline / Low,Q1: Lower Relative Stress,5610
C_078_048,78.634972,13.07691,0.0919,0.0396,0.1251,0.111,Baseline / Low,Q1: Lower Relative Stress,5611
C_048_140,79.46753,13.346405,0.0918,0.0322,0.1212,0.1218,Baseline / Low,Q1: Lower Relative Stress,5612
C_021_072,78.850567,13.58895,0.0918,0.0296,0.0628,0.1831,Baseline / Low,Q1: Lower Relative Stress,5613
C_094_044,78.599039,12.93318,0.0917,0.0709,0.1725,0.0318,Baseline / Low,Q1: Lower Relative Stress,5614
C_057_077,78.895483,13.265557,0.0916,0.0452,0.1391,0.0904,Baseline / Low,Q1: Lower Relative Stress,5615
C_039_065,78.787685,13.427253,0.0916,0.119,0.1539,0.002,Baseline / Low,Q1: Lower Relative Stress,5616
C_120_010,78.293612,12.699618,0.0916,0.1974,0.077,0.0003,Baseline / Low,Q1: Lower Relative Stress,5617
C_056_059,78.733786,13.27454,0.0915,0.0581,0.1749,0.0416,Baseline / Low,Q1: Lower Relative Stress,5618
C_052_073,78.85955,13.310472,0.0915,0.0944,0.155,0.0252,Baseline / Low,Q1: Lower Relative Stress,5619
C_047_077,78.895483,13.355388,0.0914,0.1111,0.1632,0.0,Baseline / Low,Q1: Lower Relative Stress,5620
C_113_039,78.554123,12.7625,0.0913,0.1036,0.091,0.0793,Baseline / Low,Q1: Lower Relative Stress,5621
C_112_027,78.446325,12.771483,0.0912,0.1142,0.1521,0.0072,Baseline / Low,Q1: Lower Relative Stress,5622
C_040_121,79.290742,13.41827,0.0912,0.0782,0.1132,0.0822,Baseline / Low,Q1: Lower Relative Stress,5623
C_021_087,78.985315,13.58895,0.0912,0.0156,0.1153,0.1428,Baseline / Low,Q1: Lower Relative Stress,5624
C_077_104,79.138028,13.085893,0.0911,0.089,0.1247,0.0596,Baseline / Low,Q1: Lower Relative Stress,5625
C_109_026,78.437342,12.798433,0.0911,0.1049,0.0825,0.0858,Baseline / Low,Q1: Lower Relative Stress,5626
C_064_126,79.335658,13.202674,0.0911,0.1374,0.092,0.0437,Baseline / Low,Q1: Lower Relative Stress,5627
C_054_080,78.922433,13.292506,0.0911,0.1038,0.1638,0.0056,Baseline / Low,Q1: Lower Relative Stress,5628
C_064_073,78.85955,13.202674,0.0909,0.0877,0.1747,0.0102,Baseline / Low,Q1: Lower Relative Stress,5629
C_055_081,78.931416,13.283523,0.0907,0.0267,0.113,0.1323,Baseline / Low,Q1: Lower Relative Stress,5630
C_073_039,78.554123,13.121826,0.0907,0.046,0.1068,0.1192,Baseline / Low,Q1: Lower Relative Stress,5631
C_023_093,79.039214,13.570984,0.0907,0.0092,0.0957,0.1673,Baseline / Low,Q1: Lower Relative Stress,5632
C_068_079,78.913449,13.166742,0.0905,0.0564,0.1696,0.0455,Baseline / Low,Q1: Lower Relative Stress,5633
C_037_069,78.823618,13.44522,0.0905,0.0698,0.1982,0.0036,Baseline / Low,Q1: Lower Relative Stress,5634
C_027_103,79.129045,13.535051,0.0905,0.0587,0.1669,0.0458,Baseline / Low,Q1: Lower Relative Stress,5635
C_058_064,78.778702,13.256573,0.0904,0.0501,0.1492,0.072,Baseline / Low,Q1: Lower Relative Stress,5636
C_117_037,78.536157,12.726567,0.0903,0.1299,0.1383,0.0026,Baseline / Low,Q1: Lower Relative Stress,5637
C_043_109,79.182944,13.391321,0.0902,0.0579,0.1352,0.0776,Baseline / Low,Q1: Lower Relative Stress,5638
C_047_083,78.949382,13.355388,0.0902,0.1551,0.1155,0.0,Baseline / Low,Q1: Lower Relative Stress,5639
C_044_060,78.742769,13.382338,0.0902,0.0862,0.1844,0.0,Baseline / Low,Q1: Lower Relative Stress,5640
C_056_071,78.841584,13.27454,0.0902,0.0849,0.1856,0.0,Baseline / Low,Q1: Lower Relative Stress,5641
C_047_056,78.706837,13.355388,0.0901,0.0671,0.1651,0.038,Baseline / Low,Q1: Lower Relative Stress,5642
C_078_056,78.706837,13.07691,0.09,0.0794,0.1875,0.0029,Baseline / Low,Q1: Lower Relative Stress,5643
C_069_123,79.308708,13.157759,0.0899,0.1194,0.0745,0.0756,Baseline / Low,Q1: Lower Relative Stress,5644
C_057_076,78.8865,13.265557,0.0898,0.0727,0.1743,0.0223,Baseline / Low,Q1: Lower Relative Stress,5645
C_024_074,78.868534,13.562001,0.0898,0.0384,0.1235,0.1074,Baseline / Low,Q1: Lower Relative Stress,5646
C_014_075,78.877517,13.651832,0.0898,0.0582,0.1162,0.0949,Baseline / Low,Q1: Lower Relative Stress,5647
C_047_050,78.652938,13.355388,0.0898,0.1389,0.1245,0.0059,Baseline / Low,Q1: Lower Relative Stress,5648
C_010_088,78.994298,13.687765,0.0897,0.0264,0.1585,0.0842,Baseline / Low,Q1: Lower Relative Stress,5649
C_050_067,78.805652,13.328439,0.0897,0.0355,0.108,0.1254,Baseline / Low,Q1: Lower Relative Stress,5650
C_025_101,79.111079,13.553017,0.0896,0.0282,0.0827,0.1578,Baseline / Low,Q1: Lower Relative Stress,5651
C_028_063,78.769719,13.526068,0.0896,0.0547,0.1332,0.0809,Baseline / Low,Q1: Lower Relative Stress,5652
C_048_083,78.949382,13.346405,0.0895,0.156,0.1118,0.0007,Baseline / Low,Q1: Lower Relative Stress,5653
C_080_100,79.102096,13.058944,0.0894,0.0798,0.1352,0.0531,Baseline / Low,Q1: Lower Relative Stress,5654
C_082_055,78.697854,13.040978,0.0893,0.0297,0.0903,0.1477,Baseline / Low,Q1: Lower Relative Stress,5655
C_026_087,78.985315,13.544034,0.0891,0.0333,0.1274,0.1064,Baseline / Low,Q1: Lower Relative Stress,5656
C_037_056,78.706837,13.44522,0.0891,0.0647,0.1628,0.04,Baseline / Low,Q1: Lower Relative Stress,5657
C_053_076,78.8865,13.301489,0.089,0.1109,0.1013,0.055,Baseline / Low,Q1: Lower Relative Stress,5658
C_021_069,78.823618,13.58895,0.089,0.1219,0.1389,0.0062,Baseline / Low,Q1: Lower Relative Stress,5659
C_114_030,78.473275,12.753517,0.0889,0.0948,0.1634,0.0085,Baseline / Low,Q1: Lower Relative Stress,5660
C_039_077,78.895483,13.427253,0.0889,0.1467,0.12,0.0,Baseline / Low,Q1: Lower Relative Stress,5661
C_053_078,78.904466,13.301489,0.0888,0.1334,0.1317,0.0013,Baseline / Low,Q1: Lower Relative Stress,5662
C_070_094,79.048197,13.148776,0.0886,0.0478,0.0866,0.1313,Baseline / Low,Q1: Lower Relative Stress,5663
C_037_071,78.841584,13.44522,0.0886,0.0862,0.1758,0.0039,Baseline / Low,Q1: Lower Relative Stress,5664
C_122_010,78.293612,12.681652,0.0885,0.1552,0.1099,0.0005,Baseline / Low,Q1: Lower Relative Stress,5665
C_115_030,78.473275,12.744534,0.0884,0.074,0.1906,0.0007,Baseline / Low,Q1: Lower Relative Stress,5666
C_055_074,78.868534,13.283523,0.0884,0.0529,0.2116,0.0007,Low (Single Evidence Family),Q1: Lower Relative Stress,5667
C_073_092,79.03023,13.121826,0.0881,0.0453,0.0729,0.1461,Baseline / Low,Q1: Lower Relative Stress,5668
C_071_087,78.985315,13.139792,0.0881,0.0175,0.0416,0.2053,Low (Single Evidence Family),Q1: Lower Relative Stress,5669
C_079_063,78.769719,13.067927,0.088,0.088,0.1756,0.0003,Baseline / Low,Q1: Lower Relative Stress,5670
C_058_087,78.985315,13.256573,0.0879,0.0688,0.0764,0.1185,Baseline / Low,Q1: Lower Relative Stress,5671
C_055_060,78.742769,13.283523,0.0879,0.0469,0.2105,0.0062,Low (Single Evidence Family),Q1: Lower Relative Stress,5672
C_066_123,79.308708,13.184708,0.0878,0.0938,0.0549,0.1146,Baseline / Low,Q1: Lower Relative Stress,5673
C_032_134,79.407523,13.490135,0.0877,0.2204,0.0427,0.0,Low (Single Evidence Family),Q1: Lower Relative Stress,5674
C_122_024,78.419376,12.681652,0.0877,0.0569,0.0932,0.113,Baseline / Low,Q1: Lower Relative Stress,5675
C_046_052,78.670904,13.364371,0.0876,0.0896,0.1187,0.0544,Baseline / Low,Q1: Lower Relative Stress,5676
C_053_088,78.994298,13.301489,0.0875,0.0201,0.1297,0.1127,Baseline / Low,Q1: Lower Relative Stress,5677
C_042_080,78.922433,13.400304,0.0875,0.1548,0.1076,0.0,Baseline / Low,Q1: Lower Relative Stress,5678
C_022_062,78.760736,13.579967,0.0875,0.0583,0.1239,0.0802,Baseline / Low,Q1: Lower Relative Stress,5679
C_033_123,79.308708,13.481152,0.0874,0.0811,0.0694,0.1118,Baseline / Low,Q1: Lower Relative Stress,5680
C_019_087,78.985315,13.606916,0.0874,0.0392,0.1653,0.0576,Baseline / Low,Q1: Lower Relative Stress,5681
C_089_045,78.608022,12.978096,0.0873,0.1051,0.1537,0.0029,Baseline / Low,Q1: Lower Relative Stress,5682
C_055_169,79.728042,13.283523,0.0872,0.0,0.0,0.2615,Low (Single Evidence Family),Q1: Lower Relative Stress,5683
C_119_039,78.554123,12.708601,0.0871,0.0834,0.1484,0.0295,Baseline / Low,Q1: Lower Relative Stress,5684
C_067_047,78.625988,13.175725,0.0871,0.0493,0.1136,0.0982,Baseline / Low,Q1: Lower Relative Stress,5685
C_074_087,78.985315,13.112843,0.0871,0.0553,0.0813,0.1248,Baseline / Low,Q1: Lower Relative Stress,5686
C_027_084,78.958365,13.535051,0.087,0.0388,0.1729,0.0494,Baseline / Low,Q1: Lower Relative Stress,5687
C_108_025,78.428359,12.807416,0.087,0.1048,0.1414,0.0147,Baseline / Low,Q1: Lower Relative Stress,5688
C_050_068,78.814635,13.328439,0.087,0.047,0.1661,0.0478,Baseline / Low,Q1: Lower Relative Stress,5689
C_047_069,78.823618,13.355388,0.0869,0.0499,0.1286,0.0822,Baseline / Low,Q1: Lower Relative Stress,5690
C_030_063,78.769719,13.508102,0.0868,0.1,0.1414,0.019,Baseline / Low,Q1: Lower Relative Stress,5691
C_067_064,78.778702,13.175725,0.0868,0.0832,0.1772,0.0,Baseline / Low,Q1: Lower Relative Stress,5692
C_057_129,79.362607,13.265557,0.0867,0.1899,0.0702,0.0,Baseline / Low,Q1: Lower Relative Stress,5693
C_061_066,78.796668,13.229624,0.0864,0.0844,0.1741,0.0007,Baseline / Low,Q1: Lower Relative Stress,5694
C_074_049,78.643955,13.112843,0.0863,0.0644,0.126,0.0684,Baseline / Low,Q1: Lower Relative Stress,5695
C_047_071,78.841584,13.355388,0.0862,0.0882,0.17,0.0003,Baseline / Low,Q1: Lower Relative Stress,5696
C_101_043,78.590056,12.870298,0.0861,0.0867,0.171,0.0007,Baseline / Low,Q1: Lower Relative Stress,5697
C_049_084,78.958365,13.337422,0.086,0.0767,0.0613,0.1199,Baseline / Low,Q1: Lower Relative Stress,5698
C_075_071,78.841584,13.10386,0.0859,0.0788,0.171,0.0079,Baseline / Low,Q1: Lower Relative Stress,5699
C_122_011,78.302595,12.681652,0.0858,0.159,0.0926,0.0059,Baseline / Low,Q1: Lower Relative Stress,5700
C_040_083,78.949382,13.41827,0.0857,0.0831,0.1319,0.0419,Baseline / Low,Q1: Lower Relative Stress,5701
C_121_012,78.311578,12.690635,0.0857,0.0114,0.0457,0.2001,Low (Single Evidence Family),Q1: Lower Relative Stress,5702
C_027_090,79.012264,13.535051,0.0855,0.0558,0.188,0.0127,Baseline / Low,Q1: Lower Relative Stress,5703
C_048_108,79.173961,13.346405,0.0853,0.1002,0.1373,0.0183,Baseline / Low,Q1: Lower Relative Stress,5704
C_041_141,79.476513,13.409287,0.0853,0.0948,0.1608,0.0004,Baseline / Low,Q1: Lower Relative Stress,5705
C_074_082,78.940399,13.112843,0.0853,0.0392,0.1142,0.1025,Baseline / Low,Q1: Lower Relative Stress,5706
C_055_065,78.787685,13.283523,0.0852,0.0464,0.2044,0.0049,Low (Single Evidence Family),Q1: Lower Relative Stress,5707
C_043_094,79.048197,13.391321,0.0852,0.0701,0.1179,0.0675,Baseline / Low,Q1: Lower Relative Stress,5708
C_045_092,79.03023,13.373354,0.0851,0.0526,0.1043,0.0982,Baseline / Low,Q1: Lower Relative Stress,5709
C_067_063,78.769719,13.175725,0.0851,0.0837,0.1661,0.0056,Baseline / Low,Q1: Lower Relative Stress,5710
C_066_108,79.173961,13.184708,0.0849,0.0555,0.1677,0.0314,Baseline / Low,Q1: Lower Relative Stress,5711
C_045_064,78.778702,13.373354,0.0849,0.0526,0.2021,0.0,Low (Single Evidence Family),Q1: Lower Relative Stress,5712
C_086_048,78.634972,13.005045,0.0849,0.0772,0.1752,0.0024,Baseline / Low,Q1: Lower Relative Stress,5713
C_061_074,78.868534,13.229624,0.0847,0.0381,0.2109,0.0049,Low (Single Evidence Family),Q1: Lower Relative Stress,5714
C_029_078,78.904466,13.517085,0.0847,0.0315,0.0794,0.1431,Baseline / Low,Q1: Lower Relative Stress,5715
C_071_108,79.173961,13.139792,0.0846,0.119,0.1229,0.0118,Baseline / Low,Q1: Lower Relative Stress,5716
C_117_039,78.554123,12.726567,0.0846,0.0905,0.1634,0.0,Baseline / Low,Q1: Lower Relative Stress,5717
C_076_054,78.688871,13.094877,0.0846,0.0768,0.143,0.0341,Baseline / Low,Q1: Lower Relative Stress,5718
C_056_168,79.719059,13.27454,0.0845,0.015,0.0317,0.2067,Low (Single Evidence Family),Q1: Lower Relative Stress,5719
C_077_099,79.093112,13.085893,0.0845,0.0758,0.1655,0.0121,Baseline / Low,Q1: Lower Relative Stress,5720
C_022_072,78.850567,13.579967,0.0844,0.0361,0.0885,0.1287,Baseline / Low,Q1: Lower Relative Stress,5721
C_079_093,79.039214,13.067927,0.0844,0.0201,0.0852,0.1478,Baseline / Low,Q1: Lower Relative Stress,5722
C_046_059,78.733786,13.364371,0.0843,0.0752,0.1751,0.0026,Baseline / Low,Q1: Lower Relative Stress,5723
C_041_125,79.326674,13.409287,0.0843,0.0285,0.2155,0.0088,Low (Single Evidence Family),Q1: Lower Relative Stress,5724
C_048_070,78.832601,13.346405,0.0841,0.0615,0.1856,0.0052,Baseline / Low,Q1: Lower Relative Stress,5725
C_030_080,78.922433,13.508102,0.084,0.0282,0.197,0.0269,Baseline / Low,Q1: Lower Relative Stress,5726
C_058_125,79.326674,13.256573,0.084,0.1113,0.0801,0.0606,Baseline / Low,Q1: Lower Relative Stress,5727
C_049_083,78.949382,13.337422,0.0839,0.1076,0.1329,0.0111,Baseline / Low,Q1: Lower Relative Stress,5728
C_042_064,78.778702,13.400304,0.0838,0.0492,0.1523,0.0498,Baseline / Low,Q1: Lower Relative Stress,5729
C_084_107,79.164978,13.023011,0.0838,0.1226,0.0535,0.0755,Baseline / Low,Q1: Lower Relative Stress,5730
C_074_054,78.688871,13.112843,0.0837,0.053,0.1967,0.0013,Baseline / Low,Q1: Lower Relative Stress,5731
C_046_051,78.661921,13.364371,0.0837,0.1188,0.1284,0.0039,Baseline / Low,Q1: Lower Relative Stress,5732
C_109_032,78.491241,12.798433,0.0834,0.055,0.1504,0.0449,Baseline / Low,Q1: Lower Relative Stress,5733
C_072_055,78.697854,13.130809,0.0834,0.0711,0.1564,0.0226,Baseline / Low,Q1: Lower Relative Stress,5734
C_075_081,78.931416,13.10386,0.0833,0.1119,0.1354,0.0026,Baseline / Low,Q1: Lower Relative Stress,5735
C_059_067,78.805652,13.24759,0.0833,0.0394,0.2089,0.0016,Low (Single Evidence Family),Q1: Lower Relative Stress,5736
C_033_043,78.590056,13.481152,0.0833,0.0661,0.1813,0.0026,Baseline / Low,Q1: Lower Relative Stress,5737
C_069_065,78.787685,13.157759,0.0831,0.0652,0.1002,0.0838,Baseline / Low,Q1: Lower Relative Stress,5738
C_079_054,78.688871,13.067927,0.083,0.0444,0.0852,0.1195,Baseline / Low,Q1: Lower Relative Stress,5739
C_038_134,79.407523,13.436236,0.083,0.0597,0.1383,0.0511,Baseline / Low,Q1: Lower Relative Stress,5740
C_075_055,78.697854,13.10386,0.083,0.0775,0.1677,0.0036,Baseline / Low,Q1: Lower Relative Stress,5741
C_035_133,79.39854,13.463186,0.0828,0.0307,0.134,0.0838,Baseline / Low,Q1: Lower Relative Stress,5742
C_057_097,79.075146,13.265557,0.0828,0.1498,0.0383,0.0603,Baseline / Low,Q1: Lower Relative Stress,5743
C_050_123,79.308708,13.328439,0.0827,0.0746,0.0624,0.111,Baseline / Low,Q1: Lower Relative Stress,5744
C_075_056,78.706837,13.10386,0.0827,0.0466,0.2011,0.0003,Low (Single Evidence Family),Q1: Lower Relative Stress,5745
C_048_068,78.814635,13.346405,0.0826,0.0601,0.1803,0.0075,Baseline / Low,Q1: Lower Relative Stress,5746
C_119_031,78.482258,12.708601,0.0825,0.1599,0.0877,0.0,Baseline / Low,Q1: Lower Relative Stress,5747
C_028_084,78.958365,13.526068,0.0824,0.0502,0.1632,0.0337,Baseline / Low,Q1: Lower Relative Stress,5748
C_029_098,79.084129,13.517085,0.0824,0.0933,0.1217,0.032,Baseline / Low,Q1: Lower Relative Stress,5749
C_044_108,79.173961,13.382338,0.0824,0.092,0.1132,0.0419,Baseline / Low,Q1: Lower Relative Stress,5750
C_064_090,79.012264,13.202674,0.0822,0.009,0.0401,0.1975,Baseline / Low,Q1: Lower Relative Stress,5751
C_021_073,78.85955,13.58895,0.0822,0.0528,0.1017,0.092,Baseline / Low,Q1: Lower Relative Stress,5752
C_010_087,78.985315,13.687765,0.0821,0.1311,0.0948,0.0203,Baseline / Low,Q1: Lower Relative Stress,5753
C_081_077,78.895483,13.049961,0.082,0.0798,0.1628,0.0035,Baseline / Low,Q1: Lower Relative Stress,5754
C_069_050,78.652938,13.157759,0.082,0.0835,0.084,0.0786,Baseline / Low,Q1: Lower Relative Stress,5755
C_074_055,78.697854,13.112843,0.082,0.0825,0.157,0.0065,Baseline / Low,Q1: Lower Relative Stress,5756
C_050_077,78.895483,13.328439,0.0819,0.0573,0.1842,0.0043,Baseline / Low,Q1: Lower Relative Stress,5757
C_075_054,78.688871,13.10386,0.0819,0.083,0.1599,0.0029,Baseline / Low,Q1: Lower Relative Stress,5758
C_112_025,78.428359,12.771483,0.0819,0.0364,0.078,0.1313,Baseline / Low,Q1: Lower Relative Stress,5759
C_052_094,79.048197,13.310472,0.0818,0.0553,0.1525,0.0377,Baseline / Low,Q1: Lower Relative Stress,5760
C_049_066,78.796668,13.337422,0.0817,0.0299,0.2066,0.0085,Low (Single Evidence Family),Q1: Lower Relative Stress,5761
C_026_103,79.129045,13.544034,0.0817,0.0599,0.1132,0.072,Baseline / Low,Q1: Lower Relative Stress,5762
C_057_050,78.652938,13.265557,0.0816,0.0569,0.1364,0.0514,Baseline / Low,Q1: Lower Relative Stress,5763
C_119_029,78.464292,12.708601,0.0816,0.0343,0.2105,0.0,Low (Single Evidence Family),Q1: Lower Relative Stress,5764
C_038_081,78.931416,13.436236,0.0815,0.1658,0.0786,0.0,Baseline / Low,Q1: Lower Relative Stress,5765
C_020_105,79.147011,13.597933,0.0814,0.1657,0.077,0.0016,Baseline / Low,Q1: Lower Relative Stress,5766
C_076_055,78.697854,13.094877,0.0814,0.0361,0.2009,0.0072,Low (Single Evidence Family),Q1: Lower Relative Stress,5767
C_038_133,79.39854,13.436236,0.0813,0.0336,0.0829,0.1274,Baseline / Low,Q1: Lower Relative Stress,5768
C_048_107,79.164978,13.346405,0.0813,0.0257,0.1523,0.0658,Baseline / Low,Q1: Lower Relative Stress,5769
C_030_060,78.742769,13.508102,0.0812,0.0856,0.1527,0.0052,Baseline / Low,Q1: Lower Relative Stress,5770
C_102_006,78.257679,12.861315,0.0812,0.048,0.153,0.0426,Baseline / Low,Q1: Lower Relative Stress,5771
C_030_079,78.913449,13.508102,0.0811,0.0451,0.1173,0.0809,Baseline / Low,Q1: Lower Relative Stress,5772
C_071_081,78.931416,13.139792,0.081,0.0317,0.1017,0.1097,Baseline / Low,Q1: Lower Relative Stress,5773
C_058_043,78.590056,13.256573,0.081,0.044,0.0416,0.1575,Baseline / Low,Q1: Lower Relative Stress,5774
C_063_077,78.895483,13.211658,0.0809,0.0479,0.1434,0.0514,Baseline / Low,Q1: Lower Relative Stress,5775
C_056_063,78.769719,13.27454,0.0809,0.0857,0.1519,0.0052,Baseline / Low,Q1: Lower Relative Stress,5776
C_104_040,78.563106,12.843348,0.0809,0.0181,0.0389,0.1857,Baseline / Low,Q1: Lower Relative Stress,5777
C_058_067,78.805652,13.256573,0.0808,0.0718,0.17,0.0007,Baseline / Low,Q1: Lower Relative Stress,5778
C_113_029,78.464292,12.7625,0.0806,0.0701,0.1716,0.0,Baseline / Low,Q1: Lower Relative Stress,5779
C_108_037,78.536157,12.807416,0.0805,0.0078,0.0288,0.205,Low (Single Evidence Family),Q1: Lower Relative Stress,5780
C_056_131,79.380573,13.27454,0.0803,0.1776,0.0634,0.0,Baseline / Low,Q1: Lower Relative Stress,5781
C_018_074,78.868534,13.6159,0.0803,0.1086,0.1198,0.0124,Baseline / Low,Q1: Lower Relative Stress,5782
C_045_095,79.05718,13.373354,0.0801,0.0258,0.1204,0.094,Baseline / Low,Q1: Lower Relative Stress,5783
C_070_082,78.940399,13.148776,0.08,0.0669,0.1153,0.058,Baseline / Low,Q1: Lower Relative Stress,5784
C_123_014,78.329544,12.672668,0.08,0.0126,0.0683,0.1592,Baseline / Low,Q1: Lower Relative Stress,5785
C_003_093,79.039214,13.750647,0.08,0.0217,0.177,0.0413,Baseline / Low,Q1: Lower Relative Stress,5786
C_044_116,79.245826,13.382338,0.08,0.0001,0.0008,0.2391,Low (Single Evidence Family),Q1: Lower Relative Stress,5787
C_062_129,79.362607,13.220641,0.08,0.1626,0.0774,0.0,Baseline / Low,Q1: Lower Relative Stress,5788
C_078_055,78.697854,13.07691,0.0799,0.0549,0.1171,0.0678,Baseline / Low,Q1: Lower Relative Stress,5789
C_102_044,78.599039,12.861315,0.0798,0.0445,0.1791,0.0157,Baseline / Low,Q1: Lower Relative Stress,5790
C_044_073,78.85955,13.382338,0.0798,0.0996,0.1367,0.0033,Baseline / Low,Q1: Lower Relative Stress,5791
C_032_054,78.688871,13.490135,0.0797,0.0354,0.2037,0.0,Low (Single Evidence Family),Q1: Lower Relative Stress,5792
C_070_067,78.805652,13.148776,0.0796,0.0695,0.1694,0.0,Baseline / Low,Q1: Lower Relative Stress,5793
C_057_111,79.20091,13.265557,0.0795,0.0301,0.0992,0.1091,Baseline / Low,Q1: Lower Relative Stress,5794
C_061_123,79.308708,13.229624,0.0794,0.1035,0.0852,0.0494,Baseline / Low,Q1: Lower Relative Stress,5795
C_060_077,78.895483,13.238607,0.0794,0.0436,0.0753,0.1192,Baseline / Low,Q1: Lower Relative Stress,5796
C_032_043,78.590056,13.490135,0.0793,0.0381,0.1576,0.0422,Baseline / Low,Q1: Lower Relative Stress,5797
C_003_094,79.048197,13.750647,0.0793,0.0321,0.1305,0.0753,Baseline / Low,Q1: Lower Relative Stress,5798
C_103_043,78.590056,12.852332,0.0791,0.0663,0.1683,0.0026,Baseline / Low,Q1: Lower Relative Stress,5799
C_117_025,78.428359,12.726567,0.079,0.0067,0.0064,0.224,Low (Single Evidence Family),Q1: Lower Relative Stress,5800
C_026_089,79.003281,13.544034,0.079,0.0191,0.0895,0.1284,Baseline / Low,Q1: Lower Relative Stress,5801
C_043_138,79.449564,13.391321,0.0789,0.0405,0.0836,0.1127,Baseline / Low,Q1: Lower Relative Stress,5802
C_037_083,78.949382,13.44522,0.0788,0.0622,0.0599,0.1143,Baseline / Low,Q1: Lower Relative Stress,5803
C_021_076,78.8865,13.58895,0.0788,0.0366,0.091,0.1087,Baseline / Low,Q1: Lower Relative Stress,5804
C_043_112,79.209893,13.391321,0.0788,0.0572,0.0471,0.132,Baseline / Low,Q1: Lower Relative Stress,5805
C_041_131,79.380573,13.409287,0.0787,0.0763,0.1393,0.0206,Baseline / Low,Q1: Lower Relative Stress,5806
C_018_070,78.832601,13.6159,0.0785,0.0713,0.091,0.0734,Baseline / Low,Q1: Lower Relative Stress,5807
C_036_117,79.254809,13.454203,0.0784,0.0788,0.1477,0.0088,Baseline / Low,Q1: Lower Relative Stress,5808
C_097_042,78.581073,12.90623,0.0779,0.0697,0.1202,0.0439,Baseline / Low,Q1: Lower Relative Stress,5809
C_049_071,78.841584,13.337422,0.0778,0.0787,0.1511,0.0036,Baseline / Low,Q1: Lower Relative Stress,5810
C_103_033,78.500224,12.852332,0.0777,0.0357,0.0626,0.1349,Baseline / Low,Q1: Lower Relative Stress,5811
C_077_080,78.922433,13.085893,0.0777,0.0152,0.0506,0.1674,Baseline / Low,Q1: Lower Relative Stress,5812
C_046_071,78.841584,13.364371,0.0777,0.0611,0.1327,0.0393,Baseline / Low,Q1: Lower Relative Stress,5813
C_109_043,78.590056,12.798433,0.0776,0.0003,0.0,0.2324,Low (Single Evidence Family),Q1: Lower Relative Stress,5814
C_077_092,79.03023,13.085893,0.0774,0.0405,0.1006,0.091,Baseline / Low,Q1: Lower Relative Stress,5815
C_031_049,78.643955,13.499119,0.0772,0.096,0.1338,0.002,Baseline / Low,Q1: Lower Relative Stress,5816
C_075_114,79.22786,13.10386,0.0771,0.0854,0.146,0.0,Baseline / Low,Q1: Lower Relative Stress,5817
C_042_077,78.895483,13.400304,0.077,0.1574,0.0737,0.0,Baseline / Low,Q1: Lower Relative Stress,5818
C_117_033,78.500224,12.726567,0.077,0.0908,0.0802,0.0598,Baseline / Low,Q1: Lower Relative Stress,5819
C_049_064,78.778702,13.337422,0.077,0.0503,0.1803,0.0003,Baseline / Low,Q1: Lower Relative Stress,5820
C_044_145,79.512446,13.382338,0.077,0.0288,0.0286,0.1736,Baseline / Low,Q1: Lower Relative Stress,5821
C_020_071,78.841584,13.597933,0.0769,0.0978,0.0957,0.0373,Baseline / Low,Q1: Lower Relative Stress,5822
C_101_038,78.54514,12.870298,0.0769,0.0792,0.1478,0.0036,Baseline / Low,Q1: Lower Relative Stress,5823
C_089_046,78.617005,12.978096,0.0768,0.0612,0.1694,0.0,Baseline / Low,Q1: Lower Relative Stress,5824
C_058_110,79.191927,13.256573,0.0767,0.0158,0.0938,0.1205,Baseline / Low,Q1: Lower Relative Stress,5825
C_083_099,79.093112,13.031995,0.0766,0.0542,0.0924,0.0832,Baseline / Low,Q1: Lower Relative Stress,5826
C_080_096,79.066163,13.058944,0.0766,0.0141,0.1307,0.0851,Baseline / Low,Q1: Lower Relative Stress,5827
C_070_068,78.814635,13.148776,0.0766,0.0464,0.1834,0.0,Baseline / Low,Q1: Lower Relative Stress,5828
C_034_032,78.491241,13.472169,0.0765,0.0088,0.2208,0.0,Low (Single Evidence Family),Q1: Lower Relative Stress,5829
C_043_079,78.913449,13.391321,0.0764,0.1311,0.098,0.0,Baseline / Low,Q1: Lower Relative Stress,5830
C_041_077,78.895483,13.409287,0.0764,0.0492,0.1799,0.0,Baseline / Low,Q1: Lower Relative Stress,5831
C_051_126,79.335658,13.319455,0.0763,0.0361,0.0794,0.1133,Baseline / Low,Q1: Lower Relative Stress,5832
C_074_106,79.155994,13.112843,0.0762,0.0252,0.1994,0.0039,Baseline / Low,Q1: Lower Relative Stress,5833
C_061_091,79.021247,13.229624,0.0761,0.0489,0.0453,0.1343,Baseline / Low,Q1: Lower Relative Stress,5834
C_081_048,78.634972,13.049961,0.0761,0.0516,0.157,0.0196,Baseline / Low,Q1: Lower Relative Stress,5835
C_049_118,79.263792,13.337422,0.0761,0.0277,0.0996,0.1009,Baseline / Low,Q1: Lower Relative Stress,5836
C_054_067,78.805652,13.292506,0.076,0.1072,0.1208,0.0,Baseline / Low,Q1: Lower Relative Stress,5837
C_054_073,78.85955,13.292506,0.076,0.086,0.1239,0.018,Baseline / Low,Q1: Lower Relative Stress,5838
C_054_096,79.066163,13.292506,0.076,0.0402,0.0903,0.0976,Baseline / Low,Q1: Lower Relative Stress,5839
C_044_066,78.796668,13.382338,0.0759,0.0428,0.121,0.0639,Baseline / Low,Q1: Lower Relative Stress,5840
C_067_076,78.8865,13.175725,0.0758,0.0272,0.1511,0.0491,Baseline / Low,Q1: Lower Relative Stress,5841
C_059_076,78.8865,13.24759,0.0757,0.0263,0.0858,0.1149,Baseline / Low,Q1: Lower Relative Stress,5842
C_045_142,79.485497,13.373354,0.0757,0.117,0.0786,0.0314,Baseline / Low,Q1: Lower Relative Stress,5843
C_032_060,78.742769,13.490135,0.0756,0.0788,0.1474,0.0007,Baseline / Low,Q1: Lower Relative Stress,5844
C_044_072,78.850567,13.382338,0.0756,0.1182,0.1072,0.0013,Baseline / Low,Q1: Lower Relative Stress,5845
C_074_041,78.57209,13.112843,0.0756,0.0475,0.1085,0.0707,Baseline / Low,Q1: Lower Relative Stress,5846
C_072_052,78.670904,13.130809,0.0755,0.0416,0.0953,0.0897,Baseline / Low,Q1: Lower Relative Stress,5847
C_038_070,78.832601,13.436236,0.0755,0.0639,0.1624,0.0003,Baseline / Low,Q1: Lower Relative Stress,5848
C_036_134,79.407523,13.454203,0.0754,0.0181,0.1165,0.0917,Baseline / Low,Q1: Lower Relative Stress,5849
C_110_021,78.392426,12.789449,0.0754,0.0169,0.0191,0.1903,Baseline / Low,Q1: Lower Relative Stress,5850
C_006_088,78.994298,13.723697,0.0754,0.0183,0.1439,0.064,Baseline / Low,Q1: Lower Relative Stress,5851
C_103_037,78.536157,12.852332,0.0753,0.0493,0.0951,0.0815,Baseline / Low,Q1: Lower Relative Stress,5852
C_037_084,78.958365,13.44522,0.0753,0.0798,0.1426,0.0036,Baseline / Low,Q1: Lower Relative Stress,5853
C_104_039,78.554123,12.843348,0.0752,0.0532,0.0309,0.1415,Baseline / Low,Q1: Lower Relative Stress,5854
C_042_065,78.787685,13.400304,0.0752,0.0368,0.1381,0.0508,Baseline / Low,Q1: Lower Relative Stress,5855
C_041_138,79.449564,13.409287,0.0751,0.0949,0.0823,0.0481,Baseline / Low,Q1: Lower Relative Stress,5856
C_074_078,78.904466,13.112843,0.0751,0.0751,0.1136,0.0367,Baseline / Low,Q1: Lower Relative Stress,5857
C_114_029,78.464292,12.753517,0.075,0.0472,0.1618,0.016,Baseline / Low,Q1: Lower Relative Stress,5858
C_118_025,78.428359,12.717584,0.0749,0.0114,0.0175,0.1958,Baseline / Low,Q1: Lower Relative Stress,5859
C_025_094,79.048197,13.553017,0.0749,0.0586,0.1022,0.064,Baseline / Low,Q1: Lower Relative Stress,5860
C_019_098,79.084129,13.606916,0.0748,0.0275,0.0838,0.113,Baseline / Low,Q1: Lower Relative Stress,5861
C_071_058,78.724803,13.139792,0.0748,0.0679,0.107,0.0494,Baseline / Low,Q1: Lower Relative Stress,5862
C_110_034,78.509207,12.789449,0.0747,0.0409,0.0539,0.1294,Baseline / Low,Q1: Lower Relative Stress,5863
C_048_071,78.841584,13.346405,0.0747,0.068,0.1554,0.0007,Baseline / Low,Q1: Lower Relative Stress,5864
C_077_048,78.634972,13.085893,0.0747,0.0672,0.0895,0.0675,Baseline / Low,Q1: Lower Relative Stress,5865
C_063_076,78.8865,13.211658,0.0745,0.0328,0.1212,0.0694,Baseline / Low,Q1: Lower Relative Stress,5866
C_103_042,78.581073,12.852332,0.0745,0.0666,0.1539,0.0029,Baseline / Low,Q1: Lower Relative Stress,5867
C_108_022,78.40141,12.807416,0.0745,0.0412,0.0599,0.1225,Baseline / Low,Q1: Lower Relative Stress,5868
C_054_072,78.850567,13.292506,0.0745,0.0558,0.1295,0.0383,Baseline / Low,Q1: Lower Relative Stress,5869
C_064_067,78.805652,13.202674,0.0744,0.0842,0.1284,0.0105,Baseline / Low,Q1: Lower Relative Stress,5870
C_074_091,79.021247,13.112843,0.0743,0.0488,0.1463,0.0278,Baseline / Low,Q1: Lower Relative Stress,5871
C_050_083,78.949382,13.328439,0.0743,0.0841,0.0739,0.0648,Baseline / Low,Q1: Lower Relative Stress,5872
C_063_127,79.344641,13.211658,0.0743,0.1463,0.0632,0.0134,Baseline / Low,Q1: Lower Relative Stress,5873
C_049_123,79.308708,13.337422,0.0742,0.0696,0.1111,0.0419,Baseline / Low,Q1: Lower Relative Stress,5874
C_022_066,78.796668,13.579967,0.0742,0.0505,0.0724,0.0998,Baseline / Low,Q1: Lower Relative Stress,5875
C_102_040,78.563106,12.861315,0.0742,0.075,0.0858,0.0619,Baseline / Low,Q1: Lower Relative Stress,5876
C_045_072,78.850567,13.373354,0.0741,0.0995,0.1218,0.001,Baseline / Low,Q1: Lower Relative Stress,5877
C_056_101,79.111079,13.27454,0.074,0.0462,0.0986,0.0773,Baseline / Low,Q1: Lower Relative Stress,5878
C_037_137,79.440581,13.44522,0.0739,0.0777,0.1286,0.0154,Baseline / Low,Q1: Lower Relative Stress,5879
C_061_131,79.380573,13.229624,0.0739,0.1613,0.0603,0.0,Baseline / Low,Q1: Lower Relative Stress,5880
C_055_080,78.922433,13.283523,0.0739,0.0546,0.134,0.0331,Baseline / Low,Q1: Lower Relative Stress,5881
C_074_072,78.850567,13.112843,0.0739,0.0189,0.1039,0.0989,Baseline / Low,Q1: Lower Relative Stress,5882
C_036_121,79.290742,13.454203,0.0738,0.0876,0.0953,0.0386,Baseline / Low,Q1: Lower Relative Stress,5883
C_109_041,78.57209,12.798433,0.0736,0.0105,0.0286,0.1818,Baseline / Low,Q1: Lower Relative Stress,5884
C_069_049,78.643955,13.157759,0.0735,0.0474,0.1607,0.0124,Baseline / Low,Q1: Lower Relative Stress,5885
C_102_045,78.608022,12.861315,0.0735,0.0513,0.1619,0.0073,Baseline / Low,Q1: Lower Relative Stress,5886
C_037_079,78.913449,13.44522,0.0735,0.1653,0.0541,0.001,Baseline / Low,Q1: Lower Relative Stress,5887
C_044_135,79.422614,13.382338,0.0735,0.0605,0.0712,0.0887,Baseline / Low,Q1: Lower Relative Stress,5888
C_036_135,79.422614,13.454203,0.0734,0.0493,0.1669,0.0039,Baseline / Low,Q1: Lower Relative Stress,5889
C_057_068,78.814635,13.265557,0.0734,0.0569,0.1457,0.0177,Baseline / Low,Q1: Lower Relative Stress,5890
C_070_075,78.877517,13.148776,0.0734,0.0095,0.0253,0.1854,Baseline / Low,Q1: Lower Relative Stress,5891
C_073_040,78.563106,13.121826,0.0732,0.0427,0.108,0.0688,Baseline / Low,Q1: Lower Relative Stress,5892
C_115_035,78.518191,12.744534,0.0731,0.1499,0.0669,0.0026,Baseline / Low,Q1: Lower Relative Stress,5893
C_079_064,78.778702,13.067927,0.0731,0.0928,0.1262,0.0003,Baseline / Low,Q1: Lower Relative Stress,5894
C_040_081,78.931416,13.41827,0.073,0.067,0.1093,0.0429,Baseline / Low,Q1: Lower Relative Stress,5895
C_106_009,78.284629,12.825382,0.073,0.0546,0.129,0.0354,Baseline / Low,Q1: Lower Relative Stress,5896
C_034_077,78.895483,13.472169,0.073,0.0519,0.12,0.0472,Baseline / Low,Q1: Lower Relative Stress,5897
C_020_101,79.111079,13.597933,0.073,0.0235,0.106,0.0894,Baseline / Low,Q1: Lower Relative Stress,5898
C_058_050,78.652938,13.256573,0.073,0.0334,0.169,0.0167,Baseline / Low,Q1: Lower Relative Stress,5899
C_042_079,78.913449,13.400304,0.0729,0.1334,0.084,0.0013,Baseline / Low,Q1: Lower Relative Stress,5900
C_059_092,79.03023,13.24759,0.0729,0.0532,0.0764,0.0891,Baseline / Low,Q1: Lower Relative Stress,5901
C_067_126,79.335658,13.175725,0.0729,0.0985,0.1093,0.0108,Baseline / Low,Q1: Lower Relative Stress,5902
C_054_081,78.931416,13.292506,0.0728,0.059,0.1227,0.0367,Baseline / Low,Q1: Lower Relative Stress,5903
C_068_086,78.976331,13.166742,0.0728,0.0032,0.0685,0.1467,Baseline / Low,Q1: Lower Relative Stress,5904
C_075_089,79.003281,13.10386,0.0726,0.0716,0.0873,0.0589,Baseline / Low,Q1: Lower Relative Stress,5905
C_101_044,78.599039,12.870298,0.0726,0.0476,0.1126,0.0576,Baseline / Low,Q1: Lower Relative Stress,5906
C_040_076,78.8865,13.41827,0.0725,0.1185,0.099,0.0,Baseline / Low,Q1: Lower Relative Stress,5907
C_078_051,78.661921,13.07691,0.0725,0.0744,0.115,0.0282,Baseline / Low,Q1: Lower Relative Stress,5908
C_107_034,78.509207,12.816399,0.0725,0.011,0.03,0.1765,Baseline / Low,Q1: Lower Relative Stress,5909
C_055_079,78.913449,13.283523,0.0724,0.0821,0.1072,0.0278,Baseline / Low,Q1: Lower Relative Stress,5910
C_053_060,78.742769,13.301489,0.0724,0.0553,0.1581,0.0039,Baseline / Low,Q1: Lower Relative Stress,5911
C_045_096,79.066163,13.373354,0.0723,0.0288,0.1478,0.0403,Baseline / Low,Q1: Lower Relative Stress,5912
C_074_071,78.841584,13.112843,0.0723,0.0619,0.155,0.0,Baseline / Low,Q1: Lower Relative Stress,5913
C_038_139,79.458547,13.436236,0.0723,0.0647,0.1379,0.0144,Baseline / Low,Q1: Lower Relative Stress,5914
C_001_096,79.066163,13.768613,0.0723,0.0292,0.0517,0.1359,Baseline / Low,Q1: Lower Relative Stress,5915
C_072_057,78.71582,13.130809,0.0722,0.104,0.1122,0.0003,Baseline / Low,Q1: Lower Relative Stress,5916
C_054_074,78.868534,13.292506,0.0722,0.0845,0.129,0.0029,Baseline / Low,Q1: Lower Relative Stress,5917
C_024_082,78.940399,13.562001,0.0721,0.0163,0.0537,0.1464,Baseline / Low,Q1: Lower Relative Stress,5918
C_036_079,78.913449,13.454203,0.072,0.0982,0.1052,0.0128,Baseline / Low,Q1: Lower Relative Stress,5919
C_037_082,78.940399,13.44522,0.072,0.1223,0.0908,0.0029,Baseline / Low,Q1: Lower Relative Stress,5920
C_069_057,78.71582,13.157759,0.072,0.063,0.1062,0.0468,Baseline / Low,Q1: Lower Relative Stress,5921
C_033_046,78.617005,13.481152,0.0719,0.0735,0.1309,0.0115,Baseline / Low,Q1: Lower Relative Stress,5922
C_066_085,78.967348,13.184708,0.0718,0.0338,0.1089,0.0727,Baseline / Low,Q1: Lower Relative Stress,5923
C_037_097,79.075146,13.44522,0.0718,0.0935,0.1055,0.0165,Baseline / Low,Q1: Lower Relative Stress,5924
C_112_035,78.518191,12.771483,0.0717,0.0726,0.0868,0.0557,Baseline / Low,Q1: Lower Relative Stress,5925
C_024_094,79.048197,13.562001,0.0717,0.0316,0.1377,0.0458,Baseline / Low,Q1: Lower Relative Stress,5926
C_083_100,79.102096,13.031995,0.0716,0.0354,0.1054,0.0741,Baseline / Low,Q1: Lower Relative Stress,5927
C_054_077,78.895483,13.292506,0.0716,0.1045,0.1101,0.0003,Baseline / Low,Q1: Lower Relative Stress,5928
C_079_051,78.661921,13.067927,0.0713,0.0449,0.1204,0.0485,Baseline / Low,Q1: Lower Relative Stress,5929
C_050_121,79.290742,13.328439,0.0713,0.1053,0.0854,0.0233,Baseline / Low,Q1: Lower Relative Stress,5930
C_021_096,79.066163,13.58895,0.0713,0.07,0.0852,0.0586,Baseline / Low,Q1: Lower Relative Stress,5931
C_054_061,78.751753,13.292506,0.0712,0.0353,0.1758,0.0026,Baseline / Low,Q1: Lower Relative Stress,5932
C_112_040,78.563106,12.771483,0.0711,0.0313,0.0422,0.1398,Baseline / Low,Q1: Lower Relative Stress,5933
C_042_126,79.335658,13.400304,0.0711,0.0504,0.1381,0.0249,Baseline / Low,Q1: Lower Relative Stress,5934
C_054_134,79.407523,13.292506,0.071,0.02,0.0002,0.1929,Baseline / Low,Q1: Lower Relative Stress,5935
C_094_046,78.617005,12.93318,0.0709,0.0286,0.0566,0.1274,Baseline / Low,Q1: Lower Relative Stress,5936
C_049_104,79.138028,13.337422,0.0709,0.0657,0.0712,0.076,Baseline / Low,Q1: Lower Relative Stress,5937
C_022_103,79.129045,13.579967,0.0708,0.1145,0.0899,0.0079,Baseline / Low,Q1: Lower Relative Stress,5938
C_032_133,79.39854,13.490135,0.0706,0.1628,0.049,0.0,Baseline / Low,Q1: Lower Relative Stress,5939
C_067_068,78.814635,13.175725,0.0706,0.0337,0.129,0.0491,Baseline / Low,Q1: Lower Relative Stress,5940
C_049_114,79.22786,13.337422,0.0705,0.0635,0.113,0.035,Baseline / Low,Q1: Lower Relative Stress,5941
C_042_073,78.85955,13.400304,0.0705,0.1167,0.0936,0.001,Baseline / Low,Q1: Lower Relative Stress,5942
C_120_029,78.464292,12.699618,0.0705,0.0493,0.1622,0.0,Baseline / Low,Q1: Lower Relative Stress,5943
C_040_140,79.46753,13.41827,0.0704,0.0276,0.0677,0.1159,Baseline / Low,Q1: Lower Relative Stress,5944
C_023_094,79.048197,13.570984,0.0703,0.002,0.0646,0.1444,Baseline / Low,Q1: Lower Relative Stress,5945
C_117_029,78.464292,12.726567,0.0702,0.0417,0.1441,0.0249,Baseline / Low,Q1: Lower Relative Stress,5946
C_045_071,78.841584,13.373354,0.0702,0.0512,0.0965,0.0629,Baseline / Low,Q1: Lower Relative Stress,5947
C_093_047,78.625988,12.942163,0.0702,0.0803,0.1253,0.0049,Baseline / Low,Q1: Lower Relative Stress,5948
C_039_074,78.868534,13.427253,0.0701,0.1266,0.0836,0.0,Baseline / Low,Q1: Lower Relative Stress,5949
C_038_094,79.048197,13.436236,0.0699,0.1119,0.0899,0.0079,Baseline / Low,Q1: Lower Relative Stress,5950
C_062_074,78.868534,13.220641,0.0696,0.058,0.1509,0.0,Baseline / Low,Q1: Lower Relative Stress,5951
C_109_005,78.248696,12.798433,0.0693,0.0381,0.1603,0.0096,Baseline / Low,Q1: Lower Relative Stress,5952
C_044_141,79.476513,13.382338,0.0691,0.0159,0.0483,0.1431,Baseline / Low,Q1: Lower Relative Stress,5953
C_068_130,79.37159,13.166742,0.0689,0.1225,0.0468,0.0374,Baseline / Low,Q1: Lower Relative Stress,5954
C_043_073,78.85955,13.391321,0.0689,0.1268,0.0774,0.0026,Baseline / Low,Q1: Lower Relative Stress,5955
C_037_074,78.868534,13.44522,0.0686,0.0878,0.1085,0.0095,Baseline / Low,Q1: Lower Relative Stress,5956
C_067_130,79.37159,13.175725,0.0686,0.0595,0.0167,0.1296,Baseline / Low,Q1: Lower Relative Stress,5957
C_082_077,78.895483,13.040978,0.0686,0.0808,0.1239,0.001,Baseline / Low,Q1: Lower Relative Stress,5958
C_049_061,78.751753,13.337422,0.0685,0.0674,0.1,0.038,Baseline / Low,Q1: Lower Relative Stress,5959
C_114_032,78.491241,12.753517,0.0685,0.071,0.1346,0.0,Baseline / Low,Q1: Lower Relative Stress,5960
C_061_130,79.37159,13.229624,0.0685,0.1708,0.0335,0.001,Baseline / Low,Q1: Lower Relative Stress,5961
C_043_092,79.03023,13.391321,0.0684,0.0235,0.0284,0.1533,Baseline / Low,Q1: Lower Relative Stress,5962
C_056_075,78.877517,13.27454,0.0683,0.0271,0.0488,0.129,Baseline / Low,Q1: Lower Relative Stress,5963
C_062_125,79.326674,13.220641,0.0683,0.0874,0.0436,0.074,Baseline / Low,Q1: Lower Relative Stress,5964
C_041_080,78.922433,13.409287,0.0682,0.0763,0.128,0.0003,Baseline / Low,Q1: Lower Relative Stress,5965
C_032_085,78.967348,13.490135,0.068,0.073,0.1202,0.0108,Baseline / Low,Q1: Lower Relative Stress,5966
C_038_140,79.46753,13.436236,0.0679,0.0662,0.0996,0.038,Baseline / Low,Q1: Lower Relative Stress,5967
C_104_008,78.275646,12.843348,0.0678,0.0067,0.0208,0.1759,Baseline / Low,Q1: Lower Relative Stress,5968
C_044_106,79.155994,13.382338,0.0678,0.0544,0.1362,0.0128,Baseline / Low,Q1: Lower Relative Stress,5969
C_096_042,78.581073,12.915214,0.0677,0.1034,0.0936,0.0062,Baseline / Low,Q1: Lower Relative Stress,5970
C_047_087,78.985315,13.355388,0.0675,0.1158,0.0862,0.0003,Baseline / Low,Q1: Lower Relative Stress,5971
C_062_130,79.37159,13.220641,0.0674,0.168,0.0239,0.0102,Baseline / Low,Q1: Lower Relative Stress,5972
C_056_078,78.904466,13.27454,0.0672,0.0783,0.0741,0.0491,Baseline / Low,Q1: Lower Relative Stress,5973
C_049_079,78.913449,13.337422,0.0672,0.0442,0.0642,0.093,Baseline / Low,Q1: Lower Relative Stress,5974
C_060_086,78.976331,13.238607,0.0668,0.0218,0.0523,0.1264,Baseline / Low,Q1: Lower Relative Stress,5975
C_032_073,78.85955,13.490135,0.0668,0.0822,0.0953,0.0229,Baseline / Low,Q1: Lower Relative Stress,5976
C_106_008,78.275646,12.825382,0.0668,0.0257,0.1004,0.0743,Baseline / Low,Q1: Lower Relative Stress,5977
C_057_051,78.661921,13.265557,0.0666,0.0364,0.1451,0.0183,Baseline / Low,Q1: Lower Relative Stress,5978
C_063_105,79.147011,13.211658,0.0666,0.0792,0.0132,0.1074,Baseline / Low,Q1: Lower Relative Stress,5979
C_033_035,78.518191,13.481152,0.0666,0.059,0.1195,0.0212,Baseline / Low,Q1: Lower Relative Stress,5980
C_059_128,79.353624,13.24759,0.0665,0.0771,0.0907,0.0316,Baseline / Low,Q1: Lower Relative Stress,5981
C_038_078,78.904466,13.436236,0.0665,0.0804,0.119,0.0,Baseline / Low,Q1: Lower Relative Stress,5982
C_078_050,78.652938,13.07691,0.0665,0.0779,0.0825,0.039,Baseline / Low,Q1: Lower Relative Stress,5983
C_063_078,78.904466,13.211658,0.0665,0.0341,0.1222,0.0432,Baseline / Low,Q1: Lower Relative Stress,5984
C_059_086,78.976331,13.24759,0.0664,0.0925,0.0753,0.0314,Baseline / Low,Q1: Lower Relative Stress,5985
C_109_024,78.419376,12.798433,0.0664,0.0863,0.0936,0.0193,Baseline / Low,Q1: Lower Relative Stress,5986
C_078_079,78.913449,13.07691,0.0663,0.0823,0.0726,0.0439,Baseline / Low,Q1: Lower Relative Stress,5987
C_075_091,79.021247,13.10386,0.0663,0.0333,0.1072,0.0583,Baseline / Low,Q1: Lower Relative Stress,5988
C_044_101,79.111079,13.382338,0.0663,0.0143,0.0819,0.1028,Baseline / Low,Q1: Lower Relative Stress,5989
C_119_033,78.500224,12.708601,0.0662,0.0739,0.1225,0.0021,Baseline / Low,Q1: Lower Relative Stress,5990
C_118_010,78.293612,12.717584,0.0661,0.0481,0.0854,0.0648,Baseline / Low,Q1: Lower Relative Stress,5991
C_102_042,78.581073,12.861315,0.066,0.0579,0.1402,0.0,Baseline / Low,Q1: Lower Relative Stress,5992
C_099_039,78.554123,12.888264,0.066,0.0466,0.0813,0.0701,Baseline / Low,Q1: Lower Relative Stress,5993
C_073_056,78.706837,13.121826,0.0659,0.0907,0.1043,0.0026,Baseline / Low,Q1: Lower Relative Stress,5994
C_126_025,78.428359,12.645719,0.0659,0.005,0.0605,0.1323,Baseline / Low,Q1: Lower Relative Stress,5995
C_045_143,79.49448,13.373354,0.0659,0.0325,0.0066,0.1585,Baseline / Low,Q1: Lower Relative Stress,5996
C_039_078,78.904466,13.427253,0.0658,0.1008,0.0967,0.0,Baseline / Low,Q1: Lower Relative Stress,5997
C_068_122,79.299725,13.166742,0.0658,0.1065,0.0901,0.0007,Baseline / Low,Q1: Lower Relative Stress,5998
C_057_061,78.751753,13.265557,0.0655,0.0531,0.1325,0.0108,Baseline / Low,Q1: Lower Relative Stress,5999
C_113_038,78.54514,12.7625,0.0653,0.0359,0.0272,0.133,Baseline / Low,Q1: Lower Relative Stress,6000
C_074_090,79.012264,13.112843,0.0652,0.0253,0.1,0.0704,Baseline / Low,Q1: Lower Relative Stress,6001
C_055_076,78.8865,13.283523,0.0651,0.0579,0.1375,0.0,Baseline / Low,Q1: Lower Relative Stress,6002
C_111_022,78.40141,12.780466,0.065,0.0111,0.0377,0.1464,Baseline / Low,Q1: Lower Relative Stress,6003
C_058_051,78.661921,13.256573,0.065,0.0451,0.1492,0.0007,Baseline / Low,Q1: Lower Relative Stress,6004
C_076_056,78.706837,13.094877,0.0649,0.0251,0.1681,0.0013,Baseline / Low,Q1: Lower Relative Stress,6005
C_035_138,79.449564,13.463186,0.0649,0.1193,0.0726,0.0026,Baseline / Low,Q1: Lower Relative Stress,6006
C_073_091,79.021247,13.121826,0.0648,0.0211,0.0943,0.0789,Baseline / Low,Q1: Lower Relative Stress,6007
C_095_040,78.563106,12.924197,0.0647,0.0856,0.0636,0.0449,Baseline / Low,Q1: Lower Relative Stress,6008
C_039_085,78.967348,13.427253,0.0646,0.1505,0.0338,0.0095,Baseline / Low,Q1: Lower Relative Stress,6009
C_063_128,79.353624,13.211658,0.0646,0.0977,0.0943,0.002,Baseline / Low,Q1: Lower Relative Stress,6010
C_069_056,78.706837,13.157759,0.0646,0.0063,0.0228,0.1647,Baseline / Low,Q1: Lower Relative Stress,6011
C_070_077,78.895483,13.148776,0.0646,0.0844,0.0766,0.0327,Baseline / Low,Q1: Lower Relative Stress,6012
C_049_103,79.129045,13.337422,0.0646,0.088,0.0953,0.0105,Baseline / Low,Q1: Lower Relative Stress,6013
C_113_033,78.500224,12.7625,0.0645,0.0875,0.0897,0.0164,Baseline / Low,Q1: Lower Relative Stress,6014
C_076_093,79.039214,13.094877,0.0645,0.0178,0.0284,0.1474,Baseline / Low,Q1: Lower Relative Stress,6015
C_059_070,78.832601,13.24759,0.0644,0.0265,0.1426,0.0239,Baseline / Low,Q1: Lower Relative Stress,6016
C_071_109,79.182944,13.139792,0.0644,0.0857,0.1062,0.0013,Baseline / Low,Q1: Lower Relative Stress,6017
C_025_102,79.120062,13.553017,0.0644,0.0466,0.1253,0.0213,Baseline / Low,Q1: Lower Relative Stress,6018
C_067_074,78.868534,13.175725,0.0644,0.0575,0.1222,0.0134,Baseline / Low,Q1: Lower Relative Stress,6019
C_044_143,79.49448,13.382338,0.0643,0.0622,0.0647,0.0659,Baseline / Low,Q1: Lower Relative Stress,6020
C_035_140,79.46753,13.463186,0.0643,0.1152,0.0747,0.0029,Baseline / Low,Q1: Lower Relative Stress,6021
C_070_124,79.317691,13.148776,0.0643,0.0609,0.1023,0.0298,Baseline / Low,Q1: Lower Relative Stress,6022
C_033_125,79.326674,13.481152,0.0643,0.0409,0.085,0.0669,Baseline / Low,Q1: Lower Relative Stress,6023
C_073_107,79.164978,13.121826,0.0642,0.0,0.0043,0.1883,Baseline / Low,Q1: Lower Relative Stress,6024
C_020_070,78.832601,13.597933,0.064,0.0689,0.0941,0.0291,Baseline / Low,Q1: Lower Relative Stress,6025
C_039_137,79.440581,13.427253,0.064,0.0885,0.0887,0.0147,Baseline / Low,Q1: Lower Relative Stress,6026
C_057_054,78.688871,13.265557,0.0639,0.0567,0.1064,0.0285,Baseline / Low,Q1: Lower Relative Stress,6027
C_023_100,79.102096,13.570984,0.0638,0.012,0.0784,0.1009,Baseline / Low,Q1: Lower Relative Stress,6028
C_113_030,78.473275,12.7625,0.0638,0.0293,0.1622,0.0,Baseline / Low,Q1: Lower Relative Stress,6029
C_055_071,78.841584,13.283523,0.0637,0.0631,0.128,0.0,Baseline / Low,Q1: Lower Relative Stress,6030
C_043_081,78.931416,13.391321,0.0636,0.0888,0.1015,0.0007,Baseline / Low,Q1: Lower Relative Stress,6031
C_079_065,78.787685,13.067927,0.0634,0.0737,0.1111,0.0054,Baseline / Low,Q1: Lower Relative Stress,6032
C_116_027,78.446325,12.735551,0.0633,0.0522,0.1364,0.0013,Baseline / Low,Q1: Lower Relative Stress,6033
C_032_145,79.512446,13.490135,0.0633,0.0744,0.1154,0.0,Baseline / Low,Q1: Lower Relative Stress,6034
C_034_141,79.476513,13.472169,0.0632,0.07,0.1145,0.0052,Baseline / Low,Q1: Lower Relative Stress,6035
C_030_086,78.976331,13.508102,0.0632,0.046,0.1432,0.0003,Baseline / Low,Q1: Lower Relative Stress,6036
C_049_087,78.985315,13.337422,0.0632,0.1052,0.0741,0.0105,Baseline / Low,Q1: Lower Relative Stress,6037
C_045_145,79.512446,13.373354,0.0631,0.0514,0.0977,0.0403,Baseline / Low,Q1: Lower Relative Stress,6038
C_068_069,78.823618,13.166742,0.0631,0.0556,0.1325,0.0013,Baseline / Low,Q1: Lower Relative Stress,6039
C_022_068,78.814635,13.579967,0.063,0.0416,0.084,0.0635,Baseline / Low,Q1: Lower Relative Stress,6040
C_056_065,78.787685,13.27454,0.0628,0.0641,0.1216,0.0026,Baseline / Low,Q1: Lower Relative Stress,6041
C_073_064,78.778702,13.121826,0.0628,0.0754,0.0941,0.019,Baseline / Low,Q1: Lower Relative Stress,6042
C_044_142,79.485497,13.382338,0.0628,0.0471,0.0714,0.0699,Baseline / Low,Q1: Lower Relative Stress,6043
C_049_102,79.120062,13.337422,0.0628,0.1479,0.0245,0.016,Baseline / Low,Q1: Lower Relative Stress,6044
C_121_030,78.473275,12.690635,0.0626,0.0883,0.0982,0.0013,Baseline / Low,Q1: Lower Relative Stress,6045
C_067_127,79.344641,13.175725,0.0626,0.0727,0.1146,0.0003,Baseline / Low,Q1: Lower Relative Stress,6046
C_024_093,79.039214,13.562001,0.0626,0.0697,0.1136,0.0046,Baseline / Low,Q1: Lower Relative Stress,6047
C_004_094,79.048197,13.741664,0.0625,0.1244,0.0624,0.0007,Baseline / Low,Q1: Lower Relative Stress,6048
C_052_078,78.904466,13.310472,0.0625,0.036,0.0759,0.0756,Baseline / Low,Q1: Lower Relative Stress,6049
C_099_043,78.590056,12.888264,0.0624,0.0275,0.0595,0.1002,Baseline / Low,Q1: Lower Relative Stress,6050
C_057_101,79.111079,13.265557,0.0624,0.1098,0.0766,0.001,Baseline / Low,Q1: Lower Relative Stress,6051
C_076_095,79.05718,13.094877,0.0624,0.0177,0.1138,0.0557,Baseline / Low,Q1: Lower Relative Stress,6052
C_048_088,78.994298,13.346405,0.0624,0.0899,0.0943,0.0029,Baseline / Low,Q1: Lower Relative Stress,6053
C_034_119,79.272775,13.472169,0.0622,0.0236,0.0823,0.0808,Baseline / Low,Q1: Lower Relative Stress,6054
C_021_103,79.129045,13.58895,0.0621,0.0909,0.0652,0.0301,Baseline / Low,Q1: Lower Relative Stress,6055
C_045_062,78.760736,13.373354,0.062,0.0369,0.1418,0.0072,Baseline / Low,Q1: Lower Relative Stress,6056
C_124_016,78.347511,12.663685,0.0618,0.0707,0.0515,0.0632,Baseline / Low,Q1: Lower Relative Stress,6057
C_055_133,79.39854,13.283523,0.0618,0.0063,0.0016,0.1775,Baseline / Low,Q1: Lower Relative Stress,6058
C_038_077,78.895483,13.436236,0.0618,0.0775,0.1076,0.0003,Baseline / Low,Q1: Lower Relative Stress,6059
C_078_078,78.904466,13.07691,0.0618,0.073,0.0949,0.0174,Baseline / Low,Q1: Lower Relative Stress,6060
C_033_071,78.841584,13.481152,0.0617,0.0995,0.0831,0.0026,Baseline / Low,Q1: Lower Relative Stress,6061
C_073_076,78.8865,13.121826,0.0614,0.0665,0.1155,0.0023,Baseline / Low,Q1: Lower Relative Stress,6062
C_061_073,78.85955,13.229624,0.0614,0.0583,0.1227,0.0033,Baseline / Low,Q1: Lower Relative Stress,6063
C_051_059,78.733786,13.319455,0.0613,0.0376,0.1369,0.0095,Baseline / Low,Q1: Lower Relative Stress,6064
C_113_024,78.419376,12.7625,0.0612,0.0274,0.065,0.091,Baseline / Low,Q1: Lower Relative Stress,6065
C_109_022,78.40141,12.798433,0.0611,0.0417,0.0309,0.1107,Baseline / Low,Q1: Lower Relative Stress,6066
C_045_129,79.362607,13.373354,0.0611,0.0305,0.0702,0.0825,Baseline / Low,Q1: Lower Relative Stress,6067
C_112_023,78.410393,12.771483,0.061,0.0175,0.0455,0.1202,Baseline / Low,Q1: Lower Relative Stress,6068
C_111_039,78.554123,12.780466,0.061,0.0191,0.0475,0.1163,Baseline / Low,Q1: Lower Relative Stress,6069
C_076_100,79.102096,13.094877,0.061,0.0629,0.0564,0.0639,Baseline / Low,Q1: Lower Relative Stress,6070
C_024_096,79.066163,13.562001,0.0609,0.019,0.0722,0.0914,Baseline / Low,Q1: Lower Relative Stress,6071
C_114_031,78.482258,12.753517,0.0609,0.0797,0.1002,0.0026,Baseline / Low,Q1: Lower Relative Stress,6072
C_077_081,78.931416,13.085893,0.0609,0.0021,0.0021,0.1786,Baseline / Low,Q1: Lower Relative Stress,6073
C_116_037,78.536157,12.735551,0.0608,0.0769,0.1043,0.001,Baseline / Low,Q1: Lower Relative Stress,6074
C_018_069,78.823618,13.6159,0.0607,0.0386,0.086,0.0576,Baseline / Low,Q1: Lower Relative Stress,6075
C_112_028,78.455309,12.771483,0.0606,0.0531,0.1066,0.0223,Baseline / Low,Q1: Lower Relative Stress,6076
C_052_097,79.075146,13.310472,0.0603,0.0407,0.0702,0.0701,Baseline / Low,Q1: Lower Relative Stress,6077
C_021_071,78.841584,13.58895,0.0602,0.0864,0.0941,0.0,Baseline / Low,Q1: Lower Relative Stress,6078
C_103_008,78.275646,12.852332,0.06,0.0143,0.0766,0.0891,Baseline / Low,Q1: Lower Relative Stress,6079
C_052_071,78.841584,13.310472,0.06,0.0569,0.1021,0.021,Baseline / Low,Q1: Lower Relative Stress,6080
C_072_064,78.778702,13.130809,0.0599,0.0781,0.0996,0.002,Baseline / Low,Q1: Lower Relative Stress,6081
C_027_068,78.814635,13.535051,0.0599,0.0315,0.1443,0.0039,Baseline / Low,Q1: Lower Relative Stress,6082
C_069_069,78.823618,13.157759,0.0598,0.046,0.1334,0.0,Baseline / Low,Q1: Lower Relative Stress,6083
C_051_077,78.895483,13.319455,0.0598,0.0297,0.0632,0.0865,Baseline / Low,Q1: Lower Relative Stress,6084
C_018_088,78.994298,13.6159,0.0596,0.0612,0.0897,0.0278,Baseline / Low,Q1: Lower Relative Stress,6085
C_045_146,79.521429,13.373354,0.0596,0.0566,0.0625,0.0599,Baseline / Low,Q1: Lower Relative Stress,6086
C_045_125,79.326674,13.373354,0.0596,0.0379,0.0385,0.1025,Baseline / Low,Q1: Lower Relative Stress,6087
C_024_101,79.111079,13.562001,0.0594,0.0267,0.0733,0.0783,Baseline / Low,Q1: Lower Relative Stress,6088
C_042_131,79.380573,13.400304,0.0593,0.0379,0.0941,0.0458,Baseline / Low,Q1: Lower Relative Stress,6089
C_045_139,79.458547,13.373354,0.0592,0.0765,0.0593,0.0419,Baseline / Low,Q1: Lower Relative Stress,6090
C_026_088,78.994298,13.544034,0.0592,0.029,0.122,0.0265,Baseline / Low,Q1: Lower Relative Stress,6091
C_103_009,78.284629,12.852332,0.0591,0.0236,0.0961,0.0576,Baseline / Low,Q1: Lower Relative Stress,6092
C_059_087,78.985315,13.24759,0.0591,0.0997,0.064,0.0138,Baseline / Low,Q1: Lower Relative Stress,6093
C_056_077,78.895483,13.27454,0.059,0.0583,0.0654,0.0534,Baseline / Low,Q1: Lower Relative Stress,6094
C_057_053,78.679887,13.265557,0.059,0.0614,0.1113,0.0043,Baseline / Low,Q1: Lower Relative Stress,6095
C_083_098,79.084129,13.031995,0.0588,0.0275,0.0622,0.0868,Baseline / Low,Q1: Lower Relative Stress,6096
C_054_137,79.440581,13.292506,0.0588,0.0336,0.0006,0.1424,Baseline / Low,Q1: Lower Relative Stress,6097
C_035_091,79.021247,13.463186,0.0588,0.079,0.0729,0.0246,Baseline / Low,Q1: Lower Relative Stress,6098
C_031_080,78.922433,13.499119,0.0587,0.0755,0.0957,0.0049,Baseline / Low,Q1: Lower Relative Stress,6099
C_123_015,78.338528,12.672668,0.0587,0.0056,0.03,0.1405,Baseline / Low,Q1: Lower Relative Stress,6100
C_075_080,78.922433,13.10386,0.0587,0.0285,0.114,0.0334,Baseline / Low,Q1: Lower Relative Stress,6101
C_022_070,78.832601,13.579967,0.0583,0.0761,0.056,0.0429,Baseline / Low,Q1: Lower Relative Stress,6102
C_067_123,79.308708,13.175725,0.0582,0.0681,0.1037,0.0029,Baseline / Low,Q1: Lower Relative Stress,6103
C_035_081,78.931416,13.463186,0.0582,0.0692,0.1006,0.0046,Baseline / Low,Q1: Lower Relative Stress,6104
C_051_076,78.8865,13.319455,0.0582,0.08,0.0786,0.016,Baseline / Low,Q1: Lower Relative Stress,6105
C_040_098,79.084129,13.41827,0.0582,0.1131,0.0338,0.0278,Baseline / Low,Q1: Lower Relative Stress,6106
C_062_128,79.353624,13.220641,0.0581,0.1438,0.0307,0.0,Baseline / Low,Q1: Lower Relative Stress,6107
C_039_098,79.084129,13.427253,0.0581,0.0674,0.0706,0.0364,Baseline / Low,Q1: Lower Relative Stress,6108
C_041_079,78.913449,13.409287,0.0581,0.0648,0.1095,0.0,Baseline / Low,Q1: Lower Relative Stress,6109
C_073_083,78.949382,13.121826,0.0579,0.0373,0.0827,0.0537,Baseline / Low,Q1: Lower Relative Stress,6110
C_018_093,79.039214,13.6159,0.0578,0.0184,0.0617,0.0933,Baseline / Low,Q1: Lower Relative Stress,6111
C_047_088,78.994298,13.355388,0.0578,0.0854,0.0856,0.0023,Baseline / Low,Q1: Lower Relative Stress,6112
C_044_147,79.530412,13.382338,0.0577,0.0916,0.0399,0.0416,Baseline / Low,Q1: Lower Relative Stress,6113
C_053_066,78.796668,13.301489,0.0576,0.0527,0.1068,0.0134,Baseline / Low,Q1: Lower Relative Stress,6114
C_024_092,79.03023,13.562001,0.0575,0.0108,0.1562,0.0056,Baseline / Low,Q1: Lower Relative Stress,6115
C_108_034,78.509207,12.807416,0.0573,0.0275,0.1434,0.001,Baseline / Low,Q1: Lower Relative Stress,6116
C_047_140,79.46753,13.355388,0.0572,0.0463,0.0924,0.0327,Baseline / Low,Q1: Lower Relative Stress,6117
C_053_080,78.922433,13.301489,0.0571,0.121,0.0486,0.0016,Baseline / Low,Q1: Lower Relative Stress,6118
C_074_083,78.949382,13.112843,0.0571,0.0576,0.0848,0.0288,Baseline / Low,Q1: Lower Relative Stress,6119
C_091_046,78.617005,12.960129,0.057,0.0559,0.0852,0.0298,Baseline / Low,Q1: Lower Relative Stress,6120
C_090_045,78.608022,12.969113,0.0569,0.062,0.106,0.0026,Baseline / Low,Q1: Lower Relative Stress,6121
C_054_075,78.877517,13.292506,0.0568,0.0244,0.1432,0.0026,Baseline / Low,Q1: Lower Relative Stress,6122
C_071_038,78.54514,13.139792,0.0568,0.0512,0.0612,0.0579,Baseline / Low,Q1: Lower Relative Stress,6123
C_054_136,79.431598,13.292506,0.0567,0.0292,0.0,0.141,Baseline / Low,Q1: Lower Relative Stress,6124
C_124_014,78.329544,12.663685,0.0567,0.0288,0.0881,0.0531,Baseline / Low,Q1: Lower Relative Stress,6125
C_104_035,78.518191,12.843348,0.0567,0.0101,0.0613,0.0986,Baseline / Low,Q1: Lower Relative Stress,6126
C_057_134,79.407523,13.265557,0.0567,0.0073,0.028,0.1348,Baseline / Low,Q1: Lower Relative Stress,6127
C_092_048,78.634972,12.951146,0.0567,0.0444,0.0965,0.0291,Baseline / Low,Q1: Lower Relative Stress,6128
C_054_076,78.8865,13.292506,0.0566,0.043,0.1268,0.0,Baseline / Low,Q1: Lower Relative Stress,6129
C_112_030,78.473275,12.771483,0.0566,0.0653,0.1043,0.0003,Baseline / Low,Q1: Lower Relative Stress,6130
C_047_141,79.476513,13.355388,0.0564,0.043,0.0794,0.0468,Baseline / Low,Q1: Lower Relative Stress,6131
C_032_079,78.913449,13.490135,0.0563,0.1073,0.0615,0.0,Baseline / Low,Q1: Lower Relative Stress,6132
C_067_121,79.290742,13.175725,0.0563,0.0855,0.0506,0.0327,Baseline / Low,Q1: Lower Relative Stress,6133
C_046_064,78.778702,13.364371,0.0562,0.0264,0.1416,0.0007,Baseline / Low,Q1: Lower Relative Stress,6134
C_039_141,79.476513,13.427253,0.0561,0.0466,0.0523,0.0694,Baseline / Low,Q1: Lower Relative Stress,6135
C_071_100,79.102096,13.139792,0.0561,0.0523,0.0599,0.056,Baseline / Low,Q1: Lower Relative Stress,6136
C_006_093,79.039214,13.723697,0.0559,0.0242,0.1107,0.0327,Baseline / Low,Q1: Lower Relative Stress,6137
C_073_077,78.895483,13.121826,0.0559,0.0483,0.1181,0.0013,Baseline / Low,Q1: Lower Relative Stress,6138
C_074_081,78.931416,13.112843,0.0559,0.0402,0.1068,0.0206,Baseline / Low,Q1: Lower Relative Stress,6139
C_041_129,79.362607,13.409287,0.0559,0.0428,0.0794,0.0455,Baseline / Low,Q1: Lower Relative Stress,6140
C_080_105,79.147011,13.058944,0.0559,0.0724,0.0774,0.018,Baseline / Low,Q1: Lower Relative Stress,6141
C_044_077,78.895483,13.382338,0.0558,0.0701,0.0965,0.0007,Baseline / Low,Q1: Lower Relative Stress,6142
C_101_039,78.554123,12.870298,0.0558,0.0607,0.1066,0.0,Baseline / Low,Q1: Lower Relative Stress,6143
C_049_124,79.317691,13.337422,0.0557,0.0072,0.0025,0.1575,Baseline / Low,Q1: Lower Relative Stress,6144
C_027_069,78.823618,13.535051,0.0554,0.0209,0.1453,0.0,Baseline / Low,Q1: Lower Relative Stress,6145
C_067_124,79.317691,13.175725,0.0554,0.0819,0.0834,0.001,Baseline / Low,Q1: Lower Relative Stress,6146
C_048_106,79.155994,13.346405,0.0552,0.0268,0.0714,0.0675,Baseline / Low,Q1: Lower Relative Stress,6147
C_031_078,78.904466,13.499119,0.0552,0.0949,0.07,0.0007,Baseline / Low,Q1: Lower Relative Stress,6148
C_023_103,79.129045,13.570984,0.055,0.047,0.1167,0.0013,Baseline / Low,Q1: Lower Relative Stress,6149
C_040_136,79.431598,13.41827,0.055,0.0486,0.0692,0.0472,Baseline / Low,Q1: Lower Relative Stress,6150
C_065_100,79.102096,13.193691,0.055,0.0486,0.0475,0.0688,Baseline / Low,Q1: Lower Relative Stress,6151
C_123_012,78.311578,12.672668,0.0549,0.1134,0.0457,0.0056,Baseline / Low,Q1: Lower Relative Stress,6152
C_049_148,79.539395,13.337422,0.0549,0.0862,0.0766,0.0018,Baseline / Low,Q1: Lower Relative Stress,6153
C_051_075,78.877517,13.319455,0.0549,0.0843,0.0788,0.0016,Baseline / Low,Q1: Lower Relative Stress,6154
C_044_107,79.164978,13.382338,0.0549,0.0228,0.0617,0.0802,Baseline / Low,Q1: Lower Relative Stress,6155
C_046_060,78.742769,13.364371,0.0545,0.0504,0.1091,0.0039,Baseline / Low,Q1: Lower Relative Stress,6156
C_044_146,79.521429,13.382338,0.0544,0.062,0.0564,0.0449,Baseline / Low,Q1: Lower Relative Stress,6157
C_061_076,78.8865,13.229624,0.0544,0.0205,0.0718,0.0711,Baseline / Low,Q1: Lower Relative Stress,6158
C_068_121,79.290742,13.166742,0.0544,0.0654,0.098,0.0,Baseline / Low,Q1: Lower Relative Stress,6159
C_073_055,78.697854,13.121826,0.0542,0.0761,0.0768,0.0098,Baseline / Low,Q1: Lower Relative Stress,6160
C_064_072,78.850567,13.202674,0.0542,0.0386,0.1229,0.001,Baseline / Low,Q1: Lower Relative Stress,6161
C_073_096,79.066163,13.121826,0.0541,0.0038,0.0366,0.1218,Baseline / Low,Q1: Lower Relative Stress,6162
C_081_052,78.670904,13.049961,0.054,0.046,0.085,0.0311,Baseline / Low,Q1: Lower Relative Stress,6163
C_037_139,79.458547,13.44522,0.054,0.0742,0.0856,0.0023,Baseline / Low,Q1: Lower Relative Stress,6164
C_116_024,78.419376,12.735551,0.054,0.0237,0.0626,0.0756,Baseline / Low,Q1: Lower Relative Stress,6165
C_109_031,78.482258,12.798433,0.054,0.0251,0.0753,0.0616,Baseline / Low,Q1: Lower Relative Stress,6166
C_067_075,78.877517,13.175725,0.0539,0.0299,0.072,0.0596,Baseline / Low,Q1: Lower Relative Stress,6167
C_036_042,78.581073,13.454203,0.0537,0.0417,0.1083,0.0111,Baseline / Low,Q1: Lower Relative Stress,6168
C_057_067,78.805652,13.265557,0.0534,0.0509,0.1087,0.0007,Baseline / Low,Q1: Lower Relative Stress,6169
C_107_023,78.410393,12.816399,0.0532,0.0255,0.021,0.113,Baseline / Low,Q1: Lower Relative Stress,6170
C_007_098,79.084129,13.714714,0.0532,0.014,0.0606,0.085,Baseline / Low,Q1: Lower Relative Stress,6171
C_069_084,78.958365,13.157759,0.0532,0.0121,0.05,0.0976,Baseline / Low,Q1: Lower Relative Stress,6172
C_039_099,79.093112,13.427253,0.0532,0.0525,0.063,0.0441,Baseline / Low,Q1: Lower Relative Stress,6173
C_056_073,78.85955,13.27454,0.0532,0.0664,0.0895,0.0036,Baseline / Low,Q1: Lower Relative Stress,6174
C_117_027,78.446325,12.726567,0.0531,0.0526,0.1027,0.0039,Baseline / Low,Q1: Lower Relative Stress,6175
C_075_070,78.832601,13.10386,0.053,0.0534,0.1035,0.002,Baseline / Low,Q1: Lower Relative Stress,6176
C_039_116,79.245826,13.427253,0.053,0.0567,0.0268,0.0756,Baseline / Low,Q1: Lower Relative Stress,6177
C_040_078,78.904466,13.41827,0.0529,0.0895,0.0689,0.0003,Baseline / Low,Q1: Lower Relative Stress,6178
C_075_088,78.994298,13.10386,0.0529,0.0365,0.1008,0.0213,Baseline / Low,Q1: Lower Relative Stress,6179
C_031_047,78.625988,13.499119,0.0528,0.0284,0.1202,0.0098,Baseline / Low,Q1: Lower Relative Stress,6180
C_046_082,78.940399,13.364371,0.0528,0.0432,0.1153,0.0,Baseline / Low,Q1: Lower Relative Stress,6181
C_024_091,79.021247,13.562001,0.0525,0.0312,0.0951,0.0311,Baseline / Low,Q1: Lower Relative Stress,6182
C_083_053,78.679887,13.031995,0.0524,0.0601,0.0704,0.0269,Baseline / Low,Q1: Lower Relative Stress,6183
C_079_099,79.093112,13.067927,0.0524,0.0677,0.0692,0.0203,Baseline / Low,Q1: Lower Relative Stress,6184
C_022_102,79.120062,13.579967,0.0522,0.0242,0.0803,0.0521,Baseline / Low,Q1: Lower Relative Stress,6185
C_010_097,79.075146,13.687765,0.0522,0.0178,0.0753,0.0634,Baseline / Low,Q1: Lower Relative Stress,6186
C_012_089,79.003281,13.669798,0.052,0.0656,0.051,0.0393,Baseline / Low,Q1: Lower Relative Stress,6187
C_072_087,78.985315,13.130809,0.052,0.0517,0.0582,0.0462,Baseline / Low,Q1: Lower Relative Stress,6188
C_042_078,78.904466,13.400304,0.0519,0.0904,0.0652,0.0,Baseline / Low,Q1: Lower Relative Stress,6189
C_070_083,78.949382,13.148776,0.0517,0.0182,0.0885,0.0485,Baseline / Low,Q1: Lower Relative Stress,6190
C_034_139,79.458547,13.472169,0.0516,0.1264,0.0265,0.002,Baseline / Low,Q1: Lower Relative Stress,6191
C_041_140,79.46753,13.409287,0.0516,0.0739,0.0784,0.0026,Baseline / Low,Q1: Lower Relative Stress,6192
C_023_101,79.111079,13.570984,0.0515,0.0167,0.0888,0.049,Baseline / Low,Q1: Lower Relative Stress,6193
C_106_038,78.54514,12.825382,0.0515,0.0042,0.0239,0.1264,Baseline / Low,Q1: Lower Relative Stress,6194
C_080_077,78.895483,13.058944,0.0513,0.0536,0.0982,0.0021,Baseline / Low,Q1: Lower Relative Stress,6195
C_057_100,79.102096,13.265557,0.0513,0.0747,0.0759,0.0033,Baseline / Low,Q1: Lower Relative Stress,6196
C_038_069,78.823618,13.436236,0.0513,0.0699,0.084,0.0,Baseline / Low,Q1: Lower Relative Stress,6197
C_105_023,78.410393,12.834365,0.0511,0.0314,0.0368,0.0851,Baseline / Low,Q1: Lower Relative Stress,6198
C_038_076,78.8865,13.436236,0.0511,0.0657,0.086,0.0016,Baseline / Low,Q1: Lower Relative Stress,6199
C_078_064,78.778702,13.07691,0.0511,0.0396,0.1128,0.001,Baseline / Low,Q1: Lower Relative Stress,6200
C_026_070,78.832601,13.544034,0.0509,0.0207,0.0903,0.0416,Baseline / Low,Q1: Lower Relative Stress,6201
C_074_096,79.066163,13.112843,0.0508,0.015,0.1113,0.0262,Baseline / Low,Q1: Lower Relative Stress,6202
C_060_087,78.985315,13.238607,0.0506,0.0486,0.0502,0.0531,Baseline / Low,Q1: Lower Relative Stress,6203
C_060_135,79.422614,13.238607,0.0505,0.0942,0.0453,0.0122,Baseline / Low,Q1: Lower Relative Stress,6204
C_009_087,78.985315,13.696748,0.0505,0.048,0.0622,0.0413,Baseline / Low,Q1: Lower Relative Stress,6205
C_005_094,79.048197,13.73268,0.0505,0.07,0.0774,0.0039,Baseline / Low,Q1: Lower Relative Stress,6206
C_049_077,78.895483,13.337422,0.0504,0.0596,0.0881,0.0036,Baseline / Low,Q1: Lower Relative Stress,6207
C_119_010,78.293612,12.708601,0.0503,0.0868,0.0558,0.0082,Baseline / Low,Q1: Lower Relative Stress,6208
C_100_037,78.536157,12.879281,0.0501,0.0411,0.0628,0.0465,Baseline / Low,Q1: Lower Relative Stress,6209
C_043_059,78.733786,13.391321,0.0501,0.061,0.0887,0.0007,Baseline / Low,Q1: Lower Relative Stress,6210
C_031_048,78.634972,13.499119,0.05,0.0943,0.0335,0.0223,Baseline / Low,Q1: Lower Relative Stress,6211
C_036_145,79.512446,13.454203,0.05,0.1221,0.0278,0.0,Baseline / Low,Q1: Lower Relative Stress,6212
C_054_135,79.422614,13.292506,0.0498,0.0033,0.0027,0.1433,Baseline / Low,Q1: Lower Relative Stress,6213
C_042_140,79.46753,13.400304,0.0498,0.0616,0.0593,0.0285,Baseline / Low,Q1: Lower Relative Stress,6214
C_102_041,78.57209,12.861315,0.0496,0.0429,0.106,0.0,Baseline / Low,Q1: Lower Relative Stress,6215
C_124_013,78.320561,12.663685,0.0495,0.015,0.0371,0.0964,Baseline / Low,Q1: Lower Relative Stress,6216
C_045_076,78.8865,13.373354,0.0495,0.0919,0.0552,0.0013,Baseline / Low,Q1: Lower Relative Stress,6217
C_107_041,78.57209,12.816399,0.0495,0.0103,0.0103,0.128,Baseline / Low,Q1: Lower Relative Stress,6218
C_100_039,78.554123,12.879281,0.0494,0.0197,0.0235,0.1051,Baseline / Low,Q1: Lower Relative Stress,6219
C_108_036,78.527174,12.807416,0.0494,0.0167,0.0527,0.0789,Baseline / Low,Q1: Lower Relative Stress,6220
C_110_023,78.410393,12.789449,0.0494,0.0355,0.0599,0.0527,Baseline / Low,Q1: Lower Relative Stress,6221
C_109_036,78.527174,12.798433,0.0494,0.0043,0.0121,0.1316,Baseline / Low,Q1: Lower Relative Stress,6222
C_078_057,78.71582,13.07691,0.0491,0.015,0.0776,0.0547,Baseline / Low,Q1: Lower Relative Stress,6223
C_083_055,78.697854,13.031995,0.0491,0.0626,0.0831,0.0016,Baseline / Low,Q1: Lower Relative Stress,6224
C_061_084,78.958365,13.229624,0.049,0.054,0.071,0.0219,Baseline / Low,Q1: Lower Relative Stress,6225
C_038_083,78.949382,13.436236,0.049,0.0959,0.0482,0.0029,Baseline / Low,Q1: Lower Relative Stress,6226
C_037_117,79.254809,13.44522,0.049,0.1208,0.0191,0.0069,Baseline / Low,Q1: Lower Relative Stress,6227
C_045_060,78.742769,13.373354,0.0488,0.0499,0.0945,0.002,Baseline / Low,Q1: Lower Relative Stress,6228
C_044_136,79.431598,13.382338,0.0488,0.0261,0.0796,0.0406,Baseline / Low,Q1: Lower Relative Stress,6229
C_054_133,79.39854,13.292506,0.0488,0.0604,0.0016,0.0845,Baseline / Low,Q1: Lower Relative Stress,6230
C_061_105,79.147011,13.229624,0.0487,0.0334,0.0438,0.0688,Baseline / Low,Q1: Lower Relative Stress,6231
C_072_062,78.760736,13.130809,0.0486,0.0389,0.0457,0.0612,Baseline / Low,Q1: Lower Relative Stress,6232
C_028_072,78.850567,13.526068,0.0486,0.0682,0.0757,0.002,Baseline / Low,Q1: Lower Relative Stress,6233
C_061_134,79.407523,13.229624,0.0486,0.1311,0.0146,0.0,Baseline / Low,Q1: Lower Relative Stress,6234
C_075_085,78.967348,13.10386,0.0485,0.0108,0.0274,0.1074,Baseline / Low,Q1: Lower Relative Stress,6235
C_046_143,79.49448,13.364371,0.0485,0.1041,0.03,0.0115,Baseline / Low,Q1: Lower Relative Stress,6236
C_044_144,79.503463,13.382338,0.0485,0.0194,0.0572,0.0691,Baseline / Low,Q1: Lower Relative Stress,6237
C_044_071,78.841584,13.382338,0.0484,0.0357,0.0718,0.0377,Baseline / Low,Q1: Lower Relative Stress,6238
C_058_131,79.380573,13.256573,0.0483,0.1134,0.0307,0.001,Baseline / Low,Q1: Lower Relative Stress,6239
C_053_137,79.440581,13.301489,0.0483,0.0596,0.0029,0.0825,Baseline / Low,Q1: Lower Relative Stress,6240
C_023_104,79.138028,13.570984,0.0482,0.0348,0.0992,0.0105,Baseline / Low,Q1: Lower Relative Stress,6241
C_059_132,79.389556,13.24759,0.0481,0.025,0.0558,0.0635,Baseline / Low,Q1: Lower Relative Stress,6242
C_104_043,78.590056,12.843348,0.048,0.0462,0.0978,0.0,Baseline / Low,Q1: Lower Relative Stress,6243
C_034_042,78.581073,13.472169,0.0478,0.0247,0.0827,0.036,Baseline / Low,Q1: Lower Relative Stress,6244
C_043_147,79.530412,13.391321,0.0477,0.0339,0.0177,0.0914,Baseline / Low,Q1: Lower Relative Stress,6245
C_066_066,78.796668,13.184708,0.0476,0.0575,0.0852,0.0,Baseline / Low,Q1: Lower Relative Stress,6246
C_043_103,79.129045,13.391321,0.0476,0.0589,0.0675,0.0164,Baseline / Low,Q1: Lower Relative Stress,6247
C_117_028,78.455309,12.726567,0.0475,0.0449,0.0677,0.0298,Baseline / Low,Q1: Lower Relative Stress,6248
C_117_031,78.482258,12.726567,0.0475,0.0544,0.0881,0.0,Baseline / Low,Q1: Lower Relative Stress,6249
C_119_030,78.473275,12.708601,0.0474,0.0889,0.0533,0.0,Baseline / Low,Q1: Lower Relative Stress,6250
C_115_022,78.40141,12.744534,0.047,0.0039,0.0389,0.0982,Baseline / Low,Q1: Lower Relative Stress,6251
C_106_024,78.419376,12.825382,0.047,0.0411,0.0459,0.054,Baseline / Low,Q1: Lower Relative Stress,6252
C_038_142,79.485497,13.436236,0.0469,0.0395,0.0996,0.0016,Baseline / Low,Q1: Lower Relative Stress,6253
C_079_078,78.904466,13.067927,0.0469,0.038,0.0953,0.0075,Baseline / Low,Q1: Lower Relative Stress,6254
C_036_142,79.485497,13.454203,0.0467,0.0985,0.0217,0.0197,Baseline / Low,Q1: Lower Relative Stress,6255
C_037_076,78.8865,13.44522,0.0467,0.0641,0.0761,0.0,Baseline / Low,Q1: Lower Relative Stress,6256
C_037_141,79.476513,13.44522,0.0467,0.0301,0.0735,0.0364,Baseline / Low,Q1: Lower Relative Stress,6257
C_125_015,78.338528,12.654702,0.0467,0.0809,0.0329,0.0262,Baseline / Low,Q1: Lower Relative Stress,6258
C_022_071,78.841584,13.579967,0.0461,0.0627,0.0729,0.0026,Baseline / Low,Q1: Lower Relative Stress,6259
C_058_046,78.617005,13.256573,0.046,0.0039,0.0512,0.0829,Baseline / Low,Q1: Lower Relative Stress,6260
C_062_077,78.895483,13.220641,0.046,0.0162,0.0681,0.0537,Baseline / Low,Q1: Lower Relative Stress,6261
C_042_129,79.362607,13.400304,0.0459,0.029,0.0838,0.0249,Baseline / Low,Q1: Lower Relative Stress,6262
C_074_048,78.634972,13.112843,0.0458,0.0212,0.0381,0.0783,Baseline / Low,Q1: Lower Relative Stress,6263
C_046_141,79.476513,13.364371,0.0457,0.0531,0.0152,0.0688,Baseline / Low,Q1: Lower Relative Stress,6264
C_082_078,78.904466,13.040978,0.0457,0.0639,0.0702,0.003,Baseline / Low,Q1: Lower Relative Stress,6265
C_107_036,78.527174,12.816399,0.0457,0.0133,0.0214,0.1025,Baseline / Low,Q1: Lower Relative Stress,6266
C_055_136,79.431598,13.283523,0.0456,0.0523,0.011,0.0736,Baseline / Low,Q1: Lower Relative Stress,6267
C_025_090,79.012264,13.553017,0.0456,0.0348,0.0523,0.0498,Baseline / Low,Q1: Lower Relative Stress,6268
C_031_079,78.913449,13.499119,0.0456,0.0607,0.0644,0.0118,Baseline / Low,Q1: Lower Relative Stress,6269
C_060_094,79.048197,13.238607,0.0455,0.0138,0.0607,0.0619,Baseline / Low,Q1: Lower Relative Stress,6270
C_072_065,78.787685,13.130809,0.0455,0.0534,0.0813,0.002,Baseline / Low,Q1: Lower Relative Stress,6271
C_091_047,78.625988,12.960129,0.0454,0.0657,0.0683,0.0023,Baseline / Low,Q1: Lower Relative Stress,6272
C_115_037,78.536157,12.744534,0.0454,0.0858,0.0504,0.0,Baseline / Low,Q1: Lower Relative Stress,6273
C_037_078,78.904466,13.44522,0.0453,0.0585,0.0772,0.0003,Baseline / Low,Q1: Lower Relative Stress,6274
C_113_035,78.518191,12.7625,0.0452,0.0418,0.0393,0.0544,Baseline / Low,Q1: Lower Relative Stress,6275
C_031_059,78.733786,13.499119,0.0452,0.0742,0.0605,0.001,Baseline / Low,Q1: Lower Relative Stress,6276
C_115_038,78.54514,12.744534,0.0451,0.0382,0.0064,0.0907,Baseline / Low,Q1: Lower Relative Stress,6277
C_038_085,78.967348,13.436236,0.045,0.0352,0.0537,0.0462,Baseline / Low,Q1: Lower Relative Stress,6278
C_043_060,78.742769,13.391321,0.0448,0.0377,0.0934,0.0033,Baseline / Low,Q1: Lower Relative Stress,6279
C_114_023,78.410393,12.753517,0.0447,0.002,0.0049,0.1271,Baseline / Low,Q1: Lower Relative Stress,6280
C_037_138,79.449564,13.44522,0.0447,0.0273,0.0648,0.0419,Baseline / Low,Q1: Lower Relative Stress,6281
C_050_102,79.120062,13.328439,0.0447,0.0845,0.0261,0.0236,Baseline / Low,Q1: Lower Relative Stress,6282
C_094_047,78.625988,12.93318,0.0447,0.0375,0.0922,0.0043,Baseline / Low,Q1: Lower Relative Stress,6283
C_115_028,78.455309,12.744534,0.0445,0.0165,0.0465,0.0704,Baseline / Low,Q1: Lower Relative Stress,6284
C_039_084,78.958365,13.427253,0.0443,0.0823,0.0506,0.0,Baseline / Low,Q1: Lower Relative Stress,6285
C_079_103,79.129045,13.067927,0.0443,0.052,0.0807,0.0003,Baseline / Low,Q1: Lower Relative Stress,6286
C_080_099,79.093112,13.058944,0.0443,0.0594,0.0702,0.0033,Baseline / Low,Q1: Lower Relative Stress,6287
C_061_077,78.895483,13.229624,0.0443,0.0223,0.041,0.0698,Baseline / Low,Q1: Lower Relative Stress,6288
C_043_071,78.841584,13.391321,0.0441,0.0661,0.0657,0.0007,Baseline / Low,Q1: Lower Relative Stress,6289
C_069_070,78.832601,13.157759,0.0441,0.0502,0.0811,0.001,Baseline / Low,Q1: Lower Relative Stress,6290
C_036_143,79.49448,13.454203,0.0441,0.0799,0.0509,0.0014,Baseline / Low,Q1: Lower Relative Stress,6291
C_101_035,78.518191,12.870298,0.044,0.0042,0.0204,0.1074,Baseline / Low,Q1: Lower Relative Stress,6292
C_032_059,78.733786,13.490135,0.044,0.059,0.0712,0.002,Baseline / Low,Q1: Lower Relative Stress,6293
C_079_079,78.913449,13.067927,0.044,0.0535,0.0609,0.0177,Baseline / Low,Q1: Lower Relative Stress,6294
C_040_131,79.380573,13.41827,0.0439,0.0258,0.0726,0.0334,Baseline / Low,Q1: Lower Relative Stress,6295
C_111_029,78.464292,12.780466,0.0438,0.0093,0.091,0.0311,Baseline / Low,Q1: Lower Relative Stress,6296
C_015_072,78.850567,13.642849,0.0438,0.0151,0.1041,0.0121,Baseline / Low,Q1: Lower Relative Stress,6297
C_037_146,79.521429,13.44522,0.0438,0.0927,0.0244,0.0144,Baseline / Low,Q1: Lower Relative Stress,6298
C_093_048,78.634972,12.942163,0.0437,0.0367,0.0823,0.0121,Baseline / Low,Q1: Lower Relative Stress,6299
C_039_082,78.940399,13.427253,0.0436,0.0454,0.0716,0.0138,Baseline / Low,Q1: Lower Relative Stress,6300
C_106_023,78.410393,12.825382,0.0433,0.0266,0.0249,0.0783,Baseline / Low,Q1: Lower Relative Stress,6301
C_037_116,79.245826,13.44522,0.0433,0.0414,0.0639,0.0246,Baseline / Low,Q1: Lower Relative Stress,6302
C_045_065,78.787685,13.373354,0.0432,0.0398,0.0871,0.0026,Baseline / Low,Q1: Lower Relative Stress,6303
C_058_132,79.389556,13.256573,0.0432,0.0698,0.0082,0.0514,Baseline / Low,Q1: Lower Relative Stress,6304
C_071_073,78.85955,13.139792,0.0431,0.0417,0.0642,0.0233,Baseline / Low,Q1: Lower Relative Stress,6305
C_059_069,78.823618,13.24759,0.0431,0.0198,0.0961,0.0134,Baseline / Low,Q1: Lower Relative Stress,6306
C_005_095,79.05718,13.73268,0.0431,0.0032,0.0095,0.1166,Baseline / Low,Q1: Lower Relative Stress,6307
C_105_008,78.275646,12.834365,0.0431,0.012,0.0426,0.0747,Baseline / Low,Q1: Lower Relative Stress,6308
C_028_103,79.129045,13.526068,0.0431,0.035,0.0569,0.0375,Baseline / Low,Q1: Lower Relative Stress,6309
C_035_137,79.440581,13.463186,0.043,0.1172,0.0109,0.001,Baseline / Low,Q1: Lower Relative Stress,6310
C_048_125,79.326674,13.346405,0.0429,0.0127,0.0004,0.1156,Baseline / Low,Q1: Lower Relative Stress,6311
C_038_074,78.868534,13.436236,0.0429,0.0933,0.0354,0.0,Baseline / Low,Q1: Lower Relative Stress,6312
C_075_105,79.147011,13.10386,0.0429,0.0111,0.0852,0.0324,Baseline / Low,Q1: Lower Relative Stress,6313
C_114_025,78.428359,12.753517,0.0428,0.0002,0.0031,0.1251,Baseline / Low,Q1: Lower Relative Stress,6314
C_049_068,78.814635,13.337422,0.0426,0.0392,0.0858,0.0026,Baseline / Low,Q1: Lower Relative Stress,6315
C_111_034,78.509207,12.780466,0.0426,0.0654,0.0255,0.037,Baseline / Low,Q1: Lower Relative Stress,6316
C_056_076,78.8865,13.27454,0.0426,0.0412,0.0628,0.0239,Baseline / Low,Q1: Lower Relative Stress,6317
C_122_012,78.311578,12.681652,0.0425,0.0427,0.0344,0.0504,Baseline / Low,Q1: Lower Relative Stress,6318
C_090_046,78.617005,12.969113,0.0425,0.0696,0.0549,0.0029,Baseline / Low,Q1: Lower Relative Stress,6319
C_069_124,79.317691,13.157759,0.0424,0.07,0.0461,0.0111,Baseline / Low,Q1: Lower Relative Stress,6320
C_042_091,79.021247,13.400304,0.0422,0.0271,0.0626,0.037,Baseline / Low,Q1: Lower Relative Stress,6321
C_115_032,78.491241,12.744534,0.0422,0.0782,0.0473,0.0011,Baseline / Low,Q1: Lower Relative Stress,6322
C_043_102,79.120062,13.391321,0.0422,0.0325,0.0792,0.0147,Baseline / Low,Q1: Lower Relative Stress,6323
C_069_079,78.913449,13.157759,0.0422,0.0064,0.0119,0.1084,Baseline / Low,Q1: Lower Relative Stress,6324
C_080_097,79.075146,13.058944,0.0421,0.0064,0.0132,0.1068,Baseline / Low,Q1: Lower Relative Stress,6325
C_055_134,79.407523,13.283523,0.0421,0.0067,0.0002,0.1195,Baseline / Low,Q1: Lower Relative Stress,6326
C_070_095,79.05718,13.148776,0.042,0.0048,0.0407,0.0806,Baseline / Low,Q1: Lower Relative Stress,6327
C_043_108,79.173961,13.391321,0.0419,0.0539,0.0704,0.0013,Baseline / Low,Q1: Lower Relative Stress,6328
C_059_094,79.048197,13.24759,0.0419,0.0112,0.0335,0.0809,Baseline / Low,Q1: Lower Relative Stress,6329
C_081_053,78.679887,13.049961,0.0418,0.0256,0.0854,0.0144,Baseline / Low,Q1: Lower Relative Stress,6330
C_124_015,78.338528,12.663685,0.0418,0.0398,0.0288,0.0567,Baseline / Low,Q1: Lower Relative Stress,6331
C_117_030,78.473275,12.726567,0.0418,0.046,0.0716,0.0079,Baseline / Low,Q1: Lower Relative Stress,6332
C_033_135,79.422614,13.481152,0.0418,0.0794,0.0453,0.0007,Baseline / Low,Q1: Lower Relative Stress,6333
C_047_076,78.8865,13.355388,0.0418,0.0608,0.0642,0.0003,Baseline / Low,Q1: Lower Relative Stress,6334
C_039_136,79.431598,13.427253,0.0417,0.0274,0.0687,0.0288,Baseline / Low,Q1: Lower Relative Stress,6335
C_036_118,79.263792,13.454203,0.0416,0.0665,0.0403,0.018,Baseline / Low,Q1: Lower Relative Stress,6336
C_109_039,78.554123,12.798433,0.0416,0.0128,0.0047,0.1074,Baseline / Low,Q1: Lower Relative Stress,6337
C_081_101,79.111079,13.049961,0.0416,0.039,0.0632,0.0226,Baseline / Low,Q1: Lower Relative Stress,6338
C_068_053,78.679887,13.166742,0.0415,0.0376,0.0335,0.0534,Baseline / Low,Q1: Lower Relative Stress,6339
C_110_022,78.40141,12.789449,0.0415,0.0138,0.0257,0.0851,Baseline / Low,Q1: Lower Relative Stress,6340
C_056_061,78.751753,13.27454,0.0415,0.0521,0.0706,0.002,Baseline / Low,Q1: Lower Relative Stress,6341
C_072_039,78.554123,13.130809,0.0413,0.0426,0.0745,0.0069,Baseline / Low,Q1: Lower Relative Stress,6342
C_045_122,79.299725,13.373354,0.0411,0.0613,0.0445,0.0177,Baseline / Low,Q1: Lower Relative Stress,6343
C_034_140,79.46753,13.472169,0.0411,0.0688,0.0397,0.0147,Baseline / Low,Q1: Lower Relative Stress,6344
C_032_132,79.389556,13.490135,0.0409,0.0973,0.0247,0.0006,Baseline / Low,Q1: Lower Relative Stress,6345
C_032_046,78.617005,13.490135,0.0409,0.0272,0.0918,0.0036,Baseline / Low,Q1: Lower Relative Stress,6346
C_125_014,78.329544,12.654702,0.0408,0.0559,0.054,0.0124,Baseline / Low,Q1: Lower Relative Stress,6347
C_035_144,79.503463,13.463186,0.0408,0.07,0.0523,0.0,Baseline / Low,Q1: Lower Relative Stress,6348
C_037_068,78.814635,13.44522,0.0407,0.0604,0.0603,0.0013,Baseline / Low,Q1: Lower Relative Stress,6349
C_027_085,78.967348,13.535051,0.0406,0.0271,0.0899,0.0046,Baseline / Low,Q1: Lower Relative Stress,6350
C_082_053,78.679887,13.040978,0.0406,0.0205,0.0508,0.0504,Baseline / Low,Q1: Lower Relative Stress,6351
C_118_031,78.482258,12.717584,0.0404,0.0548,0.0659,0.0007,Baseline / Low,Q1: Lower Relative Stress,6352
C_057_117,79.254809,13.265557,0.0403,0.0379,0.0276,0.0553,Baseline / Low,Q1: Lower Relative Stress,6353
C_070_057,78.71582,13.148776,0.0403,0.0488,0.0101,0.0619,Baseline / Low,Q1: Lower Relative Stress,6354
C_037_086,78.976331,13.44522,0.0403,0.0284,0.0628,0.0298,Baseline / Low,Q1: Lower Relative Stress,6355
C_073_051,78.661921,13.121826,0.0401,0.021,0.0739,0.0255,Baseline / Low,Q1: Lower Relative Stress,6356
C_048_103,79.129045,13.346405,0.04,0.0554,0.0523,0.0124,Baseline / Low,Q1: Lower Relative Stress,6357
C_115_025,78.428359,12.744534,0.04,0.0149,0.0231,0.0822,Baseline / Low,Q1: Lower Relative Stress,6358
C_066_129,79.362607,13.184708,0.0398,0.0243,0.0541,0.0409,Baseline / Low,Q1: Lower Relative Stress,6359
C_059_041,78.57209,13.24759,0.0398,0.0136,0.0106,0.0951,Baseline / Low,Q1: Lower Relative Stress,6360
C_109_037,78.536157,12.798433,0.0398,0.0025,0.0158,0.1012,Baseline / Low,Q1: Lower Relative Stress,6361
C_055_073,78.85955,13.283523,0.0397,0.0419,0.0749,0.0023,Baseline / Low,Q1: Lower Relative Stress,6362
C_060_069,78.823618,13.238607,0.0396,0.0128,0.0862,0.0196,Baseline / Low,Q1: Lower Relative Stress,6363
C_062_083,78.949382,13.220641,0.0395,0.0137,0.0959,0.0088,Baseline / Low,Q1: Lower Relative Stress,6364
C_034_033,78.500224,13.472169,0.0395,0.0086,0.0973,0.0124,Baseline / Low,Q1: Lower Relative Stress,6365
C_104_044,78.599039,12.843348,0.0393,0.0622,0.0557,0.0,Baseline / Low,Q1: Lower Relative Stress,6366
C_052_075,78.877517,13.310472,0.0391,0.0104,0.0356,0.0714,Baseline / Low,Q1: Lower Relative Stress,6367
C_055_075,78.877517,13.283523,0.0391,0.0175,0.0926,0.0072,Baseline / Low,Q1: Lower Relative Stress,6368
C_047_075,78.877517,13.355388,0.0391,0.0427,0.0733,0.0013,Baseline / Low,Q1: Lower Relative Stress,6369
C_029_088,78.994298,13.517085,0.0391,0.0249,0.0923,0.0,Baseline / Low,Q1: Lower Relative Stress,6370
C_114_026,78.437342,12.753517,0.0391,0.0072,0.0146,0.0956,Baseline / Low,Q1: Lower Relative Stress,6371
C_051_098,79.084129,13.319455,0.039,0.0678,0.0342,0.0151,Baseline / Low,Q1: Lower Relative Stress,6372
C_057_126,79.335658,13.265557,0.0389,0.0319,0.0335,0.0514,Baseline / Low,Q1: Lower Relative Stress,6373
C_062_078,78.904466,13.220641,0.0389,0.0398,0.0471,0.0298,Baseline / Low,Q1: Lower Relative Stress,6374
C_115_023,78.410393,12.744534,0.0389,0.0017,0.0072,0.1077,Baseline / Low,Q1: Lower Relative Stress,6375
C_123_013,78.320561,12.672668,0.0389,0.0287,0.0335,0.0544,Baseline / Low,Q1: Lower Relative Stress,6376
C_037_145,79.512446,13.44522,0.0388,0.0648,0.0342,0.0175,Baseline / Low,Q1: Lower Relative Stress,6377
C_084_055,78.697854,13.023011,0.0387,0.0713,0.0439,0.001,Baseline / Low,Q1: Lower Relative Stress,6378
C_048_102,79.120062,13.346405,0.0387,0.0234,0.0356,0.057,Baseline / Low,Q1: Lower Relative Stress,6379
C_038_082,78.940399,13.436236,0.0387,0.0676,0.0442,0.0043,Baseline / Low,Q1: Lower Relative Stress,6380
C_026_074,78.868534,13.544034,0.0386,0.0259,0.0206,0.0694,Baseline / Low,Q1: Lower Relative Stress,6381
C_057_131,79.380573,13.265557,0.0385,0.0503,0.0593,0.0059,Baseline / Low,Q1: Lower Relative Stress,6382
C_114_024,78.419376,12.753517,0.0385,0.01,0.0243,0.0812,Baseline / Low,Q1: Lower Relative Stress,6383
C_033_131,79.380573,13.481152,0.0383,0.0731,0.0338,0.008,Baseline / Low,Q1: Lower Relative Stress,6384
C_049_078,78.904466,13.337422,0.0383,0.0444,0.0679,0.0026,Baseline / Low,Q1: Lower Relative Stress,6385
C_059_072,78.850567,13.24759,0.0382,0.0248,0.0815,0.0082,Baseline / Low,Q1: Lower Relative Stress,6386
C_063_074,78.868534,13.211658,0.0382,0.0236,0.0722,0.0187,Baseline / Low,Q1: Lower Relative Stress,6387
C_023_105,79.147011,13.570984,0.0382,0.0579,0.0543,0.0023,Baseline / Low,Q1: Lower Relative Stress,6388
C_111_042,78.581073,12.780466,0.0381,0.0105,0.0199,0.084,Baseline / Low,Q1: Lower Relative Stress,6389
C_109_021,78.392426,12.798433,0.0381,0.0119,0.0249,0.0776,Baseline / Low,Q1: Lower Relative Stress,6390
C_042_109,79.182944,13.400304,0.0381,0.0457,0.0608,0.0077,Baseline / Low,Q1: Lower Relative Stress,6391
C_082_101,79.111079,13.040978,0.0378,0.0335,0.0759,0.0039,Baseline / Low,Q1: Lower Relative Stress,6392
C_079_056,78.706837,13.067927,0.0378,0.0202,0.091,0.0023,Baseline / Low,Q1: Lower Relative Stress,6393
C_046_065,78.787685,13.364371,0.0378,0.0212,0.0914,0.001,Baseline / Low,Q1: Lower Relative Stress,6394
C_060_127,79.344641,13.238607,0.0376,0.0773,0.0327,0.0026,Baseline / Low,Q1: Lower Relative Stress,6395
C_110_030,78.473275,12.789449,0.0375,0.0102,0.0391,0.0632,Baseline / Low,Q1: Lower Relative Stress,6396
C_039_133,79.39854,13.427253,0.0375,0.0574,0.0547,0.0003,Baseline / Low,Q1: Lower Relative Stress,6397
C_006_094,79.048197,13.723697,0.0373,0.0319,0.0659,0.0141,Baseline / Low,Q1: Lower Relative Stress,6398
C_077_103,79.129045,13.085893,0.0373,0.0055,0.0368,0.0694,Baseline / Low,Q1: Lower Relative Stress,6399
C_121_024,78.419376,12.690635,0.0373,0.0305,0.006,0.0753,Baseline / Low,Q1: Lower Relative Stress,6400
C_040_075,78.877517,13.41827,0.0372,0.0525,0.051,0.0082,Baseline / Low,Q1: Lower Relative Stress,6401
C_037_085,78.967348,13.44522,0.0372,0.0523,0.0587,0.0007,Baseline / Low,Q1: Lower Relative Stress,6402
C_048_126,79.335658,13.346405,0.0371,0.0517,0.0161,0.0436,Baseline / Low,Q1: Lower Relative Stress,6403
C_075_079,78.913449,13.10386,0.0369,0.02,0.0749,0.0157,Baseline / Low,Q1: Lower Relative Stress,6404
C_107_040,78.563106,12.816399,0.0369,0.0014,0.0101,0.0992,Baseline / Low,Q1: Lower Relative Stress,6405
C_113_028,78.455309,12.7625,0.0368,0.0166,0.0866,0.0072,Baseline / Low,Q1: Lower Relative Stress,6406
C_036_120,79.281759,13.454203,0.0367,0.0225,0.041,0.0468,Baseline / Low,Q1: Lower Relative Stress,6407
C_026_091,79.021247,13.544034,0.0367,0.012,0.0967,0.0013,Baseline / Low,Q1: Lower Relative Stress,6408
C_115_024,78.419376,12.744534,0.0366,0.011,0.0082,0.0907,Baseline / Low,Q1: Lower Relative Stress,6409
C_049_126,79.335658,13.337422,0.0366,0.017,0.0123,0.0806,Baseline / Low,Q1: Lower Relative Stress,6410
C_029_099,79.093112,13.517085,0.0366,0.0566,0.0517,0.0014,Baseline / Low,Q1: Lower Relative Stress,6411
C_077_082,78.940399,13.085893,0.0365,0.0155,0.0204,0.0737,Baseline / Low,Q1: Lower Relative Stress,6412
C_066_124,79.317691,13.184708,0.0364,0.0693,0.0268,0.0131,Baseline / Low,Q1: Lower Relative Stress,6413
C_105_042,78.581073,12.834365,0.0363,0.0532,0.0558,0.0,Baseline / Low,Q1: Lower Relative Stress,6414
C_029_087,78.985315,13.517085,0.0363,0.0207,0.0795,0.0088,Baseline / Low,Q1: Lower Relative Stress,6415
C_031_045,78.608022,13.499119,0.0362,0.0094,0.0901,0.0092,Baseline / Low,Q1: Lower Relative Stress,6416
C_032_045,78.608022,13.490135,0.0362,0.0249,0.0825,0.001,Baseline / Low,Q1: Lower Relative Stress,6417
C_063_103,79.129045,13.211658,0.0361,0.0392,0.0537,0.0154,Baseline / Low,Q1: Lower Relative Stress,6418
C_062_126,79.335658,13.220641,0.0361,0.0425,0.0226,0.0432,Baseline / Low,Q1: Lower Relative Stress,6419
C_028_104,79.138028,13.526068,0.036,0.0326,0.075,0.0004,Baseline / Low,Q1: Lower Relative Stress,6420
C_084_054,78.688871,13.023011,0.036,0.0436,0.0444,0.02,Baseline / Low,Q1: Lower Relative Stress,6421
C_056_062,78.760736,13.27454,0.0359,0.0323,0.0669,0.0085,Baseline / Low,Q1: Lower Relative Stress,6422
C_066_128,79.353624,13.184708,0.0359,0.0535,0.0533,0.001,Baseline / Low,Q1: Lower Relative Stress,6423
C_093_049,78.643955,12.942163,0.0357,0.0307,0.0708,0.0056,Baseline / Low,Q1: Lower Relative Stress,6424
C_075_082,78.940399,13.10386,0.0357,0.0371,0.0683,0.0016,Baseline / Low,Q1: Lower Relative Stress,6425
C_056_074,78.868534,13.27454,0.0356,0.0286,0.037,0.0413,Baseline / Low,Q1: Lower Relative Stress,6426
C_050_129,79.362607,13.328439,0.0356,0.0794,0.0025,0.0249,Baseline / Low,Q1: Lower Relative Stress,6427
C_043_129,79.362607,13.391321,0.0356,0.0197,0.0399,0.0472,Baseline / Low,Q1: Lower Relative Stress,6428
C_121_025,78.428359,12.690635,0.0356,0.0641,0.0387,0.0039,Baseline / Low,Q1: Lower Relative Stress,6429
C_062_075,78.877517,13.220641,0.0354,0.0382,0.0673,0.0007,Baseline / Low,Q1: Lower Relative Stress,6430
C_055_135,79.422614,13.283523,0.0353,0.0086,0.0117,0.0855,Baseline / Low,Q1: Lower Relative Stress,6431
C_045_126,79.335658,13.373354,0.0352,0.02,0.0541,0.0314,Baseline / Low,Q1: Lower Relative Stress,6432
C_073_108,79.173961,13.121826,0.0352,0.0175,0.0607,0.0275,Baseline / Low,Q1: Lower Relative Stress,6433
C_052_074,78.868534,13.310472,0.0351,0.0422,0.0352,0.0278,Baseline / Low,Q1: Lower Relative Stress,6434
C_117_032,78.491241,12.726567,0.0351,0.0498,0.0556,0.0,Baseline / Low,Q1: Lower Relative Stress,6435
C_108_035,78.518191,12.807416,0.035,0.0097,0.0632,0.0321,Baseline / Low,Q1: Lower Relative Stress,6436
C_115_031,78.482258,12.744534,0.035,0.0587,0.0463,0.0,Baseline / Low,Q1: Lower Relative Stress,6437
C_060_134,79.407523,13.238607,0.0349,0.0734,0.0066,0.0246,Baseline / Low,Q1: Lower Relative Stress,6438
C_116_026,78.437342,12.735551,0.0348,0.0227,0.0757,0.0059,Baseline / Low,Q1: Lower Relative Stress,6439
C_079_049,78.643955,13.067927,0.0347,0.0331,0.0696,0.0013,Baseline / Low,Q1: Lower Relative Stress,6440
C_113_032,78.491241,12.7625,0.0347,0.0661,0.0259,0.0121,Baseline / Low,Q1: Lower Relative Stress,6441
C_082_056,78.706837,13.040978,0.0346,0.0336,0.0479,0.0222,Baseline / Low,Q1: Lower Relative Stress,6442
C_059_073,78.85955,13.24759,0.0346,0.0445,0.051,0.0082,Baseline / Low,Q1: Lower Relative Stress,6443
C_029_100,79.102096,13.517085,0.0346,0.0206,0.0817,0.0014,Baseline / Low,Q1: Lower Relative Stress,6444
C_063_104,79.138028,13.211658,0.0346,0.0806,0.0041,0.019,Baseline / Low,Q1: Lower Relative Stress,6445
C_060_132,79.389556,13.238607,0.0344,0.074,0.0251,0.0039,Baseline / Low,Q1: Lower Relative Stress,6446
C_061_083,78.949382,13.229624,0.0343,0.0297,0.0574,0.0157,Baseline / Low,Q1: Lower Relative Stress,6447
C_114_037,78.536157,12.753517,0.0342,0.0556,0.0436,0.0033,Baseline / Low,Q1: Lower Relative Stress,6448
C_040_141,79.476513,13.41827,0.0341,0.0379,0.0457,0.0187,Baseline / Low,Q1: Lower Relative Stress,6449
C_068_084,78.958365,13.166742,0.0341,0.0189,0.044,0.0393,Baseline / Low,Q1: Lower Relative Stress,6450
C_028_101,79.111079,13.526068,0.034,0.0215,0.0529,0.0275,Baseline / Low,Q1: Lower Relative Stress,6451
C_061_070,78.832601,13.229624,0.0338,0.016,0.0554,0.0301,Baseline / Low,Q1: Lower Relative Stress,6452
C_116_025,78.428359,12.735551,0.0338,0.0255,0.0574,0.0183,Baseline / Low,Q1: Lower Relative Stress,6453
C_039_132,79.389556,13.427253,0.0335,0.0534,0.0467,0.0003,Baseline / Low,Q1: Lower Relative Stress,6454
C_033_134,79.407523,13.481152,0.0335,0.0744,0.0251,0.001,Baseline / Low,Q1: Lower Relative Stress,6455
C_026_093,79.039214,13.544034,0.0335,0.0362,0.0481,0.0161,Baseline / Low,Q1: Lower Relative Stress,6456
C_079_100,79.102096,13.067927,0.0334,0.0426,0.0193,0.0383,Baseline / Low,Q1: Lower Relative Stress,6457
C_080_103,79.129045,13.058944,0.0334,0.0039,0.0095,0.0868,Baseline / Low,Q1: Lower Relative Stress,6458
C_034_071,78.841584,13.472169,0.0334,0.0461,0.0539,0.0003,Baseline / Low,Q1: Lower Relative Stress,6459
C_035_141,79.476513,13.463186,0.0334,0.0549,0.0364,0.0089,Baseline / Low,Q1: Lower Relative Stress,6460
C_096_047,78.625988,12.915214,0.0333,0.0181,0.0809,0.0008,Baseline / Low,Q1: Lower Relative Stress,6461
C_035_139,79.458547,13.463186,0.0333,0.0881,0.0103,0.0016,Baseline / Low,Q1: Lower Relative Stress,6462
C_042_113,79.218877,13.400304,0.0332,0.0287,0.0409,0.0299,Baseline / Low,Q1: Lower Relative Stress,6463
C_110_040,78.563106,12.789449,0.0331,0.0209,0.0091,0.0694,Baseline / Low,Q1: Lower Relative Stress,6464
C_033_072,78.850567,13.481152,0.0331,0.0758,0.0235,0.0,Baseline / Low,Q1: Lower Relative Stress,6465
C_043_148,79.539395,13.391321,0.0328,0.0691,0.006,0.0233,Baseline / Low,Q1: Lower Relative Stress,6466
C_120_025,78.428359,12.699618,0.0328,0.0354,0.0356,0.0275,Baseline / Low,Q1: Lower Relative Stress,6467
C_005_093,79.039214,13.73268,0.0326,0.0339,0.0632,0.0007,Baseline / Low,Q1: Lower Relative Stress,6468
C_020_104,79.138028,13.597933,0.0326,0.054,0.0368,0.0069,Baseline / Low,Q1: Lower Relative Stress,6469
C_021_107,79.164978,13.58895,0.0326,0.0,0.0004,0.0973,Baseline / Low,Q1: Lower Relative Stress,6470
C_048_124,79.317691,13.346405,0.0325,0.0147,0.0095,0.0734,Baseline / Low,Q1: Lower Relative Stress,6471
C_055_132,79.389556,13.283523,0.0324,0.0406,0.0488,0.0079,Baseline / Low,Q1: Lower Relative Stress,6472
C_076_079,78.913449,13.094877,0.0323,0.0383,0.051,0.0075,Baseline / Low,Q1: Lower Relative Stress,6473
C_034_043,78.590056,13.472169,0.0322,0.0208,0.056,0.02,Baseline / Low,Q1: Lower Relative Stress,6474
C_083_106,79.155994,13.031995,0.0322,0.0322,0.0552,0.0092,Baseline / Low,Q1: Lower Relative Stress,6475
C_036_081,78.931416,13.454203,0.0321,0.0583,0.0375,0.0007,Baseline / Low,Q1: Lower Relative Stress,6476
C_025_075,78.877517,13.553017,0.0321,0.0134,0.0463,0.0367,Baseline / Low,Q1: Lower Relative Stress,6477
C_071_085,78.967348,13.139792,0.032,0.0034,0.0082,0.0845,Baseline / Low,Q1: Lower Relative Stress,6478
C_071_077,78.895483,13.139792,0.032,0.0129,0.0531,0.0301,Baseline / Low,Q1: Lower Relative Stress,6479
C_062_127,79.344641,13.220641,0.032,0.0735,0.0224,0.0,Baseline / Low,Q1: Lower Relative Stress,6480
C_076_089,79.003281,13.094877,0.032,0.01,0.0529,0.0331,Baseline / Low,Q1: Lower Relative Stress,6481
C_028_089,79.003281,13.526068,0.032,0.0445,0.0501,0.0013,Baseline / Low,Q1: Lower Relative Stress,6482
C_105_024,78.419376,12.834365,0.0319,0.0094,0.0171,0.0691,Baseline / Low,Q1: Lower Relative Stress,6483
C_044_105,79.147011,13.382338,0.0319,0.0513,0.0249,0.0193,Baseline / Low,Q1: Lower Relative Stress,6484
C_034_143,79.49448,13.472169,0.0318,0.052,0.0406,0.0026,Baseline / Low,Q1: Lower Relative Stress,6485
C_047_104,79.138028,13.355388,0.0318,0.0342,0.015,0.0462,Baseline / Low,Q1: Lower Relative Stress,6486
C_034_072,78.850567,13.472169,0.0316,0.0178,0.0368,0.0403,Baseline / Low,Q1: Lower Relative Stress,6487
C_060_075,78.877517,13.238607,0.0315,0.033,0.0395,0.0219,Baseline / Low,Q1: Lower Relative Stress,6488
C_033_045,78.608022,13.481152,0.0314,0.023,0.071,0.0,Baseline / Low,Q1: Lower Relative Stress,6489
C_071_056,78.706837,13.139792,0.0314,0.0609,0.0329,0.0003,Baseline / Low,Q1: Lower Relative Stress,6490
C_068_085,78.967348,13.166742,0.0313,0.0368,0.0471,0.0098,Baseline / Low,Q1: Lower Relative Stress,6491
C_046_142,79.485497,13.364371,0.0313,0.046,0.0214,0.0265,Baseline / Low,Q1: Lower Relative Stress,6492
C_109_042,78.581073,12.798433,0.0313,0.0082,0.0177,0.0681,Baseline / Low,Q1: Lower Relative Stress,6493
C_119_025,78.428359,12.708601,0.0312,0.0052,0.0088,0.0796,Baseline / Low,Q1: Lower Relative Stress,6494
C_049_107,79.164978,13.337422,0.0311,0.0457,0.0226,0.0249,Baseline / Low,Q1: Lower Relative Stress,6495
C_058_129,79.362607,13.256573,0.031,0.0451,0.048,0.0,Baseline / Low,Q1: Lower Relative Stress,6496
C_036_043,78.590056,13.454203,0.0309,0.0342,0.0436,0.0147,Baseline / Low,Q1: Lower Relative Stress,6497
C_004_093,79.039214,13.741664,0.0309,0.062,0.029,0.0017,Baseline / Low,Q1: Lower Relative Stress,6498
C_068_064,78.778702,13.166742,0.0308,0.0486,0.0438,0.0,Baseline / Low,Q1: Lower Relative Stress,6499
C_075_083,78.949382,13.10386,0.0307,0.0206,0.0519,0.0196,Baseline / Low,Q1: Lower Relative Stress,6500
C_039_083,78.949382,13.427253,0.0306,0.0343,0.057,0.0003,Baseline / Low,Q1: Lower Relative Stress,6501
C_033_034,78.509207,13.481152,0.0304,0.0236,0.0506,0.0169,Baseline / Low,Q1: Lower Relative Stress,6502
C_120_027,78.446325,12.699618,0.0303,0.0176,0.0142,0.0593,Baseline / Low,Q1: Lower Relative Stress,6503
C_068_066,78.796668,13.166742,0.0303,0.0022,0.0887,0.0,Baseline / Low,Q1: Lower Relative Stress,6504
C_060_133,79.39854,13.238607,0.0303,0.0663,0.0175,0.0072,Baseline / Low,Q1: Lower Relative Stress,6505
C_078_103,79.129045,13.07691,0.0302,0.0352,0.0356,0.0196,Baseline / Low,Q1: Lower Relative Stress,6506
C_035_135,79.422614,13.463186,0.0301,0.0815,0.0086,0.0,Baseline / Low,Q1: Lower Relative Stress,6507
C_095_046,78.617005,12.924197,0.03,0.0161,0.028,0.0458,Baseline / Low,Q1: Lower Relative Stress,6508
C_046_126,79.335658,13.364371,0.03,0.0093,0.0379,0.0429,Baseline / Low,Q1: Lower Relative Stress,6509
C_020_108,79.173961,13.597933,0.0299,0.0804,0.0074,0.0018,Baseline / Low,Q1: Lower Relative Stress,6510
C_059_130,79.37159,13.24759,0.0299,0.0637,0.0261,0.0,Baseline / Low,Q1: Lower Relative Stress,6511
C_031_065,78.787685,13.499119,0.0298,0.0274,0.0599,0.002,Baseline / Low,Q1: Lower Relative Stress,6512
C_037_077,78.895483,13.44522,0.0298,0.0646,0.0204,0.0046,Baseline / Low,Q1: Lower Relative Stress,6513
C_115_027,78.446325,12.744534,0.0298,0.0238,0.0607,0.0049,Baseline / Low,Q1: Lower Relative Stress,6514
C_061_129,79.362607,13.229624,0.0296,0.0629,0.0259,0.0,Baseline / Low,Q1: Lower Relative Stress,6515
C_066_065,78.787685,13.184708,0.0296,0.0212,0.0364,0.0311,Baseline / Low,Q1: Lower Relative Stress,6516
C_114_038,78.54514,12.753517,0.0294,0.019,0.0115,0.0576,Baseline / Low,Q1: Lower Relative Stress,6517
C_113_031,78.482258,12.7625,0.0293,0.039,0.049,0.0,Baseline / Low,Q1: Lower Relative Stress,6518
C_033_142,79.485497,13.481152,0.0293,0.0259,0.0591,0.0029,Baseline / Low,Q1: Lower Relative Stress,6519
C_039_075,78.877517,13.427253,0.0292,0.0503,0.035,0.0023,Baseline / Low,Q1: Lower Relative Stress,6520
C_039_142,79.485497,13.427253,0.0291,0.0212,0.0648,0.0013,Baseline / Low,Q1: Lower Relative Stress,6521
C_045_077,78.895483,13.373354,0.029,0.033,0.0385,0.0154,Baseline / Low,Q1: Lower Relative Stress,6522
C_115_026,78.437342,12.744534,0.0289,0.0061,0.0206,0.0599,Baseline / Low,Q1: Lower Relative Stress,6523
C_025_093,79.039214,13.553017,0.0289,0.0263,0.0604,0.0,Baseline / Low,Q1: Lower Relative Stress,6524
C_104_041,78.57209,12.843348,0.0288,0.0193,0.0268,0.0403,Baseline / Low,Q1: Lower Relative Stress,6525
C_079_058,78.724803,13.067927,0.0288,0.0149,0.0696,0.0019,Baseline / Low,Q1: Lower Relative Stress,6526
C_080_078,78.904466,13.058944,0.0286,0.0179,0.0389,0.0291,Baseline / Low,Q1: Lower Relative Stress,6527
C_048_105,79.147011,13.346405,0.0285,0.0147,0.0231,0.0478,Baseline / Low,Q1: Lower Relative Stress,6528
C_034_138,79.449564,13.472169,0.0285,0.0485,0.0206,0.0164,Baseline / Low,Q1: Lower Relative Stress,6529
C_024_103,79.129045,13.562001,0.0284,0.0582,0.0272,0.0,Baseline / Low,Q1: Lower Relative Stress,6530
C_028_105,79.147011,13.526068,0.0283,0.0351,0.0275,0.0223,Baseline / Low,Q1: Lower Relative Stress,6531
C_096_041,78.57209,12.915214,0.0282,0.0268,0.0148,0.0429,Baseline / Low,Q1: Lower Relative Stress,6532
C_061_075,78.877517,13.229624,0.0282,0.0142,0.0576,0.0128,Baseline / Low,Q1: Lower Relative Stress,6533
C_067_067,78.805652,13.175725,0.0281,0.0174,0.0597,0.0072,Baseline / Low,Q1: Lower Relative Stress,6534
C_069_066,78.796668,13.157759,0.028,0.0335,0.0484,0.002,Baseline / Low,Q1: Lower Relative Stress,6535
C_066_125,79.326674,13.184708,0.028,0.0234,0.014,0.0465,Baseline / Low,Q1: Lower Relative Stress,6536
C_063_125,79.326674,13.211658,0.028,0.0486,0.0333,0.002,Baseline / Low,Q1: Lower Relative Stress,6537
C_107_035,78.518191,12.816399,0.0279,0.0123,0.063,0.0085,Baseline / Low,Q1: Lower Relative Stress,6538
C_122_030,78.473275,12.681652,0.0279,0.0392,0.0445,0.0,Baseline / Low,Q1: Lower Relative Stress,6539
C_108_021,78.392426,12.807416,0.0279,0.0312,0.0455,0.0069,Baseline / Low,Q1: Lower Relative Stress,6540
C_057_133,79.39854,13.265557,0.0278,0.0173,0.0008,0.0652,Baseline / Low,Q1: Lower Relative Stress,6541
C_043_131,79.380573,13.391321,0.0276,0.0211,0.0335,0.0282,Baseline / Low,Q1: Lower Relative Stress,6542
C_043_116,79.245826,13.391321,0.0276,0.0169,0.0523,0.0138,Baseline / Low,Q1: Lower Relative Stress,6543
C_042_147,79.530412,13.400304,0.0275,0.0565,0.0077,0.0184,Baseline / Low,Q1: Lower Relative Stress,6544
C_032_138,79.449564,13.490135,0.0274,0.0716,0.0088,0.0016,Baseline / Low,Q1: Lower Relative Stress,6545
C_025_074,78.868534,13.553017,0.0273,0.0165,0.0638,0.0016,Baseline / Low,Q1: Lower Relative Stress,6546
C_094_045,78.608022,12.93318,0.0271,0.008,0.0054,0.0681,Baseline / Low,Q1: Lower Relative Stress,6547
C_025_103,79.129045,13.553017,0.027,0.0397,0.0412,0.0,Baseline / Low,Q1: Lower Relative Stress,6548
C_032_044,78.599039,13.490135,0.0269,0.0157,0.0638,0.0013,Baseline / Low,Q1: Lower Relative Stress,6549
C_064_103,79.129045,13.202674,0.0268,0.0163,0.0253,0.039,Baseline / Low,Q1: Lower Relative Stress,6550
C_105_036,78.527174,12.834365,0.0268,0.0023,0.0181,0.0599,Baseline / Low,Q1: Lower Relative Stress,6551
C_068_124,79.317691,13.166742,0.0267,0.0379,0.0401,0.002,Baseline / Low,Q1: Lower Relative Stress,6552
C_048_104,79.138028,13.346405,0.0267,0.0516,0.0126,0.016,Baseline / Low,Q1: Lower Relative Stress,6553
C_032_136,79.431598,13.490135,0.0264,0.0587,0.0195,0.001,Baseline / Low,Q1: Lower Relative Stress,6554
C_054_070,78.832601,13.292506,0.0264,0.0239,0.0414,0.0138,Baseline / Low,Q1: Lower Relative Stress,6555
C_043_146,79.521429,13.391321,0.0264,0.0194,0.0115,0.0485,Baseline / Low,Q1: Lower Relative Stress,6556
C_030_062,78.760736,13.508102,0.0264,0.0257,0.0385,0.0151,Baseline / Low,Q1: Lower Relative Stress,6557
C_025_105,79.147011,13.553017,0.0262,0.0135,0.0412,0.0239,Baseline / Low,Q1: Lower Relative Stress,6558
C_079_059,78.733786,13.067927,0.0262,0.0127,0.06,0.0058,Baseline / Low,Q1: Lower Relative Stress,6559
C_038_084,78.958365,13.436236,0.0262,0.0448,0.0313,0.0026,Baseline / Low,Q1: Lower Relative Stress,6560
C_060_074,78.868534,13.238607,0.0262,0.0222,0.0459,0.0105,Baseline / Low,Q1: Lower Relative Stress,6561
C_026_104,79.138028,13.544034,0.0261,0.0147,0.0165,0.0472,Baseline / Low,Q1: Lower Relative Stress,6562
C_037_142,79.485497,13.44522,0.026,0.0627,0.0117,0.0036,Baseline / Low,Q1: Lower Relative Stress,6563
C_045_144,79.503463,13.373354,0.0259,0.0127,0.0259,0.039,Baseline / Low,Q1: Lower Relative Stress,6564
C_072_051,78.661921,13.130809,0.0259,0.0051,0.0202,0.0524,Baseline / Low,Q1: Lower Relative Stress,6565
C_020_106,79.155994,13.597933,0.0259,0.0587,0.0161,0.0029,Baseline / Low,Q1: Lower Relative Stress,6566
C_024_105,79.147011,13.562001,0.0258,0.0277,0.0385,0.0111,Baseline / Low,Q1: Lower Relative Stress,6567
C_081_097,79.075146,13.049961,0.0252,0.0113,0.0241,0.0403,Baseline / Low,Q1: Lower Relative Stress,6568
C_035_134,79.407523,13.463186,0.0252,0.0055,0.0233,0.0468,Baseline / Low,Q1: Lower Relative Stress,6569
C_118_029,78.464292,12.717584,0.0252,0.0257,0.0494,0.0003,Baseline / Low,Q1: Lower Relative Stress,6570
C_060_130,79.37159,13.238607,0.0252,0.0541,0.0214,0.0,Baseline / Low,Q1: Lower Relative Stress,6571
C_093_046,78.617005,12.942163,0.0251,0.0269,0.0253,0.0229,Baseline / Low,Q1: Lower Relative Stress,6572
C_007_087,78.985315,13.714714,0.0248,0.0244,0.0362,0.0138,Baseline / Low,Q1: Lower Relative Stress,6573
C_067_066,78.796668,13.175725,0.0248,0.0122,0.0622,0.0,Baseline / Low,Q1: Lower Relative Stress,6574
C_032_065,78.787685,13.490135,0.0247,0.0352,0.0389,0.0,Baseline / Low,Q1: Lower Relative Stress,6575
C_039_076,78.8865,13.427253,0.0247,0.0491,0.0243,0.0007,Baseline / Low,Q1: Lower Relative Stress,6576
C_071_086,78.976331,13.139792,0.0244,0.0003,0.0086,0.0642,Baseline / Low,Q1: Lower Relative Stress,6577
C_105_043,78.590056,12.834365,0.0244,0.0597,0.0136,0.0,Baseline / Low,Q1: Lower Relative Stress,6578
C_110_031,78.482258,12.789449,0.0244,0.0127,0.0572,0.0033,Baseline / Low,Q1: Lower Relative Stress,6579
C_067_122,79.299725,13.175725,0.0243,0.0371,0.0298,0.0059,Baseline / Low,Q1: Lower Relative Stress,6580
C_114_027,78.446325,12.753517,0.0242,0.0083,0.0241,0.0403,Baseline / Low,Q1: Lower Relative Stress,6581
C_020_074,78.868534,13.597933,0.0241,0.0347,0.0246,0.0131,Baseline / Low,Q1: Lower Relative Stress,6582
C_107_038,78.54514,12.816399,0.024,0.0017,0.0047,0.0655,Baseline / Low,Q1: Lower Relative Stress,6583
C_044_129,79.362607,13.382338,0.024,0.0175,0.0529,0.0016,Baseline / Low,Q1: Lower Relative Stress,6584
C_006_090,79.012264,13.723697,0.0239,0.0259,0.0457,0.0,Baseline / Low,Q1: Lower Relative Stress,6585
C_039_117,79.254809,13.427253,0.0239,0.0411,0.0294,0.0012,Baseline / Low,Q1: Lower Relative Stress,6586
C_065_101,79.111079,13.193691,0.0237,0.0055,0.0196,0.0462,Baseline / Low,Q1: Lower Relative Stress,6587
C_025_091,79.021247,13.553017,0.0237,0.0152,0.056,0.0,Baseline / Low,Q1: Lower Relative Stress,6588
C_063_071,78.841584,13.211658,0.0236,0.0092,0.0605,0.001,Baseline / Low,Q1: Lower Relative Stress,6589
C_116_038,78.54514,12.735551,0.0236,0.0198,0.0498,0.0013,Baseline / Low,Q1: Lower Relative Stress,6590
C_022_105,79.147011,13.579967,0.0236,0.0438,0.0123,0.0147,Baseline / Low,Q1: Lower Relative Stress,6591
C_056_134,79.407523,13.27454,0.0234,0.0086,0.0,0.0616,Baseline / Low,Q1: Lower Relative Stress,6592
C_021_104,79.138028,13.58895,0.0234,0.0463,0.0158,0.0082,Baseline / Low,Q1: Lower Relative Stress,6593
C_110_033,78.500224,12.789449,0.0231,0.0235,0.0451,0.0007,Baseline / Low,Q1: Lower Relative Stress,6594
C_024_104,79.138028,13.562001,0.0231,0.0313,0.0356,0.0023,Baseline / Low,Q1: Lower Relative Stress,6595
C_072_041,78.57209,13.130809,0.0231,0.0218,0.0111,0.0364,Baseline / Low,Q1: Lower Relative Stress,6596
C_072_095,79.05718,13.130809,0.023,0.0162,0.0527,0.0,Baseline / Low,Q1: Lower Relative Stress,6597
C_121_026,78.437342,12.690635,0.0229,0.0258,0.0292,0.0138,Baseline / Low,Q1: Lower Relative Stress,6598
C_102_034,78.509207,12.861315,0.0229,0.0046,0.0144,0.0498,Baseline / Low,Q1: Lower Relative Stress,6599
C_106_040,78.563106,12.825382,0.0228,0.0339,0.0319,0.0026,Baseline / Low,Q1: Lower Relative Stress,6600
C_035_042,78.581073,13.463186,0.0228,0.0237,0.0447,0.0,Baseline / Low,Q1: Lower Relative Stress,6601
C_025_104,79.138028,13.553017,0.0226,0.0346,0.0319,0.0013,Baseline / Low,Q1: Lower Relative Stress,6602
C_055_077,78.895483,13.283523,0.0226,0.0309,0.035,0.002,Baseline / Low,Q1: Lower Relative Stress,6603
C_070_056,78.706837,13.148776,0.0226,0.0424,0.0222,0.0033,Baseline / Low,Q1: Lower Relative Stress,6604
C_037_075,78.877517,13.44522,0.0226,0.0185,0.0451,0.0043,Baseline / Low,Q1: Lower Relative Stress,6605
C_116_032,78.491241,12.735551,0.0225,0.0276,0.04,0.0,Baseline / Low,Q1: Lower Relative Stress,6606
C_118_032,78.491241,12.717584,0.0225,0.0303,0.0373,0.0,Baseline / Low,Q1: Lower Relative Stress,6607
C_034_137,79.440581,13.472169,0.0224,0.0659,0.0012,0.0,Baseline / Low,Q1: Lower Relative Stress,6608
C_079_050,78.652938,13.067927,0.0223,0.0162,0.0486,0.0023,Baseline / Low,Q1: Lower Relative Stress,6609
C_118_033,78.500224,12.717584,0.0223,0.0311,0.0359,0.0,Baseline / Low,Q1: Lower Relative Stress,6610
C_023_106,79.155994,13.570984,0.0223,0.0301,0.0169,0.02,Baseline / Low,Q1: Lower Relative Stress,6611
C_027_104,79.138028,13.535051,0.0223,0.0158,0.0496,0.0016,Baseline / Low,Q1: Lower Relative Stress,6612
C_030_142,79.485497,13.508102,0.0222,0.023,0.0328,0.0109,Baseline / Low,Q1: Lower Relative Stress,6613
C_057_099,79.093112,13.265557,0.0222,0.0579,0.0047,0.0039,Baseline / Low,Q1: Lower Relative Stress,6614
C_030_061,78.751753,13.508102,0.0222,0.0418,0.0189,0.0059,Baseline / Low,Q1: Lower Relative Stress,6615
C_031_138,79.449564,13.499119,0.0222,0.0625,0.0012,0.0031,Baseline / Low,Q1: Lower Relative Stress,6616
C_060_076,78.8865,13.238607,0.0222,0.0101,0.0171,0.0393,Baseline / Low,Q1: Lower Relative Stress,6617
C_116_030,78.473275,12.735551,0.0221,0.0281,0.0383,0.0,Baseline / Low,Q1: Lower Relative Stress,6618
C_035_041,78.57209,13.463186,0.0221,0.0226,0.0263,0.0174,Baseline / Low,Q1: Lower Relative Stress,6619
C_078_077,78.895483,13.07691,0.0219,0.0227,0.0142,0.0288,Baseline / Low,Q1: Lower Relative Stress,6620
C_104_037,78.536157,12.843348,0.0219,0.0148,0.0323,0.0187,Baseline / Low,Q1: Lower Relative Stress,6621
C_062_073,78.85955,13.220641,0.0215,0.0138,0.0395,0.0111,Baseline / Low,Q1: Lower Relative Stress,6622
C_044_131,79.380573,13.382338,0.0215,0.0072,0.0247,0.0327,Baseline / Low,Q1: Lower Relative Stress,6623
C_051_129,79.362607,13.319455,0.0215,0.0113,0.0261,0.0272,Baseline / Low,Q1: Lower Relative Stress,6624
C_118_030,78.473275,12.717584,0.0214,0.0264,0.0379,0.0,Baseline / Low,Q1: Lower Relative Stress,6625
C_106_039,78.554123,12.825382,0.0214,0.0039,0.008,0.0524,Baseline / Low,Q1: Lower Relative Stress,6626
C_104_036,78.527174,12.843348,0.0213,0.0091,0.0529,0.002,Baseline / Low,Q1: Lower Relative Stress,6627
C_027_105,79.147011,13.535051,0.0212,0.0265,0.0338,0.0033,Baseline / Low,Q1: Lower Relative Stress,6628
C_066_064,78.778702,13.184708,0.0212,0.018,0.0381,0.0075,Baseline / Low,Q1: Lower Relative Stress,6629
C_073_050,78.652938,13.121826,0.0212,0.0008,0.0016,0.0612,Baseline / Low,Q1: Lower Relative Stress,6630
C_111_033,78.500224,12.780466,0.0211,0.031,0.021,0.0111,Baseline / Low,Q1: Lower Relative Stress,6631
C_079_057,78.71582,13.067927,0.0211,0.0081,0.0537,0.0016,Baseline / Low,Q1: Lower Relative Stress,6632
C_022_104,79.138028,13.579967,0.0211,0.0469,0.0152,0.0013,Baseline / Low,Q1: Lower Relative Stress,6633
C_103_041,78.57209,12.852332,0.021,0.0143,0.037,0.0118,Baseline / Low,Q1: Lower Relative Stress,6634
C_038_075,78.877517,13.436236,0.0209,0.031,0.0305,0.0013,Baseline / Low,Q1: Lower Relative Stress,6635
C_119_028,78.455309,12.708601,0.0207,0.0159,0.0352,0.0111,Baseline / Low,Q1: Lower Relative Stress,6636
C_042_111,79.20091,13.400304,0.0206,0.0122,0.0171,0.0324,Baseline / Low,Q1: Lower Relative Stress,6637
C_121_029,78.464292,12.690635,0.0205,0.0307,0.0233,0.0075,Baseline / Low,Q1: Lower Relative Stress,6638
C_094_048,78.634972,12.93318,0.0204,0.0157,0.0334,0.012,Baseline / Low,Q1: Lower Relative Stress,6639
C_022_061,78.751753,13.579967,0.0199,0.0217,0.0374,0.0007,Baseline / Low,Q1: Lower Relative Stress,6640
C_100_040,78.563106,12.879281,0.0199,0.0112,0.0329,0.0157,Baseline / Low,Q1: Lower Relative Stress,6641
C_100_038,78.54514,12.879281,0.0199,0.0087,0.0208,0.0301,Baseline / Low,Q1: Lower Relative Stress,6642
C_091_048,78.634972,12.960129,0.0199,0.0295,0.0286,0.0017,Baseline / Low,Q1: Lower Relative Stress,6643
C_114_028,78.455309,12.753517,0.0197,0.0109,0.041,0.0072,Baseline / Low,Q1: Lower Relative Stress,6644
C_031_139,79.458547,13.499119,0.0196,0.0438,0.0008,0.0141,Baseline / Low,Q1: Lower Relative Stress,6645
C_072_083,78.949382,13.130809,0.0196,0.0084,0.0146,0.0357,Baseline / Low,Q1: Lower Relative Stress,6646
C_109_038,78.54514,12.798433,0.0195,0.0001,0.0002,0.0583,Baseline / Low,Q1: Lower Relative Stress,6647
C_095_047,78.625988,12.924197,0.0195,0.0043,0.0047,0.0494,Baseline / Low,Q1: Lower Relative Stress,6648
C_041_139,79.458547,13.409287,0.0195,0.0237,0.0331,0.0016,Baseline / Low,Q1: Lower Relative Stress,6649
C_060_131,79.380573,13.238607,0.0194,0.0237,0.0037,0.0308,Baseline / Low,Q1: Lower Relative Stress,6650
C_079_060,78.742769,13.067927,0.0194,0.0106,0.0449,0.0026,Baseline / Low,Q1: Lower Relative Stress,6651
C_060_073,78.85955,13.238607,0.0194,0.0162,0.041,0.001,Baseline / Low,Q1: Lower Relative Stress,6652
C_083_097,79.075146,13.031995,0.0193,0.0009,0.0,0.057,Baseline / Low,Q1: Lower Relative Stress,6653
C_076_080,78.922433,13.094877,0.0192,0.0067,0.0099,0.0409,Baseline / Low,Q1: Lower Relative Stress,6654
C_111_023,78.410393,12.780466,0.0191,0.0146,0.0261,0.0167,Baseline / Low,Q1: Lower Relative Stress,6655
C_122_025,78.428359,12.681652,0.0191,0.0071,0.0142,0.036,Baseline / Low,Q1: Lower Relative Stress,6656
C_050_128,79.353624,13.328439,0.019,0.026,0.0099,0.021,Baseline / Low,Q1: Lower Relative Stress,6657
C_111_032,78.491241,12.780466,0.0189,0.0243,0.0294,0.0029,Baseline / Low,Q1: Lower Relative Stress,6658
C_106_036,78.527174,12.825382,0.0188,0.009,0.0212,0.0262,Baseline / Low,Q1: Lower Relative Stress,6659
C_034_132,79.389556,13.472169,0.0186,0.0106,0.0183,0.0269,Baseline / Low,Q1: Lower Relative Stress,6660
C_079_077,78.895483,13.067927,0.0185,0.0115,0.0214,0.0227,Baseline / Low,Q1: Lower Relative Stress,6661
C_084_106,79.155994,13.023011,0.0184,0.0469,0.0028,0.0055,Baseline / Low,Q1: Lower Relative Stress,6662
C_115_036,78.527174,12.744534,0.0184,0.0474,0.0078,0.0,Baseline / Low,Q1: Lower Relative Stress,6663
C_036_080,78.922433,13.454203,0.0184,0.0253,0.0181,0.0118,Baseline / Low,Q1: Lower Relative Stress,6664
C_027_089,79.003281,13.535051,0.0183,0.0285,0.026,0.0003,Baseline / Low,Q1: Lower Relative Stress,6665
C_081_102,79.120062,13.049961,0.0183,0.0064,0.0231,0.0255,Baseline / Low,Q1: Lower Relative Stress,6666
C_108_042,78.581073,12.807416,0.0183,0.0005,0.0023,0.0521,Baseline / Low,Q1: Lower Relative Stress,6667
C_067_101,79.111079,13.175725,0.018,0.0395,0.0103,0.0043,Baseline / Low,Q1: Lower Relative Stress,6668
C_071_057,78.71582,13.139792,0.0179,0.0453,0.0049,0.0036,Baseline / Low,Q1: Lower Relative Stress,6669
C_061_071,78.841584,13.229624,0.0179,0.0048,0.0418,0.0072,Baseline / Low,Q1: Lower Relative Stress,6670
C_028_102,79.120062,13.526068,0.0179,0.0244,0.0183,0.0108,Baseline / Low,Q1: Lower Relative Stress,6671
C_105_038,78.54514,12.834365,0.0178,0.0041,0.0142,0.035,Baseline / Low,Q1: Lower Relative Stress,6672
C_068_068,78.814635,13.166742,0.0178,0.0045,0.0486,0.0003,Baseline / Low,Q1: Lower Relative Stress,6673
C_006_092,79.03023,13.723697,0.0176,0.006,0.0405,0.0062,Baseline / Low,Q1: Lower Relative Stress,6674
C_064_105,79.147011,13.202674,0.0176,0.0401,0.0121,0.0007,Baseline / Low,Q1: Lower Relative Stress,6675
C_105_037,78.536157,12.834365,0.0175,0.0062,0.0292,0.017,Baseline / Low,Q1: Lower Relative Stress,6676
C_069_075,78.877517,13.157759,0.0175,0.0209,0.028,0.0036,Baseline / Low,Q1: Lower Relative Stress,6677
C_073_041,78.57209,13.121826,0.0174,0.0102,0.0123,0.0298,Baseline / Low,Q1: Lower Relative Stress,6678
C_120_026,78.437342,12.699618,0.0171,0.0012,0.0012,0.0488,Baseline / Low,Q1: Lower Relative Stress,6679
C_072_061,78.751753,13.130809,0.0171,0.0108,0.029,0.0115,Baseline / Low,Q1: Lower Relative Stress,6680
C_122_029,78.464292,12.681652,0.017,0.0067,0.001,0.0432,Baseline / Low,Q1: Lower Relative Stress,6681
C_043_106,79.155994,13.391321,0.0169,0.0134,0.0185,0.0187,Baseline / Low,Q1: Lower Relative Stress,6682
C_109_035,78.518191,12.798433,0.0168,0.0004,0.0041,0.0458,Baseline / Low,Q1: Lower Relative Stress,6683
C_102_036,78.527174,12.861315,0.0167,0.0017,0.0319,0.0164,Baseline / Low,Q1: Lower Relative Stress,6684
C_079_055,78.697854,13.067927,0.0166,0.0049,0.0208,0.0242,Baseline / Low,Q1: Lower Relative Stress,6685
C_074_080,78.922433,13.112843,0.0165,0.0135,0.0296,0.0062,Baseline / Low,Q1: Lower Relative Stress,6686
C_074_084,78.958365,13.112843,0.0164,0.0262,0.0183,0.0046,Baseline / Low,Q1: Lower Relative Stress,6687
C_072_049,78.643955,13.130809,0.0163,0.0101,0.0187,0.02,Baseline / Low,Q1: Lower Relative Stress,6688
C_074_053,78.679887,13.112843,0.0163,0.0007,0.0276,0.0206,Baseline / Low,Q1: Lower Relative Stress,6689
C_035_136,79.431598,13.463186,0.0162,0.0422,0.0049,0.0013,Baseline / Low,Q1: Lower Relative Stress,6690
C_104_042,78.581073,12.843348,0.0162,0.0217,0.0263,0.0007,Baseline / Low,Q1: Lower Relative Stress,6691
C_080_061,78.751753,13.058944,0.0161,0.0226,0.0257,0.0,Baseline / Low,Q1: Lower Relative Stress,6692
C_074_095,79.05718,13.112843,0.0159,0.0085,0.0354,0.0039,Baseline / Low,Q1: Lower Relative Stress,6693
C_061_072,78.850567,13.229624,0.0157,0.0162,0.0292,0.0016,Baseline / Low,Q1: Lower Relative Stress,6694
C_033_133,79.39854,13.481152,0.0156,0.034,0.0113,0.0013,Baseline / Low,Q1: Lower Relative Stress,6695
C_109_034,78.509207,12.798433,0.0155,0.0029,0.0358,0.0079,Baseline / Low,Q1: Lower Relative Stress,6696
C_121_011,78.302595,12.690635,0.0155,0.0192,0.0097,0.0177,Baseline / Low,Q1: Lower Relative Stress,6697
C_033_132,79.389556,13.481152,0.0155,0.03,0.0008,0.0157,Baseline / Low,Q1: Lower Relative Stress,6698
C_119_026,78.437342,12.708601,0.0154,0.0016,0.0025,0.0422,Baseline / Low,Q1: Lower Relative Stress,6699
C_037_144,79.503463,13.44522,0.0154,0.0208,0.0249,0.0004,Baseline / Low,Q1: Lower Relative Stress,6700
C_121_027,78.446325,12.690635,0.0154,0.0061,0.0031,0.037,Baseline / Low,Q1: Lower Relative Stress,6701
C_060_072,78.850567,13.238607,0.0153,0.0071,0.0385,0.0003,Baseline / Low,Q1: Lower Relative Stress,6702
C_036_144,79.503463,13.454203,0.0153,0.0346,0.0109,0.0003,Baseline / Low,Q1: Lower Relative Stress,6703
C_122_026,78.437342,12.681652,0.0152,0.0081,0.0082,0.0291,Baseline / Low,Q1: Lower Relative Stress,6704
C_069_067,78.805652,13.157759,0.0152,0.0043,0.0383,0.0029,Baseline / Low,Q1: Lower Relative Stress,6705
C_080_056,78.706837,13.058944,0.015,0.0074,0.0282,0.0095,Baseline / Low,Q1: Lower Relative Stress,6706
C_060_071,78.841584,13.238607,0.0149,0.0033,0.0311,0.0105,Baseline / Low,Q1: Lower Relative Stress,6707
C_103_034,78.509207,12.852332,0.0148,0.0032,0.0138,0.0275,Baseline / Low,Q1: Lower Relative Stress,6708
C_056_135,79.422614,13.27454,0.0147,0.0095,0.0,0.0347,Baseline / Low,Q1: Lower Relative Stress,6709
C_036_141,79.476513,13.454203,0.0146,0.0256,0.0173,0.001,Baseline / Low,Q1: Lower Relative Stress,6710
C_057_132,79.389556,13.265557,0.0145,0.0188,0.0027,0.0219,Baseline / Low,Q1: Lower Relative Stress,6711
C_121_028,78.455309,12.690635,0.0145,0.0076,0.0179,0.018,Baseline / Low,Q1: Lower Relative Stress,6712
C_068_067,78.805652,13.166742,0.0145,0.0027,0.0251,0.0157,Baseline / Low,Q1: Lower Relative Stress,6713
C_082_079,78.913449,13.040978,0.0144,0.0046,0.0171,0.0214,Baseline / Low,Q1: Lower Relative Stress,6714
C_108_038,78.54514,12.807416,0.0144,0.0024,0.0062,0.0347,Baseline / Low,Q1: Lower Relative Stress,6715
C_122_027,78.446325,12.681652,0.0143,0.0076,0.0019,0.0334,Baseline / Low,Q1: Lower Relative Stress,6716
C_036_137,79.440581,13.454203,0.0143,0.0144,0.0265,0.002,Baseline / Low,Q1: Lower Relative Stress,6717
C_117_026,78.437342,12.726567,0.0142,0.0054,0.0097,0.0275,Baseline / Low,Q1: Lower Relative Stress,6718
C_066_104,79.138028,13.184708,0.0142,0.0039,0.0239,0.0147,Baseline / Low,Q1: Lower Relative Stress,6719
C_073_052,78.670904,13.121826,0.0141,0.0149,0.0263,0.001,Baseline / Low,Q1: Lower Relative Stress,6720
C_106_041,78.57209,12.825382,0.0141,0.0132,0.0169,0.0121,Baseline / Low,Q1: Lower Relative Stress,6721
C_037_140,79.46753,13.44522,0.0141,0.0374,0.0047,0.0,Baseline / Low,Q1: Lower Relative Stress,6722
C_120_028,78.455309,12.699618,0.014,0.0101,0.0239,0.0082,Baseline / Low,Q1: Lower Relative Stress,6723
C_081_056,78.706837,13.049961,0.0138,0.005,0.0085,0.0278,Baseline / Low,Q1: Lower Relative Stress,6724
C_054_170,79.737025,13.292506,0.0138,0.0,0.0,0.0415,Baseline / Low,Q1: Lower Relative Stress,6725
C_075_084,78.958365,13.10386,0.0135,0.0199,0.007,0.0138,Baseline / Low,Q1: Lower Relative Stress,6726
C_033_044,78.599039,13.481152,0.0134,0.0183,0.0218,0.0,Baseline / Low,Q1: Lower Relative Stress,6727
C_094_050,78.652938,12.93318,0.0134,0.0075,0.0184,0.0144,Baseline / Low,Q1: Lower Relative Stress,6728
C_107_044,78.599039,12.816399,0.0134,0.0291,0.0086,0.0027,Baseline / Low,Q1: Lower Relative Stress,6729
C_118_026,78.437342,12.717584,0.0133,0.0049,0.0068,0.0282,Baseline / Low,Q1: Lower Relative Stress,6730
C_032_144,79.503463,13.490135,0.0133,0.0019,0.0004,0.0377,Baseline / Low,Q1: Lower Relative Stress,6731
C_022_107,79.164978,13.579967,0.0133,0.0173,0.021,0.0016,Baseline / Low,Q1: Lower Relative Stress,6732
C_101_040,78.563106,12.870298,0.0132,0.011,0.0175,0.0111,Baseline / Low,Q1: Lower Relative Stress,6733
C_044_130,79.37159,13.382338,0.0132,0.0026,0.0356,0.0013,Baseline / Low,Q1: Lower Relative Stress,6734
C_025_107,79.164978,13.553017,0.0132,0.0187,0.0198,0.0013,Baseline / Low,Q1: Lower Relative Stress,6735
C_056_133,79.39854,13.27454,0.013,0.0139,0.0006,0.0246,Baseline / Low,Q1: Lower Relative Stress,6736
C_052_172,79.754991,13.310472,0.0128,0.0,0.0,0.0383,Baseline / Low,Q1: Lower Relative Stress,6737
C_104_038,78.54514,12.843348,0.0128,0.005,0.0142,0.0193,Baseline / Low,Q1: Lower Relative Stress,6738
C_073_053,78.679887,13.121826,0.0128,0.0041,0.034,0.0003,Baseline / Low,Q1: Lower Relative Stress,6739
C_108_043,78.590056,12.807416,0.0127,0.0,0.0,0.038,Baseline / Low,Q1: Lower Relative Stress,6740
C_105_041,78.57209,12.834365,0.0125,0.0209,0.014,0.0026,Baseline / Low,Q1: Lower Relative Stress,6741
C_077_056,78.706837,13.085893,0.0125,0.0018,0.0119,0.0239,Baseline / Low,Q1: Lower Relative Stress,6742
C_024_102,79.120062,13.562001,0.0124,0.009,0.0257,0.0026,Baseline / Low,Q1: Lower Relative Stress,6743
C_063_073,78.85955,13.211658,0.0124,0.0054,0.0103,0.0216,Baseline / Low,Q1: Lower Relative Stress,6744
C_022_106,79.155994,13.579967,0.0123,0.0275,0.0051,0.0043,Baseline / Low,Q1: Lower Relative Stress,6745
C_034_136,79.431598,13.472169,0.0123,0.0305,0.0064,0.0,Baseline / Low,Q1: Lower Relative Stress,6746
C_024_107,79.164978,13.562001,0.0122,0.0261,0.0084,0.002,Baseline / Low,Q1: Lower Relative Stress,6747
C_036_139,79.458547,13.454203,0.0122,0.0337,0.0025,0.0003,Baseline / Low,Q1: Lower Relative Stress,6748
C_042_110,79.191927,13.400304,0.0121,0.0211,0.0108,0.0043,Baseline / Low,Q1: Lower Relative Stress,6749
C_028_087,78.985315,13.526068,0.0121,0.0028,0.021,0.0124,Baseline / Low,Q1: Lower Relative Stress,6750
C_080_062,78.760736,13.058944,0.012,0.0192,0.0167,0.0,Baseline / Low,Q1: Lower Relative Stress,6751
C_110_039,78.554123,12.789449,0.012,0.0004,0.0035,0.0321,Baseline / Low,Q1: Lower Relative Stress,6752
C_042_112,79.209893,13.400304,0.012,0.0286,0.0041,0.0033,Baseline / Low,Q1: Lower Relative Stress,6753
C_071_083,78.949382,13.139792,0.0119,0.01,0.0146,0.0111,Baseline / Low,Q1: Lower Relative Stress,6754
C_034_070,78.832601,13.472169,0.0118,0.0154,0.0183,0.0016,Baseline / Low,Q1: Lower Relative Stress,6755
C_106_043,78.590056,12.825382,0.0117,0.0208,0.0113,0.0029,Baseline / Low,Q1: Lower Relative Stress,6756
C_041_130,79.37159,13.409287,0.0117,0.0073,0.0101,0.0177,Baseline / Low,Q1: Lower Relative Stress,6757
C_020_107,79.164978,13.597933,0.0116,0.0251,0.0026,0.0071,Baseline / Low,Q1: Lower Relative Stress,6758
C_101_036,78.527174,12.870298,0.0116,0.005,0.0237,0.0062,Baseline / Low,Q1: Lower Relative Stress,6759
C_118_027,78.446325,12.717584,0.0116,0.0077,0.0041,0.0229,Baseline / Low,Q1: Lower Relative Stress,6760
C_112_033,78.500224,12.771483,0.0115,0.0101,0.007,0.0174,Baseline / Low,Q1: Lower Relative Stress,6761
C_082_097,79.075146,13.040978,0.0115,0.0077,0.0173,0.0095,Baseline / Low,Q1: Lower Relative Stress,6762
C_060_129,79.362607,13.238607,0.0115,0.0292,0.0054,0.0,Baseline / Low,Q1: Lower Relative Stress,6763
C_024_106,79.155994,13.562001,0.0115,0.0134,0.0097,0.0115,Baseline / Low,Q1: Lower Relative Stress,6764
C_033_138,79.449564,13.481152,0.0114,0.0276,0.0014,0.0052,Baseline / Low,Q1: Lower Relative Stress,6765
C_106_042,78.581073,12.825382,0.0113,0.0284,0.0054,0.0,Baseline / Low,Q1: Lower Relative Stress,6766
C_027_086,78.976331,13.535051,0.0112,0.005,0.0272,0.0013,Baseline / Low,Q1: Lower Relative Stress,6767
C_034_130,79.37159,13.472169,0.0112,0.0101,0.0077,0.0157,Baseline / Low,Q1: Lower Relative Stress,6768
C_118_028,78.455309,12.717584,0.0111,0.0088,0.0202,0.0043,Baseline / Low,Q1: Lower Relative Stress,6769
C_026_092,79.03023,13.544034,0.011,0.0185,0.0144,0.0,Baseline / Low,Q1: Lower Relative Stress,6770
C_073_086,78.976331,13.121826,0.0109,0.0006,0.03,0.002,Baseline / Low,Q1: Lower Relative Stress,6771
C_072_050,78.652938,13.130809,0.0109,0.0263,0.0056,0.0007,Baseline / Low,Q1: Lower Relative Stress,6772
C_032_139,79.458547,13.490135,0.0107,0.0193,0.0002,0.0128,Baseline / Low,Q1: Lower Relative Stress,6773
C_038_143,79.49448,13.436236,0.0106,0.0079,0.0046,0.0192,Baseline / Low,Q1: Lower Relative Stress,6774
C_062_076,78.8865,13.220641,0.0106,0.0104,0.0091,0.0124,Baseline / Low,Q1: Lower Relative Stress,6775
C_111_030,78.473275,12.780466,0.0106,0.0062,0.0255,0.0,Baseline / Low,Q1: Lower Relative Stress,6776
C_112_032,78.491241,12.771483,0.0105,0.0151,0.0111,0.0052,Baseline / Low,Q1: Lower Relative Stress,6777
C_027_088,78.994298,13.535051,0.0105,0.0127,0.0189,0.0,Baseline / Low,Q1: Lower Relative Stress,6778
C_094_049,78.643955,12.93318,0.0105,0.0043,0.0147,0.0125,Baseline / Low,Q1: Lower Relative Stress,6779
C_034_131,79.380573,13.472169,0.0104,0.0056,0.0082,0.0174,Baseline / Low,Q1: Lower Relative Stress,6780
C_028_088,78.994298,13.526068,0.0102,0.0088,0.0218,0.0,Baseline / Low,Q1: Lower Relative Stress,6781
C_036_140,79.46753,13.454203,0.0102,0.0251,0.0041,0.0013,Baseline / Low,Q1: Lower Relative Stress,6782
C_026_106,79.155994,13.544034,0.0102,0.0053,0.0247,0.0007,Baseline / Low,Q1: Lower Relative Stress,6783
C_032_137,79.440581,13.490135,0.0101,0.0254,0.0012,0.0036,Baseline / Low,Q1: Lower Relative Stress,6784
C_023_107,79.164978,13.570984,0.0101,0.0194,0.0091,0.002,Baseline / Low,Q1: Lower Relative Stress,6785
C_114_036,78.527174,12.753517,0.01,0.0112,0.0148,0.0039,Baseline / Low,Q1: Lower Relative Stress,6786
C_074_085,78.967348,13.112843,0.01,0.0006,0.0,0.0295,Baseline / Low,Q1: Lower Relative Stress,6787
C_080_102,79.120062,13.058944,0.0099,0.0112,0.0173,0.0013,Baseline / Low,Q1: Lower Relative Stress,6788
C_021_106,79.155994,13.58895,0.0099,0.0042,0.0074,0.018,Baseline / Low,Q1: Lower Relative Stress,6789
C_062_071,78.841584,13.220641,0.0099,0.0005,0.0004,0.0288,Baseline / Low,Q1: Lower Relative Stress,6790
C_045_061,78.751753,13.373354,0.0099,0.0124,0.0163,0.001,Baseline / Low,Q1: Lower Relative Stress,6791
C_036_136,79.431598,13.454203,0.0098,0.0083,0.0103,0.0108,Baseline / Low,Q1: Lower Relative Stress,6792
C_043_107,79.164978,13.391321,0.0098,0.0059,0.0008,0.0226,Baseline / Low,Q1: Lower Relative Stress,6793
C_083_105,79.147011,13.031995,0.0097,0.0119,0.0131,0.0041,Baseline / Low,Q1: Lower Relative Stress,6794
C_119_027,78.446325,12.708601,0.0095,0.0057,0.0078,0.0151,Baseline / Low,Q1: Lower Relative Stress,6795
C_082_054,78.688871,13.040978,0.0095,0.0012,0.0191,0.0082,Baseline / Low,Q1: Lower Relative Stress,6796
C_069_078,78.904466,13.157759,0.0095,0.0088,0.0099,0.0098,Baseline / Low,Q1: Lower Relative Stress,6797
C_021_105,79.147011,13.58895,0.0094,0.0047,0.0016,0.0219,Baseline / Low,Q1: Lower Relative Stress,6798
C_105_044,78.599039,12.834365,0.0094,0.0182,0.0097,0.0003,Baseline / Low,Q1: Lower Relative Stress,6799
C_082_081,78.931416,13.040978,0.0093,0.011,0.0112,0.0058,Baseline / Low,Q1: Lower Relative Stress,6800
C_059_129,79.362607,13.24759,0.0092,0.0166,0.0064,0.0046,Baseline / Low,Q1: Lower Relative Stress,6801
C_033_137,79.440581,13.481152,0.0092,0.026,0.0014,0.0,Baseline / Low,Q1: Lower Relative Stress,6802
C_034_133,79.39854,13.472169,0.0092,0.0147,0.0086,0.0043,Baseline / Low,Q1: Lower Relative Stress,6803
C_106_044,78.599039,12.825382,0.0092,0.0173,0.0101,0.0003,Baseline / Low,Q1: Lower Relative Stress,6804
C_067_129,79.362607,13.175725,0.0091,0.0027,0.0175,0.0072,Baseline / Low,Q1: Lower Relative Stress,6805
C_112_029,78.464292,12.771483,0.0091,0.0033,0.0241,0.0,Baseline / Low,Q1: Lower Relative Stress,6806
C_082_080,78.922433,13.040978,0.009,0.0037,0.0073,0.016,Baseline / Low,Q1: Lower Relative Stress,6807
C_072_085,78.967348,13.130809,0.009,0.0022,0.0047,0.02,Baseline / Low,Q1: Lower Relative Stress,6808
C_068_065,78.787685,13.166742,0.0087,0.0064,0.0165,0.0033,Baseline / Low,Q1: Lower Relative Stress,6809
C_034_135,79.422614,13.472169,0.0087,0.0235,0.0019,0.0007,Baseline / Low,Q1: Lower Relative Stress,6810
C_062_072,78.850567,13.220641,0.0085,0.0038,0.0103,0.0115,Baseline / Low,Q1: Lower Relative Stress,6811
C_059_131,79.380573,13.24759,0.0085,0.0132,0.007,0.0052,Baseline / Low,Q1: Lower Relative Stress,6812
C_057_052,78.670904,13.265557,0.0085,0.0088,0.0165,0.0003,Baseline / Low,Q1: Lower Relative Stress,6813
C_061_127,79.344641,13.229624,0.0084,0.0137,0.0115,0.0,Baseline / Low,Q1: Lower Relative Stress,6814
C_005_090,79.012264,13.73268,0.0084,0.0062,0.0152,0.0037,Baseline / Low,Q1: Lower Relative Stress,6815
C_042_130,79.37159,13.400304,0.0084,0.0072,0.0173,0.0007,Baseline / Low,Q1: Lower Relative Stress,6816
C_120_011,78.302595,12.699618,0.0084,0.0178,0.0029,0.0046,Baseline / Low,Q1: Lower Relative Stress,6817
C_072_040,78.563106,13.130809,0.0084,0.0052,0.0158,0.0043,Baseline / Low,Q1: Lower Relative Stress,6818
C_123_029,78.464292,12.672668,0.0081,0.0052,0.0045,0.0146,Baseline / Low,Q1: Lower Relative Stress,6819
C_050_172,79.754991,13.328439,0.0081,0.0,0.0,0.0244,Baseline / Low,Q1: Lower Relative Stress,6820
C_043_113,79.218877,13.391321,0.0081,0.0084,0.0115,0.0043,Baseline / Low,Q1: Lower Relative Stress,6821
C_072_108,79.173961,13.130809,0.0079,0.0013,0.0146,0.0079,Baseline / Low,Q1: Lower Relative Stress,6822
C_076_081,78.931416,13.094877,0.0079,0.0044,0.0006,0.0187,Baseline / Low,Q1: Lower Relative Stress,6823
C_029_101,79.111079,13.517085,0.0078,0.0011,0.01,0.0122,Baseline / Low,Q1: Lower Relative Stress,6824
C_063_072,78.850567,13.211658,0.0078,0.0007,0.0103,0.0124,Baseline / Low,Q1: Lower Relative Stress,6825
C_112_031,78.482258,12.771483,0.0077,0.0171,0.006,0.0,Baseline / Low,Q1: Lower Relative Stress,6826
C_107_042,78.581073,12.816399,0.0076,0.0,0.0,0.0229,Baseline / Low,Q1: Lower Relative Stress,6827
C_026_107,79.164978,13.544034,0.0075,0.0043,0.007,0.0111,Baseline / Low,Q1: Lower Relative Stress,6828
C_031_140,79.46753,13.499119,0.0075,0.0052,0.0021,0.0154,Baseline / Low,Q1: Lower Relative Stress,6829
C_037_143,79.49448,13.44522,0.0074,0.0141,0.0021,0.0062,Baseline / Low,Q1: Lower Relative Stress,6830
C_074_086,78.976331,13.112843,0.0073,0.002,0.0198,0.0,Baseline / Low,Q1: Lower Relative Stress,6831
C_110_032,78.491241,12.789449,0.0073,0.0159,0.006,0.0,Baseline / Low,Q1: Lower Relative Stress,6832
C_039_143,79.49448,13.427253,0.0072,0.0125,0.0081,0.001,Baseline / Low,Q1: Lower Relative Stress,6833
C_122_028,78.455309,12.681652,0.0071,0.0015,0.0002,0.0196,Baseline / Low,Q1: Lower Relative Stress,6834
C_036_138,79.449564,13.454203,0.0069,0.0146,0.0025,0.0036,Baseline / Low,Q1: Lower Relative Stress,6835
C_025_108,79.173961,13.553017,0.0068,0.0145,0.006,0.0,Baseline / Low,Q1: Lower Relative Stress,6836
C_107_039,78.554123,12.816399,0.0067,0.0,0.0,0.02,Baseline / Low,Q1: Lower Relative Stress,6837
C_045_127,79.344641,13.373354,0.0066,0.0047,0.0119,0.0033,Baseline / Low,Q1: Lower Relative Stress,6838
C_034_034,78.509207,13.472169,0.0064,0.0054,0.013,0.001,Baseline / Low,Q1: Lower Relative Stress,6839
C_025_092,79.03023,13.553017,0.0064,0.0063,0.0109,0.002,Baseline / Low,Q1: Lower Relative Stress,6840
C_033_141,79.476513,13.481152,0.0063,0.0097,0.0033,0.0059,Baseline / Low,Q1: Lower Relative Stress,6841
C_032_143,79.49448,13.490135,0.0063,0.0008,0.0,0.018,Baseline / Low,Q1: Lower Relative Stress,6842
C_079_102,79.120062,13.067927,0.0062,0.0021,0.0031,0.0134,Baseline / Low,Q1: Lower Relative Stress,6843
C_032_141,79.476513,13.490135,0.0062,0.0025,0.0,0.016,Baseline / Low,Q1: Lower Relative Stress,6844
C_064_104,79.138028,13.202674,0.0061,0.0162,0.0008,0.0013,Baseline / Low,Q1: Lower Relative Stress,6845
C_042_107,79.164978,13.400304,0.0061,0.0107,0.0017,0.006,Baseline / Low,Q1: Lower Relative Stress,6846
C_004_091,79.021247,13.741664,0.0061,0.0025,0.0029,0.0128,Baseline / Low,Q1: Lower Relative Stress,6847
C_025_106,79.155994,13.553017,0.006,0.0069,0.0111,0.0,Baseline / Low,Q1: Lower Relative Stress,6848
C_108_044,78.599039,12.807416,0.0059,0.0021,0.0028,0.0127,Baseline / Low,Q1: Lower Relative Stress,6849
C_033_136,79.431598,13.481152,0.0057,0.0136,0.0029,0.0007,Baseline / Low,Q1: Lower Relative Stress,6850
C_051_128,79.353624,13.319455,0.0055,0.0042,0.0008,0.0115,Baseline / Low,Q1: Lower Relative Stress,6851
C_105_040,78.563106,12.834365,0.0054,0.0063,0.0091,0.001,Baseline / Low,Q1: Lower Relative Stress,6852
C_029_042,78.581073,13.517085,0.0052,0.0009,0.0117,0.0029,Baseline / Low,Q1: Lower Relative Stress,6853
C_051_127,79.344641,13.319455,0.0052,0.0056,0.0054,0.0046,Baseline / Low,Q1: Lower Relative Stress,6854
C_032_140,79.46753,13.490135,0.0052,0.0045,0.0012,0.0098,Baseline / Low,Q1: Lower Relative Stress,6855
C_071_055,78.697854,13.139792,0.0051,0.0068,0.0086,0.0,Baseline / Low,Q1: Lower Relative Stress,6856
C_056_132,79.389556,13.27454,0.0051,0.0054,0.0025,0.0075,Baseline / Low,Q1: Lower Relative Stress,6857
C_027_087,78.985315,13.535051,0.005,0.0034,0.0105,0.001,Baseline / Low,Q1: Lower Relative Stress,6858
C_069_068,78.814635,13.157759,0.005,0.0012,0.0134,0.0003,Baseline / Low,Q1: Lower Relative Stress,6859
C_081_096,79.066163,13.049961,0.0049,0.0117,0.003,0.0,Baseline / Low,Q1: Lower Relative Stress,6860
C_061_128,79.353624,13.229624,0.0049,0.0069,0.0076,0.0003,Baseline / Low,Q1: Lower Relative Stress,6861
C_026_108,79.173961,13.544034,0.0048,0.0037,0.0043,0.0064,Baseline / Low,Q1: Lower Relative Stress,6862
C_102_035,78.518191,12.861315,0.0048,0.0028,0.0117,0.0,Baseline / Low,Q1: Lower Relative Stress,6863
C_114_035,78.518191,12.753517,0.0046,0.0074,0.0064,0.0,Baseline / Low,Q1: Lower Relative Stress,6864
C_032_142,79.485497,13.490135,0.0044,0.0122,0.001,0.0,Baseline / Low,Q1: Lower Relative Stress,6865
C_083_054,78.688871,13.031995,0.0043,0.0068,0.0031,0.0029,Baseline / Low,Q1: Lower Relative Stress,6866
C_033_140,79.46753,13.481152,0.0042,0.0024,0.0,0.0102,Baseline / Low,Q1: Lower Relative Stress,6867
C_033_143,79.49448,13.481152,0.0041,0.0028,0.0004,0.0092,Baseline / Low,Q1: Lower Relative Stress,6868
C_033_139,79.458547,13.481152,0.004,0.0074,0.0016,0.0029,Baseline / Low,Q1: Lower Relative Stress,6869
C_066_101,79.111079,13.184708,0.004,0.0049,0.0002,0.0069,Baseline / Low,Q1: Lower Relative Stress,6870
C_031_142,79.485497,13.499119,0.0039,0.0064,0.0006,0.0046,Baseline / Low,Q1: Lower Relative Stress,6871
C_101_037,78.536157,12.870298,0.0039,0.0044,0.0074,0.0,Baseline / Low,Q1: Lower Relative Stress,6872
C_031_141,79.476513,13.499119,0.0038,0.0036,0.0021,0.0059,Baseline / Low,Q1: Lower Relative Stress,6873
C_072_084,78.958365,13.130809,0.0038,0.0019,0.0051,0.0043,Baseline / Low,Q1: Lower Relative Stress,6874
C_027_106,79.155994,13.535051,0.0036,0.003,0.0015,0.0064,Baseline / Low,Q1: Lower Relative Stress,6875
C_034_134,79.407523,13.472169,0.0035,0.0041,0.0002,0.0062,Baseline / Low,Q1: Lower Relative Stress,6876
C_071_082,78.940399,13.139792,0.0035,0.0006,0.0086,0.0013,Baseline / Low,Q1: Lower Relative Stress,6877
C_072_086,78.976331,13.130809,0.0034,0.0018,0.0037,0.0046,Baseline / Low,Q1: Lower Relative Stress,6878
C_021_108,79.173961,13.58895,0.0034,0.0031,0.0044,0.0028,Baseline / Low,Q1: Lower Relative Stress,6879
C_067_065,78.787685,13.175725,0.0032,0.0003,0.0051,0.0043,Baseline / Low,Q1: Lower Relative Stress,6880
C_043_130,79.37159,13.391321,0.0032,0.0021,0.0058,0.0016,Baseline / Low,Q1: Lower Relative Stress,6881
C_103_035,78.518191,12.852332,0.003,0.0028,0.0062,0.0,Baseline / Low,Q1: Lower Relative Stress,6882
C_005_092,79.03023,13.73268,0.0029,0.0035,0.0049,0.0003,Baseline / Low,Q1: Lower Relative Stress,6883
C_082_096,79.066163,13.040978,0.0028,0.0059,0.0003,0.0022,Baseline / Low,Q1: Lower Relative Stress,6884
C_060_128,79.353624,13.238607,0.0027,0.0078,0.0002,0.0,Baseline / Low,Q1: Lower Relative Stress,6885
C_004_092,79.03023,13.741664,0.0026,0.001,0.0024,0.0043,Baseline / Low,Q1: Lower Relative Stress,6886
C_027_107,79.164978,13.535051,0.0026,0.0032,0.004,0.0006,Baseline / Low,Q1: Lower Relative Stress,6887
C_006_091,79.021247,13.723697,0.0025,0.005,0.0008,0.0016,Baseline / Low,Q1: Lower Relative Stress,6888
C_031_144,79.503463,13.499119,0.0024,0.0039,0.0,0.0032,Baseline / Low,Q1: Lower Relative Stress,6889
C_034_044,78.599039,13.472169,0.0024,0.0022,0.0051,0.0,Baseline / Low,Q1: Lower Relative Stress,6890
C_105_039,78.554123,12.834365,0.0022,0.0018,0.0037,0.001,Baseline / Low,Q1: Lower Relative Stress,6891
C_073_095,79.05718,13.121826,0.0021,0.0012,0.0016,0.0036,Baseline / Low,Q1: Lower Relative Stress,6892
C_026_105,79.147011,13.544034,0.0021,0.0032,0.0031,0.0,Baseline / Low,Q1: Lower Relative Stress,6893
C_111_031,78.482258,12.780466,0.002,0.0015,0.0019,0.0026,Baseline / Low,Q1: Lower Relative Stress,6894
C_072_096,79.066163,13.130809,0.002,0.0041,0.0019,0.0,Baseline / Low,Q1: Lower Relative Stress,6895
C_051_172,79.754991,13.319455,0.0012,0.0,0.0,0.0036,Baseline / Low,Q1: Lower Relative Stress,6896
C_065_104,79.138028,13.193691,0.001,0.0005,0.0,0.0026,Baseline / Low,Q1: Lower Relative Stress,6897
C_005_091,79.021247,13.73268,0.001,0.0015,0.001,0.0003,Baseline / Low,Q1: Lower Relative Stress,6898
C_107_043,78.590056,12.816399,0.0009,0.0006,0.0019,0.0003,Baseline / Low,Q1: Lower Relative Stress,6899
C_073_085,78.967348,13.121826,0.0003,0.0,0.0,0.001,Baseline / Low,Q1: Lower Relative Stress,6900
C_103_036,78.527174,12.852332,0.0003,0.0,0.0008,0.0,Baseline / Low,Q1: Lower Relative Stress,6901
C_073_084,78.958365,13.121826,0.0,0.0,0.0,0.0,Baseline / Low,Q1: Lower Relative Stress,6902
