{
  "type": "FeatureCollection",
  "metadata": {
    "source": "Government of Andhra Pradesh / Open Data Locations",
    "district": "Chittoor (Unified 67 Mandals)",
    "feature_count": 67
  },
  "features": [
    {
      "type": "Feature",
      "properties": {
        "OBJECTID_1": "       612",
        "OBJECTID_2": "       612",
        "OBJECTID_3": "       613",
        "OBJECTID": "       148",
        "DNAME": "CHITTOOR",
        "DMNAME": "PEDDAMANDYAM",
        "SHAPE_LENG": "  9.56282420000e+04",
        "Shape_Le_1": "  9.56282386977e+04",
        "Shape_Le_2": "  9.40600444008e+04",
        "Shape_Le_3": "  1.00000000000e+02",
        "Shape_Area": "  1.00000000000e+02",
        "MaxSimpTol": "  0.00000000000e+00",
        "MinSimpTol": "  1.79864409215e-03"
      },
      "geometry": {
        "type": "Polygon",
        "coordinates": [
          [
            [
              78.584116,
              13.985611
            ],
            [
              78.58071,
              13.972909
            ],
            [
              78.572442,
              13.96339
            ],
            [
              78.587452,
              13.958655
            ],
            [
              78.599636,
              13.960193
            ],
            [
              78.591579,
              13.939081
            ],
            [
              78.58758,
              13.911221
            ],
            [
              78.58193,
              13.895471
            ],
            [
              78.58827,
              13.886531
            ],
            [
              78.588751,
              13.87668
            ],
            [
              78.580482,
              13.86762
            ],
            [
              78.579238,
              13.860154
            ],
            [
              78.570717,
              13.858656
            ],
            [
              78.570153,
              13.848985
            ],
            [
              78.565285,
              13.847107
            ],
            [
              78.568383,
              13.840116
            ],
            [
              78.568086,
              13.817304
            ],
            [
              78.556383,
              13.808761
            ],
            [
              78.545611,
              13.808055
            ],
            [
              78.546252,
              13.795546
            ],
            [
              78.534373,
              13.7954
            ],
            [
              78.534189,
              13.8068
            ],
            [
              78.524241,
              13.808635
            ],
            [
              78.514521,
              13.806639
            ],
            [
              78.506616,
              13.83371
            ],
            [
              78.511743,
              13.84919
            ],
            [
              78.501183,
              13.855667
            ],
            [
              78.495309,
              13.872422
            ],
            [
              78.479767,
              13.877404
            ],
            [
              78.474343,
              13.870865
            ],
            [
              78.463517,
              13.868665
            ],
            [
              78.46138,
              13.87323
            ],
            [
              78.466522,
              13.885482
            ],
            [
              78.458473,
              13.894643
            ],
            [
              78.458443,
              13.899939
            ],
            [
              78.443222,
              13.911209
            ],
            [
              78.443199,
              13.902887
            ],
            [
              78.439308,
              13.905514
            ],
            [
              78.435745,
              13.903616
            ],
            [
              78.425987,
              13.915158
            ],
            [
              78.427818,
              13.91953
            ],
            [
              78.417846,
              13.932347
            ],
            [
              78.407866,
              13.937898
            ],
            [
              78.395476,
              13.938212
            ],
            [
              78.39421,
              13.947502
            ],
            [
              78.409364,
              13.959863
            ],
            [
              78.420742,
              13.963875
            ],
            [
              78.427699,
              13.979439
            ],
            [
              78.453365,
              13.984251
            ],
            [
              78.460747,
              13.987608
            ],
            [
              78.466498,
              13.994857
            ],
            [
              78.4764,
              13.984238
            ],
            [
              78.469981,
              13.974481
            ],
            [
              78.46897,
              13.958664
            ],
            [
              78.493805,
              13.937887
            ],
            [
              78.501832,
              13.94701
            ],
            [
              78.504488,
              13.959242
            ],
            [
              78.519329,
              13.966543
            ],
            [
              78.521312,
              13.973082
            ],
            [
              78.533204,
              13.982044
            ],
            [
              78.540118,
              13.981728
            ],
            [
              78.545,
              13.99128
            ],
            [
              78.564936,
              13.990438
            ],
            [
              78.570968,
              13.984587
            ],
            [
              78.584116,
              13.985611
            ]
          ]
        ]
      }
    },
    {
      "type": "Feature",
      "properties": {
        "OBJECTID_1": "       618",
        "OBJECTID_2": "       618",
        "OBJECTID_3": "       619",
        "OBJECTID": "       138",
        "DNAME": "CHITTOOR",
        "DMNAME": "MULAKALACHERUVU",
        "SHAPE_LENG": "  1.06013758000e+05",
        "Shape_Le_1": "  1.06013756412e+05",
        "Shape_Le_2": "  1.02407201953e+05",
        "Shape_Le_3": "  1.00000000000e+02",
        "Shape_Area": "  1.00000000000e+02",
        "MaxSimpTol": "  0.00000000000e+00",
        "MinSimpTol": "  1.79864409215e-03"
      },
      "geometry": {
        "type": "Polygon",
        "coordinates": [
          [
            [
              78.372906,
              13.945029
            ],
            [
              78.369681,
              13.944149
            ],
            [
              78.36395,
              13.923772
            ],
            [
              78.359648,
              13.928068
            ],
            [
              78.344319,
              13.926684
            ],
            [
              78.344106,
              13.921282
            ],
            [
              78.338177,
              13.916051
            ],
            [
              78.336613,
              13.90909
            ],
            [
              78.341099,
              13.896657
            ],
            [
              78.338108,
              13.895803
            ],
            [
              78.337963,
              13.88859
            ],
            [
              78.343221,
              13.851793
            ],
            [
              78.341095,
              13.845388
            ],
            [
              78.330544,
              13.841421
            ],
            [
              78.331934,
              13.835163
            ],
            [
              78.328622,
              13.826607
            ],
            [
              78.328302,
              13.814007
            ],
            [
              78.333597,
              13.806985
            ],
            [
              78.341768,
              13.807483
            ],
            [
              78.34888,
              13.804238
            ],
            [
              78.353702,
              13.804023
            ],
            [
              78.354419,
              13.807125
            ],
            [
              78.36369,
              13.810798
            ],
            [
              78.365902,
              13.803599
            ],
            [
              78.362896,
              13.793555
            ],
            [
              78.368954,
              13.786144
            ],
            [
              78.374982,
              13.784402
            ],
            [
              78.372616,
              13.768093
            ],
            [
              78.376912,
              13.765244
            ],
            [
              78.379437,
              13.755956
            ],
            [
              78.389585,
              13.750793
            ],
            [
              78.393277,
              13.743962
            ],
            [
              78.370265,
              13.705918
            ],
            [
              78.36883,
              13.697214
            ],
            [
              78.370898,
              13.693592
            ],
            [
              78.354486,
              13.690768
            ],
            [
              78.353234,
              13.688253
            ],
            [
              78.321614,
              13.687372
            ],
            [
              78.316441,
              13.68399
            ],
            [
              78.299982,
              13.69808
            ],
            [
              78.285805,
              13.700467
            ],
            [
              78.289125,
              13.719711
            ],
            [
              78.283738,
              13.719594
            ],
            [
              78.274773,
              13.734465
            ],
            [
              78.269615,
              13.736276
            ],
            [
              78.271401,
              13.740015
            ],
            [
              78.266151,
              13.745953
            ],
            [
              78.269599,
              13.752114
            ],
            [
              78.267678,
              13.755899
            ],
            [
              78.254088,
              13.764478
            ],
            [
              78.241117,
              13.763773
            ],
            [
              78.236519,
              13.780085
            ],
            [
              78.249602,
              13.787122
            ],
            [
              78.251456,
              13.791886
            ],
            [
              78.261869,
              13.791443
            ],
            [
              78.263377,
              13.79823
            ],
            [
              78.255536,
              13.806637
            ],
            [
              78.254974,
              13.819827
            ],
            [
              78.256298,
              13.823957
            ],
            [
              78.259232,
              13.823963
            ],
            [
              78.256209,
              13.826958
            ],
            [
              78.256078,
              13.836686
            ],
            [
              78.241163,
              13.846004
            ],
            [
              78.242624,
              13.851122
            ],
            [
              78.258082,
              13.854439
            ],
            [
              78.259362,
              13.85872
            ],
            [
              78.265264,
              13.857815
            ],
            [
              78.263435,
              13.864573
            ],
            [
              78.269119,
              13.86765
            ],
            [
              78.268192,
              13.872894
            ],
            [
              78.27853,
              13.889647
            ],
            [
              78.273095,
              13.895599
            ],
            [
              78.280142,
              13.898157
            ],
            [
              78.28968,
              13.892205
            ],
            [
              78.298725,
              13.893847
            ],
            [
              78.299093,
              13.906183
            ],
            [
              78.306337,
              13.908455
            ],
            [
              78.318538,
              13.921177
            ],
            [
              78.325823,
              13.922127
            ],
            [
              78.331915,
              13.918142
            ],
            [
              78.336901,
              13.927258
            ],
            [
              78.337744,
              13.937104
            ],
            [
              78.347204,
              13.935486
            ],
            [
              78.348588,
              13.93998
            ],
            [
              78.352255,
              13.938618
            ],
            [
              78.3706,
              13.957008
            ],
            [
              78.375906,
              13.952417
            ],
            [
              78.372906,
              13.945029
            ]
          ]
        ]
      }
    },
    {
      "type": "Feature",
      "properties": {
        "OBJECTID_1": "       620",
        "OBJECTID_2": "       620",
        "OBJECTID_3": "       621",
        "OBJECTID": "       168",
        "DNAME": "CHITTOOR",
        "DMNAME": "THAMBALLAPALLE",
        "SHAPE_LENG": "  1.09879156000e+05",
        "Shape_Le_1": "  1.09879157742e+05",
        "Shape_Le_2": "  1.07544593669e+05",
        "Shape_Le_3": "  1.00000000000e+02",
        "Shape_Area": "  1.00000000000e+02",
        "MaxSimpTol": "  0.00000000000e+00",
        "MinSimpTol": "  1.79864409215e-03"
      },
      "geometry": {
        "type": "Polygon",
        "coordinates": [
          [
            [
              78.546252,
              13.795546
            ],
            [
              78.550593,
              13.787343
            ],
            [
              78.548038,
              13.781185
            ],
            [
              78.552097,
              13.775756
            ],
            [
              78.555447,
              13.761111
            ],
            [
              78.559353,
              13.75917
            ],
            [
              78.563397,
              13.75003
            ],
            [
              78.569737,
              13.748628
            ],
            [
              78.574521,
              13.742519
            ],
            [
              78.571332,
              13.736158
            ],
            [
              78.568334,
              13.730736
            ],
            [
              78.559697,
              13.729969
            ],
            [
              78.560201,
              13.737749
            ],
            [
              78.556523,
              13.744164
            ],
            [
              78.55238,
              13.744676
            ],
            [
              78.547238,
              13.734318
            ],
            [
              78.542439,
              13.738654
            ],
            [
              78.538617,
              13.731723
            ],
            [
              78.518948,
              13.737682
            ],
            [
              78.512974,
              13.747753
            ],
            [
              78.49364,
              13.743136
            ],
            [
              78.478747,
              13.745413
            ],
            [
              78.459436,
              13.743985
            ],
            [
              78.454378,
              13.732501
            ],
            [
              78.453279,
              13.716807
            ],
            [
              78.446893,
              13.719849
            ],
            [
              78.445115,
              13.724541
            ],
            [
              78.42147,
              13.730864
            ],
            [
              78.418098,
              13.718147
            ],
            [
              78.402251,
              13.734403
            ],
            [
              78.400969,
              13.739902
            ],
            [
              78.393277,
              13.743962
            ],
            [
              78.389585,
              13.750793
            ],
            [
              78.379437,
              13.755956
            ],
            [
              78.376912,
              13.765244
            ],
            [
              78.372616,
              13.768093
            ],
            [
              78.374982,
              13.784402
            ],
            [
              78.368954,
              13.786144
            ],
            [
              78.362896,
              13.793555
            ],
            [
              78.365902,
              13.803599
            ],
            [
              78.36369,
              13.810798
            ],
            [
              78.354419,
              13.807125
            ],
            [
              78.353702,
              13.804023
            ],
            [
              78.34888,
              13.804238
            ],
            [
              78.341768,
              13.807483
            ],
            [
              78.333597,
              13.806985
            ],
            [
              78.328302,
              13.814007
            ],
            [
              78.328622,
              13.826607
            ],
            [
              78.331934,
              13.835163
            ],
            [
              78.330544,
              13.841421
            ],
            [
              78.341095,
              13.845388
            ],
            [
              78.343221,
              13.851793
            ],
            [
              78.337963,
              13.88859
            ],
            [
              78.338108,
              13.895803
            ],
            [
              78.341099,
              13.896657
            ],
            [
              78.336613,
              13.90909
            ],
            [
              78.338177,
              13.916051
            ],
            [
              78.344106,
              13.921282
            ],
            [
              78.344319,
              13.926684
            ],
            [
              78.359648,
              13.928068
            ],
            [
              78.36395,
              13.923772
            ],
            [
              78.369681,
              13.944149
            ],
            [
              78.372906,
              13.945029
            ],
            [
              78.386917,
              13.93928
            ],
            [
              78.39421,
              13.947502
            ],
            [
              78.395476,
              13.938212
            ],
            [
              78.407866,
              13.937898
            ],
            [
              78.417846,
              13.932347
            ],
            [
              78.427818,
              13.91953
            ],
            [
              78.425987,
              13.915158
            ],
            [
              78.435745,
              13.903616
            ],
            [
              78.439308,
              13.905514
            ],
            [
              78.443199,
              13.902887
            ],
            [
              78.443222,
              13.911209
            ],
            [
              78.458443,
              13.899939
            ],
            [
              78.458473,
              13.894643
            ],
            [
              78.466522,
              13.885482
            ],
            [
              78.46138,
              13.87323
            ],
            [
              78.463517,
              13.868665
            ],
            [
              78.474343,
              13.870865
            ],
            [
              78.479767,
              13.877404
            ],
            [
              78.495309,
              13.872422
            ],
            [
              78.501183,
              13.855667
            ],
            [
              78.511743,
              13.84919
            ],
            [
              78.506616,
              13.83371
            ],
            [
              78.514521,
              13.806639
            ],
            [
              78.524241,
              13.808635
            ],
            [
              78.534189,
              13.8068
            ],
            [
              78.534373,
              13.7954
            ],
            [
              78.546252,
              13.795546
            ]
          ]
        ]
      }
    },
    {
      "type": "Feature",
      "properties": {
        "OBJECTID_1": "       623",
        "OBJECTID_2": "       623",
        "OBJECTID_3": "       624",
        "OBJECTID": "       170",
        "DNAME": "CHITTOOR",
        "DMNAME": "THOTTAMBEDU",
        "SHAPE_LENG": "  1.32164391000e+05",
        "Shape_Le_1": "  1.32164383034e+05",
        "Shape_Le_2": "  1.30003395208e+05",
        "Shape_Le_3": "  1.00000000000e+02",
        "Shape_Area": "  1.00000000000e+02",
        "MaxSimpTol": "  0.00000000000e+00",
        "MinSimpTol": "  1.79864409215e-03"
      },
      "geometry": {
        "type": "Polygon",
        "coordinates": [
          [
            [
              79.738685,
              13.858
            ],
            [
              79.731071,
              13.838971
            ],
            [
              79.729829,
              13.831389
            ],
            [
              79.733057,
              13.824149
            ],
            [
              79.731075,
              13.819213
            ],
            [
              79.742001,
              13.817522
            ],
            [
              79.743907,
              13.812968
            ],
            [
              79.750168,
              13.810507
            ],
            [
              79.744642,
              13.803526
            ],
            [
              79.771296,
              13.796796
            ],
            [
              79.802524,
              13.796071
            ],
            [
              79.811817,
              13.780755
            ],
            [
              79.808471,
              13.776858
            ],
            [
              79.803355,
              13.776824
            ],
            [
              79.801543,
              13.768145
            ],
            [
              79.781374,
              13.768432
            ],
            [
              79.773809,
              13.772796
            ],
            [
              79.769075,
              13.768286
            ],
            [
              79.769992,
              13.763105
            ],
            [
              79.787281,
              13.756155
            ],
            [
              79.778469,
              13.750612
            ],
            [
              79.781955,
              13.746271
            ],
            [
              79.780491,
              13.743809
            ],
            [
              79.759538,
              13.740933
            ],
            [
              79.742684,
              13.745231
            ],
            [
              79.733128,
              13.727922
            ],
            [
              79.736736,
              13.722829
            ],
            [
              79.747679,
              13.724947
            ],
            [
              79.750403,
              13.719925
            ],
            [
              79.77256,
              13.724705
            ],
            [
              79.772481,
              13.713349
            ],
            [
              79.765702,
              13.711623
            ],
            [
              79.779197,
              13.697133
            ],
            [
              79.792357,
              13.699576
            ],
            [
              79.789401,
              13.693303
            ],
            [
              79.791245,
              13.678408
            ],
            [
              79.79441,
              13.673818
            ],
            [
              79.77368,
              13.66434
            ],
            [
              79.76395,
              13.66447
            ],
            [
              79.756909,
              13.671434
            ],
            [
              79.761501,
              13.68911
            ],
            [
              79.760048,
              13.70027
            ],
            [
              79.744237,
              13.689651
            ],
            [
              79.721443,
              13.692978
            ],
            [
              79.715223,
              13.685353
            ],
            [
              79.7203,
              13.667147
            ],
            [
              79.710021,
              13.666396
            ],
            [
              79.709023,
              13.662402
            ],
            [
              79.691523,
              13.660951
            ],
            [
              79.702684,
              13.668028
            ],
            [
              79.700166,
              13.673068
            ],
            [
              79.702792,
              13.688412
            ],
            [
              79.688742,
              13.740844
            ],
            [
              79.689793,
              13.744855
            ],
            [
              79.695458,
              13.748515
            ],
            [
              79.700949,
              13.746326
            ],
            [
              79.702183,
              13.72664
            ],
            [
              79.710796,
              13.738063
            ],
            [
              79.71125,
              13.751915
            ],
            [
              79.706605,
              13.752807
            ],
            [
              79.707038,
              13.756991
            ],
            [
              79.71367,
              13.763591
            ],
            [
              79.71023,
              13.765395
            ],
            [
              79.707235,
              13.761871
            ],
            [
              79.712308,
              13.777815
            ],
            [
              79.691529,
              13.780007
            ],
            [
              79.691005,
              13.78459
            ],
            [
              79.701334,
              13.791775
            ],
            [
              79.70356,
              13.803726
            ],
            [
              79.691237,
              13.803862
            ],
            [
              79.675739,
              13.812389
            ],
            [
              79.667329,
              13.80911
            ],
            [
              79.659176,
              13.811859
            ],
            [
              79.659419,
              13.816121
            ],
            [
              79.668325,
              13.819281
            ],
            [
              79.668613,
              13.822697
            ],
            [
              79.647204,
              13.835969
            ],
            [
              79.648095,
              13.841442
            ],
            [
              79.668228,
              13.835853
            ],
            [
              79.674019,
              13.87262
            ],
            [
              79.670461,
              13.886154
            ],
            [
              79.680391,
              13.923784
            ],
            [
              79.68235,
              13.924688
            ],
            [
              79.694,
              13.91313
            ],
            [
              79.729274,
              13.904024
            ],
            [
              79.731567,
              13.890602
            ],
            [
              79.727346,
              13.862395
            ],
            [
              79.738685,
              13.858
            ]
          ]
        ]
      }
    },
    {
      "type": "Feature",
      "properties": {
        "OBJECTID_1": "       624",
        "OBJECTID_2": "       624",
        "OBJECTID_3": "       625",
        "OBJECTID": "       166",
        "DNAME": "CHITTOOR",
        "DMNAME": "SRIKALAHASTI",
        "SHAPE_LENG": "  1.63266813000e+05",
        "Shape_Le_1": "  1.63266811183e+05",
        "Shape_Le_2": "  1.60893008915e+05",
        "Shape_Le_3": "  1.00000000000e+02",
        "Shape_Area": "  1.00000000000e+02",
        "MaxSimpTol": "  0.00000000000e+00",
        "MinSimpTol": "  1.79864409215e-03"
      },
      "geometry": {
        "type": "Polygon",
        "coordinates": [
          [
            [
              79.648095,
              13.841442
            ],
            [
              79.647204,
              13.835969
            ],
            [
              79.668613,
              13.822697
            ],
            [
              79.668325,
              13.819281
            ],
            [
              79.659419,
              13.816121
            ],
            [
              79.659176,
              13.811859
            ],
            [
              79.667329,
              13.80911
            ],
            [
              79.675739,
              13.812389
            ],
            [
              79.691237,
              13.803862
            ],
            [
              79.70356,
              13.803726
            ],
            [
              79.701334,
              13.791775
            ],
            [
              79.691005,
              13.78459
            ],
            [
              79.691529,
              13.780007
            ],
            [
              79.712308,
              13.777815
            ],
            [
              79.707235,
              13.761871
            ],
            [
              79.71023,
              13.765395
            ],
            [
              79.71367,
              13.763591
            ],
            [
              79.707038,
              13.756991
            ],
            [
              79.706605,
              13.752807
            ],
            [
              79.71125,
              13.751915
            ],
            [
              79.710796,
              13.738063
            ],
            [
              79.702183,
              13.72664
            ],
            [
              79.700949,
              13.746326
            ],
            [
              79.695458,
              13.748515
            ],
            [
              79.689793,
              13.744855
            ],
            [
              79.688742,
              13.740844
            ],
            [
              79.702792,
              13.688412
            ],
            [
              79.700166,
              13.673068
            ],
            [
              79.702684,
              13.668028
            ],
            [
              79.691523,
              13.660951
            ],
            [
              79.684581,
              13.665665
            ],
            [
              79.658885,
              13.658811
            ],
            [
              79.653518,
              13.651594
            ],
            [
              79.653611,
              13.669416
            ],
            [
              79.64953,
              13.673094
            ],
            [
              79.645668,
              13.684499
            ],
            [
              79.641033,
              13.679714
            ],
            [
              79.627679,
              13.681835
            ],
            [
              79.621895,
              13.691583
            ],
            [
              79.613009,
              13.698689
            ],
            [
              79.614432,
              13.708336
            ],
            [
              79.626935,
              13.718914
            ],
            [
              79.622211,
              13.731888
            ],
            [
              79.626891,
              13.737938
            ],
            [
              79.624898,
              13.744562
            ],
            [
              79.629496,
              13.746884
            ],
            [
              79.622543,
              13.76349
            ],
            [
              79.630627,
              13.763076
            ],
            [
              79.640705,
              13.772689
            ],
            [
              79.635428,
              13.773964
            ],
            [
              79.631802,
              13.781585
            ],
            [
              79.626235,
              13.783471
            ],
            [
              79.615796,
              13.77992
            ],
            [
              79.610298,
              13.781247
            ],
            [
              79.594287,
              13.795804
            ],
            [
              79.596383,
              13.798526
            ],
            [
              79.592751,
              13.805897
            ],
            [
              79.599863,
              13.812337
            ],
            [
              79.598697,
              13.8355
            ],
            [
              79.587564,
              13.832806
            ],
            [
              79.577444,
              13.836251
            ],
            [
              79.57458,
              13.825038
            ],
            [
              79.57685,
              13.808132
            ],
            [
              79.567128,
              13.80661
            ],
            [
              79.556199,
              13.810014
            ],
            [
              79.553871,
              13.791598
            ],
            [
              79.543653,
              13.78628
            ],
            [
              79.550993,
              13.775197
            ],
            [
              79.568639,
              13.704252
            ],
            [
              79.566551,
              13.699687
            ],
            [
              79.55339,
              13.692476
            ],
            [
              79.552688,
              13.719042
            ],
            [
              79.539101,
              13.73299
            ],
            [
              79.522872,
              13.76065
            ],
            [
              79.52079,
              13.762225
            ],
            [
              79.522255,
              13.758099
            ],
            [
              79.512078,
              13.771685
            ],
            [
              79.492156,
              13.780043
            ],
            [
              79.485641,
              13.787587
            ],
            [
              79.470517,
              13.796976
            ],
            [
              79.457989,
              13.799285
            ],
            [
              79.45522,
              13.824495
            ],
            [
              79.437748,
              13.857061
            ],
            [
              79.434059,
              13.876612
            ],
            [
              79.443705,
              13.891423
            ],
            [
              79.455468,
              13.897305
            ],
            [
              79.475652,
              13.900492
            ],
            [
              79.478719,
              13.913029
            ],
            [
              79.498395,
              13.911453
            ],
            [
              79.532026,
              13.916821
            ],
            [
              79.557143,
              13.915858
            ],
            [
              79.592867,
              13.923569
            ],
            [
              79.596422,
              13.911713
            ],
            [
              79.59441,
              13.887958
            ],
            [
              79.61142,
              13.888587
            ],
            [
              79.620495,
              13.886035
            ],
            [
              79.623373,
              13.882053
            ],
            [
              79.624285,
              13.871158
            ],
            [
              79.619318,
              13.863045
            ],
            [
              79.610849,
              13.860906
            ],
            [
              79.607105,
              13.855006
            ],
            [
              79.609518,
              13.851645
            ],
            [
              79.627171,
              13.844448
            ],
            [
              79.633682,
              13.845697
            ],
            [
              79.648095,
              13.841442
            ]
          ]
        ]
      }
    },
    {
      "type": "Feature",
      "properties": {
        "OBJECTID_1": "       625",
        "OBJECTID_2": "       625",
        "OBJECTID_3": "       626",
        "OBJECTID": "       128",
        "DNAME": "CHITTOOR",
        "DMNAME": "GURRAMKONDA",
        "SHAPE_LENG": "  9.95286640000e+04",
        "Shape_Le_1": "  9.95286662723e+04",
        "Shape_Le_2": "  9.75745211790e+04",
        "Shape_Le_3": "  1.00000000000e+02",
        "Shape_Area": "  1.00000000000e+02",
        "MaxSimpTol": "  0.00000000000e+00",
        "MinSimpTol": "  1.79864409215e-03"
      },
      "geometry": {
        "type": "Polygon",
        "coordinates": [
          [
            [
              78.653427,
              13.866585
            ],
            [
              78.655543,
              13.860809
            ],
            [
              78.663714,
              13.858481
            ],
            [
              78.669009,
              13.85915
            ],
            [
              78.671572,
              13.862642
            ],
            [
              78.680507,
              13.825992
            ],
            [
              78.676557,
              13.806473
            ],
            [
              78.675222,
              13.8025
            ],
            [
              78.666678,
              13.80449
            ],
            [
              78.658858,
              13.801087
            ],
            [
              78.660278,
              13.786876
            ],
            [
              78.655435,
              13.773721
            ],
            [
              78.636965,
              13.774606
            ],
            [
              78.624263,
              13.762233
            ],
            [
              78.624568,
              13.758065
            ],
            [
              78.631503,
              13.755354
            ],
            [
              78.627696,
              13.753195
            ],
            [
              78.630573,
              13.748907
            ],
            [
              78.629765,
              13.733879
            ],
            [
              78.634999,
              13.731414
            ],
            [
              78.640919,
              13.735518
            ],
            [
              78.654895,
              13.734444
            ],
            [
              78.655338,
              13.72707
            ],
            [
              78.665684,
              13.725164
            ],
            [
              78.666188,
              13.718612
            ],
            [
              78.675243,
              13.720309
            ],
            [
              78.675969,
              13.715143
            ],
            [
              78.681858,
              13.711213
            ],
            [
              78.684682,
              13.700416
            ],
            [
              78.683165,
              13.682407
            ],
            [
              78.664153,
              13.678711
            ],
            [
              78.654815,
              13.681067
            ],
            [
              78.63742,
              13.679751
            ],
            [
              78.635948,
              13.667737
            ],
            [
              78.617638,
              13.670195
            ],
            [
              78.612893,
              13.662727
            ],
            [
              78.604592,
              13.670723
            ],
            [
              78.601173,
              13.681184
            ],
            [
              78.591484,
              13.692029
            ],
            [
              78.582061,
              13.693439
            ],
            [
              78.57923,
              13.699584
            ],
            [
              78.571379,
              13.698752
            ],
            [
              78.571067,
              13.701753
            ],
            [
              78.579451,
              13.701326
            ],
            [
              78.582297,
              13.706899
            ],
            [
              78.582037,
              13.721556
            ],
            [
              78.577154,
              13.725602
            ],
            [
              78.57871,
              13.72766
            ],
            [
              78.575818,
              13.734292
            ],
            [
              78.571332,
              13.736158
            ],
            [
              78.574521,
              13.742519
            ],
            [
              78.569737,
              13.748628
            ],
            [
              78.563397,
              13.75003
            ],
            [
              78.559353,
              13.75917
            ],
            [
              78.555447,
              13.761111
            ],
            [
              78.552097,
              13.775756
            ],
            [
              78.548038,
              13.781185
            ],
            [
              78.550593,
              13.787343
            ],
            [
              78.546252,
              13.795546
            ],
            [
              78.545611,
              13.808055
            ],
            [
              78.556383,
              13.808761
            ],
            [
              78.568086,
              13.817304
            ],
            [
              78.568383,
              13.840116
            ],
            [
              78.565285,
              13.847107
            ],
            [
              78.570153,
              13.848985
            ],
            [
              78.570717,
              13.858656
            ],
            [
              78.579238,
              13.860154
            ],
            [
              78.580482,
              13.86762
            ],
            [
              78.588751,
              13.87668
            ],
            [
              78.58827,
              13.886531
            ],
            [
              78.58193,
              13.895471
            ],
            [
              78.58758,
              13.911221
            ],
            [
              78.601826,
              13.913957
            ],
            [
              78.615305,
              13.912914
            ],
            [
              78.621019,
              13.907024
            ],
            [
              78.635959,
              13.907993
            ],
            [
              78.638444,
              13.901479
            ],
            [
              78.650073,
              13.908744
            ],
            [
              78.658925,
              13.908284
            ],
            [
              78.655533,
              13.907046
            ],
            [
              78.654291,
              13.897373
            ],
            [
              78.644111,
              13.891834
            ],
            [
              78.643826,
              13.879215
            ],
            [
              78.639568,
              13.872907
            ],
            [
              78.642938,
              13.867674
            ],
            [
              78.653427,
              13.866585
            ]
          ]
        ]
      }
    },
    {
      "type": "Feature",
      "properties": {
        "OBJECTID_1": "       626",
        "OBJECTID_2": "       626",
        "OBJECTID_3": "       627",
        "OBJECTID": "       133",
        "DNAME": "CHITTOOR",
        "DMNAME": "KAMBHAMVARIPALLE",
        "SHAPE_LENG": "  1.23071422000e+05",
        "Shape_Le_1": "  1.23071420216e+05",
        "Shape_Le_2": "  1.20227199433e+05",
        "Shape_Le_3": "  1.00000000000e+02",
        "Shape_Area": "  1.00000000000e+02",
        "MaxSimpTol": "  0.00000000000e+00",
        "MinSimpTol": "  1.79864409215e-03"
      },
      "geometry": {
        "type": "Polygon",
        "coordinates": [
          [
            [
              79.008201,
              13.907646
            ],
            [
              79.005194,
              13.903179
            ],
            [
              79.010892,
              13.902188
            ],
            [
              79.012754,
              13.89697
            ],
            [
              79.023556,
              13.894061
            ],
            [
              79.024884,
              13.886388
            ],
            [
              79.021475,
              13.884019
            ],
            [
              79.021956,
              13.880015
            ],
            [
              79.035946,
              13.874819
            ],
            [
              79.043171,
              13.864295
            ],
            [
              79.04983,
              13.86404
            ],
            [
              79.046841,
              13.856058
            ],
            [
              79.044034,
              13.858795
            ],
            [
              79.038023,
              13.857076
            ],
            [
              79.031623,
              13.859842
            ],
            [
              79.020869,
              13.8579
            ],
            [
              79.021327,
              13.855502
            ],
            [
              79.017376,
              13.857731
            ],
            [
              78.984249,
              13.854056
            ],
            [
              78.995175,
              13.87983
            ],
            [
              78.989164,
              13.886324
            ],
            [
              78.971597,
              13.882128
            ],
            [
              78.976634,
              13.869391
            ],
            [
              78.965661,
              13.84881
            ],
            [
              78.965868,
              13.838728
            ],
            [
              78.956745,
              13.835924
            ],
            [
              78.961194,
              13.828533
            ],
            [
              78.958372,
              13.825613
            ],
            [
              78.959722,
              13.821164
            ],
            [
              78.944657,
              13.820404
            ],
            [
              78.947238,
              13.808106
            ],
            [
              78.952791,
              13.802472
            ],
            [
              78.946767,
              13.793559
            ],
            [
              78.943481,
              13.778415
            ],
            [
              78.945106,
              13.775195
            ],
            [
              78.938013,
              13.771055
            ],
            [
              78.93993,
              13.75471
            ],
            [
              78.928373,
              13.753376
            ],
            [
              78.924589,
              13.755573
            ],
            [
              78.925444,
              13.751526
            ],
            [
              78.917412,
              13.747784
            ],
            [
              78.918038,
              13.742743
            ],
            [
              78.928199,
              13.740429
            ],
            [
              78.923066,
              13.739304
            ],
            [
              78.922166,
              13.732602
            ],
            [
              78.928148,
              13.731226
            ],
            [
              78.929623,
              13.711601
            ],
            [
              78.903229,
              13.71048
            ],
            [
              78.899634,
              13.724766
            ],
            [
              78.881807,
              13.723151
            ],
            [
              78.874133,
              13.714575
            ],
            [
              78.863575,
              13.716346
            ],
            [
              78.865215,
              13.722724
            ],
            [
              78.875741,
              13.724307
            ],
            [
              78.873338,
              13.734979
            ],
            [
              78.867486,
              13.739364
            ],
            [
              78.85573,
              13.741729
            ],
            [
              78.851422,
              13.727685
            ],
            [
              78.854764,
              13.722663
            ],
            [
              78.825111,
              13.727014
            ],
            [
              78.815628,
              13.735287
            ],
            [
              78.818631,
              13.759534
            ],
            [
              78.824077,
              13.767563
            ],
            [
              78.814709,
              13.773058
            ],
            [
              78.795263,
              13.775538
            ],
            [
              78.793058,
              13.781809
            ],
            [
              78.78874,
              13.783054
            ],
            [
              78.787029,
              13.797018
            ],
            [
              78.808198,
              13.803692
            ],
            [
              78.809238,
              13.801557
            ],
            [
              78.811722,
              13.804009
            ],
            [
              78.810616,
              13.808321
            ],
            [
              78.82073,
              13.813872
            ],
            [
              78.816648,
              13.826133
            ],
            [
              78.820706,
              13.827176
            ],
            [
              78.82259,
              13.831882
            ],
            [
              78.820674,
              13.844143
            ],
            [
              78.832343,
              13.860689
            ],
            [
              78.852443,
              13.867359
            ],
            [
              78.852472,
              13.874236
            ],
            [
              78.859128,
              13.886303
            ],
            [
              78.869858,
              13.897757
            ],
            [
              78.893834,
              13.89845
            ],
            [
              78.901158,
              13.895071
            ],
            [
              78.909547,
              13.895182
            ],
            [
              78.909175,
              13.892348
            ],
            [
              78.917733,
              13.888787
            ],
            [
              78.916223,
              13.893456
            ],
            [
              78.918652,
              13.897023
            ],
            [
              78.93583,
              13.897086
            ],
            [
              78.937109,
              13.888901
            ],
            [
              78.941743,
              13.884781
            ],
            [
              78.954991,
              13.884935
            ],
            [
              78.983823,
              13.891833
            ],
            [
              78.989529,
              13.911692
            ],
            [
              79.008201,
              13.907646
            ]
          ]
        ]
      }
    },
    {
      "type": "Feature",
      "properties": {
        "OBJECTID_1": "       627",
        "OBJECTID_2": "       627",
        "OBJECTID_3": "       628",
        "OBJECTID": "       181",
        "DNAME": "CHITTOOR",
        "DMNAME": "YERRAVARIPALEM",
        "SHAPE_LENG": "  1.49358984000e+05",
        "Shape_Le_1": "  1.49358985083e+05",
        "Shape_Le_2": "  1.46631622410e+05",
        "Shape_Le_3": "  1.00000000000e+02",
        "Shape_Area": "  1.00000000000e+02",
        "MaxSimpTol": "  0.00000000000e+00",
        "MinSimpTol": "  1.79864409215e-03"
      },
      "geometry": {
        "type": "Polygon",
        "coordinates": [
          [
            [
              79.148447,
              13.865552
            ],
            [
              79.14864,
              13.864767
            ],
            [
              79.157073,
              13.853284
            ],
            [
              79.171574,
              13.847195
            ],
            [
              79.183208,
              13.833272
            ],
            [
              79.215736,
              13.812055
            ],
            [
              79.211146,
              13.806023
            ],
            [
              79.202891,
              13.809232
            ],
            [
              79.194256,
              13.803161
            ],
            [
              79.19115,
              13.792996
            ],
            [
              79.197103,
              13.789385
            ],
            [
              79.201046,
              13.781812
            ],
            [
              79.217826,
              13.772355
            ],
            [
              79.22022,
              13.761778
            ],
            [
              79.224917,
              13.756297
            ],
            [
              79.240734,
              13.750684
            ],
            [
              79.237846,
              13.736954
            ],
            [
              79.222276,
              13.719544
            ],
            [
              79.218403,
              13.710744
            ],
            [
              79.217992,
              13.704123
            ],
            [
              79.231763,
              13.687045
            ],
            [
              79.221428,
              13.651615
            ],
            [
              79.21218,
              13.634165
            ],
            [
              79.198825,
              13.631047
            ],
            [
              79.191191,
              13.625068
            ],
            [
              79.178628,
              13.624395
            ],
            [
              79.182543,
              13.617058
            ],
            [
              79.181264,
              13.606413
            ],
            [
              79.172401,
              13.603337
            ],
            [
              79.158695,
              13.600589
            ],
            [
              79.143118,
              13.6057
            ],
            [
              79.140417,
              13.608729
            ],
            [
              79.145519,
              13.614017
            ],
            [
              79.162778,
              13.623766
            ],
            [
              79.163646,
              13.632167
            ],
            [
              79.169548,
              13.642469
            ],
            [
              79.179639,
              13.641515
            ],
            [
              79.180737,
              13.645301
            ],
            [
              79.176463,
              13.657531
            ],
            [
              79.182151,
              13.667708
            ],
            [
              79.192327,
              13.665229
            ],
            [
              79.196819,
              13.667492
            ],
            [
              79.196284,
              13.671765
            ],
            [
              79.189808,
              13.673819
            ],
            [
              79.193383,
              13.683148
            ],
            [
              79.191292,
              13.689361
            ],
            [
              79.192977,
              13.694636
            ],
            [
              79.205889,
              13.700417
            ],
            [
              79.208885,
              13.704623
            ],
            [
              79.208769,
              13.712207
            ],
            [
              79.196419,
              13.717751
            ],
            [
              79.182972,
              13.719588
            ],
            [
              79.179467,
              13.703184
            ],
            [
              79.171191,
              13.703494
            ],
            [
              79.161396,
              13.710555
            ],
            [
              79.147064,
              13.709069
            ],
            [
              79.148827,
              13.702109
            ],
            [
              79.14204,
              13.698113
            ],
            [
              79.139745,
              13.689088
            ],
            [
              79.116077,
              13.687251
            ],
            [
              79.113772,
              13.692956
            ],
            [
              79.102788,
              13.696118
            ],
            [
              79.10151,
              13.715451
            ],
            [
              79.095628,
              13.724492
            ],
            [
              79.092775,
              13.724472
            ],
            [
              79.090333,
              13.730898
            ],
            [
              79.082163,
              13.738688
            ],
            [
              79.085156,
              13.762109
            ],
            [
              79.090944,
              13.770173
            ],
            [
              79.088768,
              13.78164
            ],
            [
              79.073604,
              13.779356
            ],
            [
              79.066769,
              13.78152
            ],
            [
              79.045467,
              13.776221
            ],
            [
              79.038831,
              13.771892
            ],
            [
              79.026374,
              13.774011
            ],
            [
              79.021423,
              13.782902
            ],
            [
              79.024219,
              13.801588
            ],
            [
              79.040885,
              13.803854
            ],
            [
              79.042348,
              13.814509
            ],
            [
              79.037221,
              13.818795
            ],
            [
              79.026985,
              13.817307
            ],
            [
              79.021202,
              13.825147
            ],
            [
              79.014139,
              13.825916
            ],
            [
              79.015106,
              13.83413
            ],
            [
              79.010788,
              13.844144
            ],
            [
              79.01888,
              13.844848
            ],
            [
              79.025576,
              13.849633
            ],
            [
              79.021327,
              13.855502
            ],
            [
              79.020869,
              13.8579
            ],
            [
              79.031623,
              13.859842
            ],
            [
              79.038023,
              13.857076
            ],
            [
              79.044034,
              13.858795
            ],
            [
              79.046841,
              13.856058
            ],
            [
              79.04983,
              13.86404
            ],
            [
              79.043171,
              13.864295
            ],
            [
              79.035946,
              13.874819
            ],
            [
              79.021956,
              13.880015
            ],
            [
              79.021475,
              13.884019
            ],
            [
              79.024884,
              13.886388
            ],
            [
              79.023556,
              13.894061
            ],
            [
              79.012754,
              13.89697
            ],
            [
              79.010892,
              13.902188
            ],
            [
              79.005194,
              13.903179
            ],
            [
              79.008201,
              13.907646
            ],
            [
              79.023679,
              13.902982
            ],
            [
              79.023912,
              13.894956
            ],
            [
              79.029293,
              13.889083
            ],
            [
              79.082823,
              13.878804
            ],
            [
              79.096372,
              13.855904
            ],
            [
              79.096359,
              13.849952
            ],
            [
              79.126318,
              13.849618
            ],
            [
              79.148447,
              13.865552
            ]
          ]
        ]
      }
    },
    {
      "type": "Feature",
      "properties": {
        "OBJECTID_1": "       630",
        "OBJECTID_2": "       630",
        "OBJECTID_3": "       631",
        "OBJECTID": "       131",
        "DNAME": "CHITTOOR",
        "DMNAME": "KALAKADA",
        "SHAPE_LENG": "  1.07107938000e+05",
        "Shape_Le_1": "  1.07107933490e+05",
        "Shape_Le_2": "  1.04509679922e+05",
        "Shape_Le_3": "  1.00000000000e+02",
        "Shape_Area": "  1.00000000000e+02",
        "MaxSimpTol": "  0.00000000000e+00",
        "MinSimpTol": "  1.79864409215e-03"
      },
      "geometry": {
        "type": "Polygon",
        "coordinates": [
          [
            [
              78.859128,
              13.886303
            ],
            [
              78.852472,
              13.874236
            ],
            [
              78.852443,
              13.867359
            ],
            [
              78.832343,
              13.860689
            ],
            [
              78.820674,
              13.844143
            ],
            [
              78.82259,
              13.831882
            ],
            [
              78.820706,
              13.827176
            ],
            [
              78.816648,
              13.826133
            ],
            [
              78.82073,
              13.813872
            ],
            [
              78.810616,
              13.808321
            ],
            [
              78.811722,
              13.804009
            ],
            [
              78.809238,
              13.801557
            ],
            [
              78.808198,
              13.803692
            ],
            [
              78.787029,
              13.797018
            ],
            [
              78.78874,
              13.783054
            ],
            [
              78.780692,
              13.780756
            ],
            [
              78.784041,
              13.773107
            ],
            [
              78.779899,
              13.771226
            ],
            [
              78.754252,
              13.772042
            ],
            [
              78.751818,
              13.76977
            ],
            [
              78.751093,
              13.773931
            ],
            [
              78.742816,
              13.772752
            ],
            [
              78.733951,
              13.77645
            ],
            [
              78.72961,
              13.774144
            ],
            [
              78.744679,
              13.751639
            ],
            [
              78.733343,
              13.749581
            ],
            [
              78.732986,
              13.73301
            ],
            [
              78.723099,
              13.728629
            ],
            [
              78.709543,
              13.731871
            ],
            [
              78.708682,
              13.716626
            ],
            [
              78.691028,
              13.718671
            ],
            [
              78.684787,
              13.72192
            ],
            [
              78.675243,
              13.720309
            ],
            [
              78.666188,
              13.718612
            ],
            [
              78.665684,
              13.725164
            ],
            [
              78.655338,
              13.72707
            ],
            [
              78.654895,
              13.734444
            ],
            [
              78.640919,
              13.735518
            ],
            [
              78.634999,
              13.731414
            ],
            [
              78.629765,
              13.733879
            ],
            [
              78.630573,
              13.748907
            ],
            [
              78.627696,
              13.753195
            ],
            [
              78.631503,
              13.755354
            ],
            [
              78.624568,
              13.758065
            ],
            [
              78.624263,
              13.762233
            ],
            [
              78.636965,
              13.774606
            ],
            [
              78.655435,
              13.773721
            ],
            [
              78.660278,
              13.786876
            ],
            [
              78.658858,
              13.801087
            ],
            [
              78.666678,
              13.80449
            ],
            [
              78.675222,
              13.8025
            ],
            [
              78.676557,
              13.806473
            ],
            [
              78.680507,
              13.825992
            ],
            [
              78.671572,
              13.862642
            ],
            [
              78.669009,
              13.85915
            ],
            [
              78.663714,
              13.858481
            ],
            [
              78.655543,
              13.860809
            ],
            [
              78.653427,
              13.866585
            ],
            [
              78.68381,
              13.871711
            ],
            [
              78.698304,
              13.870949
            ],
            [
              78.708962,
              13.876897
            ],
            [
              78.706328,
              13.885549
            ],
            [
              78.712466,
              13.888604
            ],
            [
              78.729429,
              13.885423
            ],
            [
              78.729793,
              13.882423
            ],
            [
              78.739644,
              13.874645
            ],
            [
              78.740591,
              13.870079
            ],
            [
              78.746233,
              13.871129
            ],
            [
              78.751338,
              13.858079
            ],
            [
              78.751185,
              13.84798
            ],
            [
              78.75557,
              13.844859
            ],
            [
              78.75913,
              13.834728
            ],
            [
              78.771365,
              13.827133
            ],
            [
              78.783755,
              13.829406
            ],
            [
              78.785746,
              13.836222
            ],
            [
              78.783116,
              13.842602
            ],
            [
              78.788558,
              13.85378
            ],
            [
              78.780459,
              13.864302
            ],
            [
              78.797437,
              13.877057
            ],
            [
              78.798099,
              13.880642
            ],
            [
              78.821855,
              13.881949
            ],
            [
              78.838949,
              13.88693
            ],
            [
              78.859128,
              13.886303
            ]
          ]
        ]
      }
    },
    {
      "type": "Feature",
      "properties": {
        "OBJECTID_1": "       632",
        "OBJECTID_2": "       632",
        "OBJECTID_3": "       633",
        "OBJECTID": "       152",
        "DNAME": "CHITTOOR",
        "DMNAME": "PILERU",
        "SHAPE_LENG": "  1.38056438000e+05",
        "Shape_Le_1": "  1.38056437456e+05",
        "Shape_Le_2": "  1.34994487313e+05",
        "Shape_Le_3": "  1.00000000000e+02",
        "Shape_Area": "  1.00000000000e+02",
        "MaxSimpTol": "  0.00000000000e+00",
        "MinSimpTol": "  1.79864409215e-03"
      },
      "geometry": {
        "type": "Polygon",
        "coordinates": [
          [
            [
              79.021327,
              13.855502
            ],
            [
              79.025576,
              13.849633
            ],
            [
              79.01888,
              13.844848
            ],
            [
              79.010788,
              13.844144
            ],
            [
              79.015106,
              13.83413
            ],
            [
              79.014139,
              13.825916
            ],
            [
              79.021202,
              13.825147
            ],
            [
              79.026985,
              13.817307
            ],
            [
              79.037221,
              13.818795
            ],
            [
              79.042348,
              13.814509
            ],
            [
              79.040885,
              13.803854
            ],
            [
              79.024219,
              13.801588
            ],
            [
              79.021423,
              13.782902
            ],
            [
              79.026374,
              13.774011
            ],
            [
              79.038831,
              13.771892
            ],
            [
              79.036773,
              13.760956
            ],
            [
              79.038728,
              13.746566
            ],
            [
              79.031239,
              13.742022
            ],
            [
              79.016762,
              13.741161
            ],
            [
              79.0034,
              13.7259
            ],
            [
              78.977938,
              13.720181
            ],
            [
              78.97604,
              13.709758
            ],
            [
              78.978529,
              13.692091
            ],
            [
              78.984755,
              13.687262
            ],
            [
              78.986442,
              13.677267
            ],
            [
              78.991805,
              13.676832
            ],
            [
              78.995948,
              13.668303
            ],
            [
              78.994233,
              13.66403
            ],
            [
              78.987512,
              13.663628
            ],
            [
              78.982723,
              13.65633
            ],
            [
              78.976529,
              13.656457
            ],
            [
              78.976682,
              13.654146
            ],
            [
              78.980146,
              13.650597
            ],
            [
              78.991107,
              13.65393
            ],
            [
              78.994007,
              13.641683
            ],
            [
              78.997402,
              13.639532
            ],
            [
              78.99593,
              13.636618
            ],
            [
              78.996679,
              13.631305
            ],
            [
              78.978943,
              13.629964
            ],
            [
              78.967258,
              13.624689
            ],
            [
              78.973812,
              13.613593
            ],
            [
              78.973508,
              13.603488
            ],
            [
              78.969734,
              13.593848
            ],
            [
              78.959702,
              13.593816
            ],
            [
              78.953891,
              13.582527
            ],
            [
              78.934994,
              13.593423
            ],
            [
              78.927894,
              13.581979
            ],
            [
              78.921836,
              13.580149
            ],
            [
              78.91005,
              13.581053
            ],
            [
              78.89795,
              13.594135
            ],
            [
              78.879374,
              13.592787
            ],
            [
              78.87314,
              13.598286
            ],
            [
              78.87182,
              13.605869
            ],
            [
              78.878493,
              13.619342
            ],
            [
              78.88661,
              13.625154
            ],
            [
              78.880099,
              13.650687
            ],
            [
              78.882051,
              13.659788
            ],
            [
              78.86266,
              13.658377
            ],
            [
              78.862551,
              13.66605
            ],
            [
              78.852633,
              13.678124
            ],
            [
              78.854198,
              13.671782
            ],
            [
              78.851591,
              13.656272
            ],
            [
              78.84535,
              13.656952
            ],
            [
              78.843091,
              13.664114
            ],
            [
              78.833342,
              13.666371
            ],
            [
              78.842418,
              13.681619
            ],
            [
              78.858512,
              13.697117
            ],
            [
              78.86399,
              13.698719
            ],
            [
              78.86144,
              13.709735
            ],
            [
              78.863575,
              13.716346
            ],
            [
              78.874133,
              13.714575
            ],
            [
              78.881807,
              13.723151
            ],
            [
              78.899634,
              13.724766
            ],
            [
              78.903229,
              13.71048
            ],
            [
              78.929623,
              13.711601
            ],
            [
              78.928148,
              13.731226
            ],
            [
              78.922166,
              13.732602
            ],
            [
              78.923066,
              13.739304
            ],
            [
              78.928199,
              13.740429
            ],
            [
              78.918038,
              13.742743
            ],
            [
              78.917412,
              13.747784
            ],
            [
              78.925444,
              13.751526
            ],
            [
              78.924589,
              13.755573
            ],
            [
              78.928373,
              13.753376
            ],
            [
              78.93993,
              13.75471
            ],
            [
              78.938013,
              13.771055
            ],
            [
              78.945106,
              13.775195
            ],
            [
              78.943481,
              13.778415
            ],
            [
              78.946767,
              13.793559
            ],
            [
              78.952791,
              13.802472
            ],
            [
              78.947238,
              13.808106
            ],
            [
              78.944657,
              13.820404
            ],
            [
              78.959722,
              13.821164
            ],
            [
              78.958372,
              13.825613
            ],
            [
              78.961194,
              13.828533
            ],
            [
              78.956745,
              13.835924
            ],
            [
              78.965868,
              13.838728
            ],
            [
              78.965661,
              13.84881
            ],
            [
              78.976634,
              13.869391
            ],
            [
              78.971597,
              13.882128
            ],
            [
              78.989164,
              13.886324
            ],
            [
              78.995175,
              13.87983
            ],
            [
              78.984249,
              13.854056
            ],
            [
              79.017376,
              13.857731
            ],
            [
              79.021327,
              13.855502
            ]
          ]
        ]
      }
    },
    {
      "type": "Feature",
      "properties": {
        "OBJECTID_1": "       635",
        "OBJECTID_2": "       635",
        "OBJECTID_3": "       636",
        "OBJECTID": "       180",
        "DNAME": "CHITTOOR",
        "DMNAME": "YERPEDU",
        "SHAPE_LENG": "  9.36361950000e+04",
        "Shape_Le_1": "  9.36361946210e+04",
        "Shape_Le_2": "  9.24306152377e+04",
        "Shape_Le_3": "  1.00000000000e+02",
        "Shape_Area": "  1.00000000000e+02",
        "MaxSimpTol": "  0.00000000000e+00",
        "MinSimpTol": "  1.79864409215e-03"
      },
      "geometry": {
        "type": "Polygon",
        "coordinates": [
          [
            [
              79.653518,
              13.651594
            ],
            [
              79.651379,
              13.642361
            ],
            [
              79.641915,
              13.642103
            ],
            [
              79.645136,
              13.633983
            ],
            [
              79.636452,
              13.624825
            ],
            [
              79.636112,
              13.617619
            ],
            [
              79.619739,
              13.615842
            ],
            [
              79.62248,
              13.606856
            ],
            [
              79.618617,
              13.595265
            ],
            [
              79.60386,
              13.5977
            ],
            [
              79.591661,
              13.588847
            ],
            [
              79.589801,
              13.583897
            ],
            [
              79.580856,
              13.581251
            ],
            [
              79.577952,
              13.576519
            ],
            [
              79.573734,
              13.57804
            ],
            [
              79.568809,
              13.572861
            ],
            [
              79.562045,
              13.572152
            ],
            [
              79.558352,
              13.577401
            ],
            [
              79.559264,
              13.58622
            ],
            [
              79.547726,
              13.586229
            ],
            [
              79.537097,
              13.601902
            ],
            [
              79.537126,
              13.606377
            ],
            [
              79.545844,
              13.605449
            ],
            [
              79.549686,
              13.609102
            ],
            [
              79.547097,
              13.622179
            ],
            [
              79.544389,
              13.622313
            ],
            [
              79.542148,
              13.645212
            ],
            [
              79.557995,
              13.64631
            ],
            [
              79.568863,
              13.643384
            ],
            [
              79.566432,
              13.664214
            ],
            [
              79.55671,
              13.684657
            ],
            [
              79.557708,
              13.688153
            ],
            [
              79.55339,
              13.692476
            ],
            [
              79.566551,
              13.699687
            ],
            [
              79.568639,
              13.704252
            ],
            [
              79.550993,
              13.775197
            ],
            [
              79.543653,
              13.78628
            ],
            [
              79.553871,
              13.791598
            ],
            [
              79.556199,
              13.810014
            ],
            [
              79.567128,
              13.80661
            ],
            [
              79.57685,
              13.808132
            ],
            [
              79.57458,
              13.825038
            ],
            [
              79.577444,
              13.836251
            ],
            [
              79.587564,
              13.832806
            ],
            [
              79.598697,
              13.8355
            ],
            [
              79.599863,
              13.812337
            ],
            [
              79.592751,
              13.805897
            ],
            [
              79.596383,
              13.798526
            ],
            [
              79.594287,
              13.795804
            ],
            [
              79.610298,
              13.781247
            ],
            [
              79.615796,
              13.77992
            ],
            [
              79.626235,
              13.783471
            ],
            [
              79.631802,
              13.781585
            ],
            [
              79.635428,
              13.773964
            ],
            [
              79.640705,
              13.772689
            ],
            [
              79.630627,
              13.763076
            ],
            [
              79.622543,
              13.76349
            ],
            [
              79.629496,
              13.746884
            ],
            [
              79.624898,
              13.744562
            ],
            [
              79.626891,
              13.737938
            ],
            [
              79.622211,
              13.731888
            ],
            [
              79.626935,
              13.718914
            ],
            [
              79.614432,
              13.708336
            ],
            [
              79.613009,
              13.698689
            ],
            [
              79.621895,
              13.691583
            ],
            [
              79.627679,
              13.681835
            ],
            [
              79.641033,
              13.679714
            ],
            [
              79.645668,
              13.684499
            ],
            [
              79.64953,
              13.673094
            ],
            [
              79.653611,
              13.669416
            ],
            [
              79.653518,
              13.651594
            ]
          ]
        ]
      }
    },
    {
      "type": "Feature",
      "properties": {
        "OBJECTID_1": "       637",
        "OBJECTID_2": "       637",
        "OBJECTID_3": "       638",
        "OBJECTID": "       147",
        "DNAME": "CHITTOOR",
        "DMNAME": "PEDDA THIPPASAMUDRAM",
        "SHAPE_LENG": "  1.06965000000e+05",
        "Shape_Le_1": "  1.06964990922e+05",
        "Shape_Le_2": "  1.04658174898e+05",
        "Shape_Le_3": "  1.00000000000e+02",
        "Shape_Area": "  1.00000000000e+02",
        "MaxSimpTol": "  0.00000000000e+00",
        "MinSimpTol": "  1.79864409215e-03"
      },
      "geometry": {
        "type": "Polygon",
        "coordinates": [
          [
            [
              78.236519,
              13.780085
            ],
            [
              78.241117,
              13.763773
            ],
            [
              78.254088,
              13.764478
            ],
            [
              78.267678,
              13.755899
            ],
            [
              78.269599,
              13.752114
            ],
            [
              78.266151,
              13.745953
            ],
            [
              78.271401,
              13.740015
            ],
            [
              78.269615,
              13.736276
            ],
            [
              78.274773,
              13.734465
            ],
            [
              78.283738,
              13.719594
            ],
            [
              78.289125,
              13.719711
            ],
            [
              78.285805,
              13.700467
            ],
            [
              78.286476,
              13.693902
            ],
            [
              78.28189,
              13.679073
            ],
            [
              78.254313,
              13.682855
            ],
            [
              78.255054,
              13.692739
            ],
            [
              78.229934,
              13.693893
            ],
            [
              78.227637,
              13.676269
            ],
            [
              78.217045,
              13.669705
            ],
            [
              78.215732,
              13.66441
            ],
            [
              78.218921,
              13.643914
            ],
            [
              78.228779,
              13.628565
            ],
            [
              78.221291,
              13.606177
            ],
            [
              78.214965,
              13.605843
            ],
            [
              78.212654,
              13.601857
            ],
            [
              78.211653,
              13.594635
            ],
            [
              78.216197,
              13.590606
            ],
            [
              78.214294,
              13.582995
            ],
            [
              78.202905,
              13.568244
            ],
            [
              78.193254,
              13.564396
            ],
            [
              78.189745,
              13.57128
            ],
            [
              78.190031,
              13.589448
            ],
            [
              78.20288,
              13.605086
            ],
            [
              78.203945,
              13.628351
            ],
            [
              78.168383,
              13.632639
            ],
            [
              78.169274,
              13.653785
            ],
            [
              78.156076,
              13.658469
            ],
            [
              78.146819,
              13.656694
            ],
            [
              78.131208,
              13.659357
            ],
            [
              78.125306,
              13.65584
            ],
            [
              78.114108,
              13.657467
            ],
            [
              78.102371,
              13.651179
            ],
            [
              78.099187,
              13.643057
            ],
            [
              78.087316,
              13.64306
            ],
            [
              78.089554,
              13.659774
            ],
            [
              78.077689,
              13.668376
            ],
            [
              78.077101,
              13.673497
            ],
            [
              78.066063,
              13.676934
            ],
            [
              78.073677,
              13.687475
            ],
            [
              78.06966,
              13.690777
            ],
            [
              78.070892,
              13.698438
            ],
            [
              78.092391,
              13.690999
            ],
            [
              78.113501,
              13.692461
            ],
            [
              78.115072,
              13.703447
            ],
            [
              78.120988,
              13.715401
            ],
            [
              78.104654,
              13.736537
            ],
            [
              78.091741,
              13.742279
            ],
            [
              78.099727,
              13.758402
            ],
            [
              78.117061,
              13.768922
            ],
            [
              78.125178,
              13.78668
            ],
            [
              78.147901,
              13.782157
            ],
            [
              78.151563,
              13.786765
            ],
            [
              78.163267,
              13.784572
            ],
            [
              78.182518,
              13.786345
            ],
            [
              78.187873,
              13.789668
            ],
            [
              78.193346,
              13.786148
            ],
            [
              78.201254,
              13.787424
            ],
            [
              78.208596,
              13.78216
            ],
            [
              78.236519,
              13.780085
            ]
          ]
        ]
      }
    },
    {
      "type": "Feature",
      "properties": {
        "OBJECTID_1": "       638",
        "OBJECTID_2": "       638",
        "OBJECTID_3": "       639",
        "OBJECTID": "       119",
        "DNAME": "CHITTOOR",
        "DMNAME": "BUCHINAIDU  KANDRIGA",
        "SHAPE_LENG": "  9.04217890000e+04",
        "Shape_Le_1": "  9.04217914888e+04",
        "Shape_Le_2": "  8.90043869499e+04",
        "Shape_Le_3": "  1.00000000000e+02",
        "Shape_Area": "  1.00000000000e+02",
        "MaxSimpTol": "  0.00000000000e+00",
        "MinSimpTol": "  1.79864409215e-03"
      },
      "geometry": {
        "type": "Polygon",
        "coordinates": [
          [
            [
              79.850558,
              13.769753
            ],
            [
              79.85087,
              13.758763
            ],
            [
              79.860418,
              13.756114
            ],
            [
              79.860943,
              13.744738
            ],
            [
              79.857805,
              13.739785
            ],
            [
              79.866758,
              13.734925
            ],
            [
              79.862902,
              13.718668
            ],
            [
              79.87001,
              13.706124
            ],
            [
              79.88144,
              13.704648
            ],
            [
              79.884795,
              13.700534
            ],
            [
              79.906764,
              13.702605
            ],
            [
              79.910732,
              13.695856
            ],
            [
              79.910203,
              13.684616
            ],
            [
              79.904852,
              13.681518
            ],
            [
              79.900127,
              13.675664
            ],
            [
              79.899031,
              13.669012
            ],
            [
              79.894586,
              13.667913
            ],
            [
              79.892392,
              13.663858
            ],
            [
              79.895949,
              13.654714
            ],
            [
              79.902203,
              13.65148
            ],
            [
              79.902845,
              13.645899
            ],
            [
              79.908924,
              13.642463
            ],
            [
              79.912877,
              13.635692
            ],
            [
              79.907617,
              13.631396
            ],
            [
              79.914524,
              13.615803
            ],
            [
              79.910178,
              13.614301
            ],
            [
              79.905297,
              13.6174
            ],
            [
              79.899656,
              13.613635
            ],
            [
              79.886913,
              13.615235
            ],
            [
              79.882329,
              13.618665
            ],
            [
              79.872228,
              13.618582
            ],
            [
              79.876897,
              13.625915
            ],
            [
              79.880145,
              13.647132
            ],
            [
              79.876294,
              13.647447
            ],
            [
              79.875629,
              13.650529
            ],
            [
              79.861379,
              13.647354
            ],
            [
              79.861474,
              13.658043
            ],
            [
              79.856136,
              13.660389
            ],
            [
              79.845623,
              13.672807
            ],
            [
              79.835146,
              13.672414
            ],
            [
              79.837943,
              13.677237
            ],
            [
              79.837113,
              13.694079
            ],
            [
              79.831775,
              13.693517
            ],
            [
              79.834593,
              13.702242
            ],
            [
              79.831855,
              13.705368
            ],
            [
              79.820995,
              13.707823
            ],
            [
              79.819822,
              13.705113
            ],
            [
              79.817693,
              13.707845
            ],
            [
              79.807674,
              13.708857
            ],
            [
              79.792357,
              13.699576
            ],
            [
              79.779197,
              13.697133
            ],
            [
              79.765702,
              13.711623
            ],
            [
              79.772481,
              13.713349
            ],
            [
              79.77256,
              13.724705
            ],
            [
              79.750403,
              13.719925
            ],
            [
              79.747679,
              13.724947
            ],
            [
              79.736736,
              13.722829
            ],
            [
              79.733128,
              13.727922
            ],
            [
              79.742684,
              13.745231
            ],
            [
              79.759538,
              13.740933
            ],
            [
              79.780491,
              13.743809
            ],
            [
              79.781955,
              13.746271
            ],
            [
              79.778469,
              13.750612
            ],
            [
              79.787281,
              13.756155
            ],
            [
              79.769992,
              13.763105
            ],
            [
              79.769075,
              13.768286
            ],
            [
              79.773809,
              13.772796
            ],
            [
              79.781374,
              13.768432
            ],
            [
              79.801543,
              13.768145
            ],
            [
              79.803355,
              13.776824
            ],
            [
              79.808471,
              13.776858
            ],
            [
              79.811817,
              13.780755
            ],
            [
              79.817531,
              13.775124
            ],
            [
              79.827264,
              13.77332
            ],
            [
              79.842894,
              13.801128
            ],
            [
              79.847257,
              13.802427
            ],
            [
              79.850663,
              13.791196
            ],
            [
              79.848229,
              13.783088
            ],
            [
              79.852943,
              13.779874
            ],
            [
              79.8491,
              13.773585
            ],
            [
              79.850558,
              13.769753
            ]
          ]
        ]
      }
    },
    {
      "type": "Feature",
      "properties": {
        "OBJECTID_1": "       639",
        "OBJECTID_2": "       639",
        "OBJECTID_3": "       640",
        "OBJECTID": "       160",
        "DNAME": "CHITTOOR",
        "DMNAME": "RENIGUNTA",
        "SHAPE_LENG": "  9.57481020000e+04",
        "Shape_Le_1": "  9.57481051377e+04",
        "Shape_Le_2": "  9.38287872387e+04",
        "Shape_Le_3": "  1.00000000000e+02",
        "Shape_Area": "  1.00000000000e+02",
        "MaxSimpTol": "  0.00000000000e+00",
        "MinSimpTol": "  1.79864409215e-03"
      },
      "geometry": {
        "type": "Polygon",
        "coordinates": [
          [
            [
              79.55339,
              13.692476
            ],
            [
              79.557708,
              13.688153
            ],
            [
              79.55671,
              13.684657
            ],
            [
              79.566432,
              13.664214
            ],
            [
              79.568863,
              13.643384
            ],
            [
              79.557995,
              13.64631
            ],
            [
              79.542148,
              13.645212
            ],
            [
              79.544389,
              13.622313
            ],
            [
              79.547097,
              13.622179
            ],
            [
              79.549686,
              13.609102
            ],
            [
              79.545844,
              13.605449
            ],
            [
              79.537126,
              13.606377
            ],
            [
              79.537097,
              13.601902
            ],
            [
              79.530879,
              13.587402
            ],
            [
              79.536692,
              13.578035
            ],
            [
              79.537213,
              13.571294
            ],
            [
              79.528293,
              13.562762
            ],
            [
              79.520689,
              13.562593
            ],
            [
              79.517165,
              13.565747
            ],
            [
              79.514566,
              13.559629
            ],
            [
              79.502744,
              13.560529
            ],
            [
              79.499087,
              13.573711
            ],
            [
              79.49329,
              13.575292
            ],
            [
              79.49358,
              13.578036
            ],
            [
              79.486714,
              13.580704
            ],
            [
              79.475108,
              13.578445
            ],
            [
              79.478927,
              13.583701
            ],
            [
              79.477818,
              13.595106
            ],
            [
              79.464475,
              13.607062
            ],
            [
              79.472632,
              13.618367
            ],
            [
              79.478612,
              13.618419
            ],
            [
              79.477822,
              13.632421
            ],
            [
              79.48688,
              13.640855
            ],
            [
              79.483811,
              13.653852
            ],
            [
              79.489583,
              13.656125
            ],
            [
              79.486874,
              13.661423
            ],
            [
              79.484258,
              13.664048
            ],
            [
              79.463774,
              13.660365
            ],
            [
              79.454995,
              13.66265
            ],
            [
              79.453442,
              13.680153
            ],
            [
              79.444388,
              13.683953
            ],
            [
              79.432686,
              13.693986
            ],
            [
              79.423729,
              13.708026
            ],
            [
              79.430539,
              13.707601
            ],
            [
              79.447621,
              13.716794
            ],
            [
              79.454249,
              13.713038
            ],
            [
              79.464627,
              13.717496
            ],
            [
              79.482648,
              13.717896
            ],
            [
              79.483295,
              13.722739
            ],
            [
              79.46353,
              13.741398
            ],
            [
              79.46016,
              13.740122
            ],
            [
              79.455026,
              13.742793
            ],
            [
              79.454216,
              13.748866
            ],
            [
              79.446886,
              13.751717
            ],
            [
              79.43928,
              13.760036
            ],
            [
              79.417787,
              13.76675
            ],
            [
              79.419392,
              13.777261
            ],
            [
              79.415416,
              13.778022
            ],
            [
              79.420017,
              13.785086
            ],
            [
              79.426459,
              13.785289
            ],
            [
              79.428942,
              13.781796
            ],
            [
              79.438993,
              13.779148
            ],
            [
              79.44853,
              13.779906
            ],
            [
              79.456312,
              13.783331
            ],
            [
              79.470517,
              13.796976
            ],
            [
              79.485641,
              13.787587
            ],
            [
              79.492156,
              13.780043
            ],
            [
              79.512078,
              13.771685
            ],
            [
              79.522255,
              13.758099
            ],
            [
              79.52079,
              13.762225
            ],
            [
              79.522872,
              13.76065
            ],
            [
              79.539101,
              13.73299
            ],
            [
              79.552688,
              13.719042
            ],
            [
              79.55339,
              13.692476
            ]
          ]
        ]
      }
    },
    {
      "type": "Feature",
      "properties": {
        "OBJECTID_1": "       640",
        "OBJECTID_2": "       640",
        "OBJECTID_3": "       641",
        "OBJECTID": "       132",
        "DNAME": "CHITTOOR",
        "DMNAME": "KALIKIRI",
        "SHAPE_LENG": "  9.26341090000e+04",
        "Shape_Le_1": "  9.26341118240e+04",
        "Shape_Le_2": "  9.04406549534e+04",
        "Shape_Le_3": "  1.00000000000e+02",
        "Shape_Area": "  1.00000000000e+02",
        "MaxSimpTol": "  0.00000000000e+00",
        "MinSimpTol": "  1.79864409215e-03"
      },
      "geometry": {
        "type": "Polygon",
        "coordinates": [
          [
            [
              78.78874,
              13.783054
            ],
            [
              78.793058,
              13.781809
            ],
            [
              78.795263,
              13.775538
            ],
            [
              78.814709,
              13.773058
            ],
            [
              78.824077,
              13.767563
            ],
            [
              78.818631,
              13.759534
            ],
            [
              78.815628,
              13.735287
            ],
            [
              78.825111,
              13.727014
            ],
            [
              78.854764,
              13.722663
            ],
            [
              78.851422,
              13.727685
            ],
            [
              78.85573,
              13.741729
            ],
            [
              78.867486,
              13.739364
            ],
            [
              78.873338,
              13.734979
            ],
            [
              78.875741,
              13.724307
            ],
            [
              78.865215,
              13.722724
            ],
            [
              78.863575,
              13.716346
            ],
            [
              78.86144,
              13.709735
            ],
            [
              78.86399,
              13.698719
            ],
            [
              78.858512,
              13.697117
            ],
            [
              78.842418,
              13.681619
            ],
            [
              78.833342,
              13.666371
            ],
            [
              78.843091,
              13.664114
            ],
            [
              78.84535,
              13.656952
            ],
            [
              78.851591,
              13.656272
            ],
            [
              78.851362,
              13.649277
            ],
            [
              78.828868,
              13.629298
            ],
            [
              78.818227,
              13.612405
            ],
            [
              78.79634,
              13.613745
            ],
            [
              78.796028,
              13.606229
            ],
            [
              78.801148,
              13.599445
            ],
            [
              78.804261,
              13.587011
            ],
            [
              78.802744,
              13.581854
            ],
            [
              78.787967,
              13.580925
            ],
            [
              78.760448,
              13.585508
            ],
            [
              78.767962,
              13.59846
            ],
            [
              78.763666,
              13.600512
            ],
            [
              78.753032,
              13.595862
            ],
            [
              78.757746,
              13.599626
            ],
            [
              78.754023,
              13.608205
            ],
            [
              78.759385,
              13.614682
            ],
            [
              78.760712,
              13.624375
            ],
            [
              78.764266,
              13.629289
            ],
            [
              78.780783,
              13.625671
            ],
            [
              78.779516,
              13.637359
            ],
            [
              78.791254,
              13.666808
            ],
            [
              78.787065,
              13.675024
            ],
            [
              78.76237,
              13.67927
            ],
            [
              78.767381,
              13.686363
            ],
            [
              78.76822,
              13.695907
            ],
            [
              78.766114,
              13.694047
            ],
            [
              78.767327,
              13.697407
            ],
            [
              78.763092,
              13.70198
            ],
            [
              78.765052,
              13.705269
            ],
            [
              78.751373,
              13.714561
            ],
            [
              78.739234,
              13.729324
            ],
            [
              78.732986,
              13.73301
            ],
            [
              78.733343,
              13.749581
            ],
            [
              78.744679,
              13.751639
            ],
            [
              78.72961,
              13.774144
            ],
            [
              78.733951,
              13.77645
            ],
            [
              78.742816,
              13.772752
            ],
            [
              78.751093,
              13.773931
            ],
            [
              78.751818,
              13.76977
            ],
            [
              78.754252,
              13.772042
            ],
            [
              78.779899,
              13.771226
            ],
            [
              78.784041,
              13.773107
            ],
            [
              78.780692,
              13.780756
            ],
            [
              78.78874,
              13.783054
            ]
          ]
        ]
      }
    },
    {
      "type": "Feature",
      "properties": {
        "OBJECTID_1": "       641",
        "OBJECTID_2": "       641",
        "OBJECTID_3": "       642",
        "OBJECTID": "       161",
        "DNAME": "CHITTOOR",
        "DMNAME": "ROMPICHERLA1",
        "SHAPE_LENG": "  5.98935900000e+04",
        "Shape_Le_1": "  5.98935889160e+04",
        "Shape_Le_2": "  5.83478935289e+04",
        "Shape_Le_3": "  1.00000000000e+02",
        "Shape_Area": "  1.00000000000e+02",
        "MaxSimpTol": "  0.00000000000e+00",
        "MinSimpTol": "  1.79864409215e-03"
      },
      "geometry": {
        "type": "Polygon",
        "coordinates": [
          [
            [
              79.092775,
              13.724472
            ],
            [
              79.084939,
              13.697905
            ],
            [
              79.077382,
              13.685178
            ],
            [
              79.075479,
              13.663308
            ],
            [
              79.073184,
              13.658166
            ],
            [
              79.053193,
              13.646325
            ],
            [
              79.052922,
              13.626124
            ],
            [
              79.049239,
              13.618371
            ],
            [
              79.035318,
              13.617011
            ],
            [
              79.026498,
              13.626275
            ],
            [
              79.013598,
              13.63019
            ],
            [
              79.008081,
              13.640373
            ],
            [
              78.99593,
              13.636618
            ],
            [
              78.997402,
              13.639532
            ],
            [
              78.994007,
              13.641683
            ],
            [
              78.991107,
              13.65393
            ],
            [
              78.980146,
              13.650597
            ],
            [
              78.976682,
              13.654146
            ],
            [
              78.976529,
              13.656457
            ],
            [
              78.982723,
              13.65633
            ],
            [
              78.987512,
              13.663628
            ],
            [
              78.994233,
              13.66403
            ],
            [
              78.995948,
              13.668303
            ],
            [
              78.991805,
              13.676832
            ],
            [
              78.986442,
              13.677267
            ],
            [
              78.984755,
              13.687262
            ],
            [
              78.978529,
              13.692091
            ],
            [
              78.97604,
              13.709758
            ],
            [
              78.977938,
              13.720181
            ],
            [
              79.0034,
              13.7259
            ],
            [
              79.016762,
              13.741161
            ],
            [
              79.031239,
              13.742022
            ],
            [
              79.038728,
              13.746566
            ],
            [
              79.036773,
              13.760956
            ],
            [
              79.038831,
              13.771892
            ],
            [
              79.045467,
              13.776221
            ],
            [
              79.066769,
              13.78152
            ],
            [
              79.073604,
              13.779356
            ],
            [
              79.088768,
              13.78164
            ],
            [
              79.090944,
              13.770173
            ],
            [
              79.085156,
              13.762109
            ],
            [
              79.082163,
              13.738688
            ],
            [
              79.090333,
              13.730898
            ],
            [
              79.092775,
              13.724472
            ]
          ]
        ]
      }
    },
    {
      "type": "Feature",
      "properties": {
        "OBJECTID_1": "       643",
        "OBJECTID_2": "       643",
        "OBJECTID_3": "       644",
        "OBJECTID": "       172",
        "DNAME": "CHITTOOR",
        "DMNAME": "TIRUPATI (URBAN)",
        "SHAPE_LENG": "  9.68918280000e+04",
        "Shape_Le_1": "  9.68918280683e+04",
        "Shape_Le_2": "  9.53831388652e+04",
        "Shape_Le_3": "  1.00000000000e+02",
        "Shape_Area": "  1.00000000000e+02",
        "MaxSimpTol": "  0.00000000000e+00",
        "MinSimpTol": "  1.79864409215e-03"
      },
      "geometry": {
        "type": "Polygon",
        "coordinates": [
          [
            [
              79.477822,
              13.632421
            ],
            [
              79.460435,
              13.628351
            ],
            [
              79.452139,
              13.620247
            ],
            [
              79.436123,
              13.619705
            ],
            [
              79.427064,
              13.614647
            ],
            [
              79.418566,
              13.622943
            ],
            [
              79.417881,
              13.617275
            ],
            [
              79.411902,
              13.612952
            ],
            [
              79.393308,
              13.613974
            ],
            [
              79.381133,
              13.624022
            ],
            [
              79.36967,
              13.621936
            ],
            [
              79.361623,
              13.624206
            ],
            [
              79.358032,
              13.621223
            ],
            [
              79.352067,
              13.622558
            ],
            [
              79.350878,
              13.619977
            ],
            [
              79.332031,
              13.618794
            ],
            [
              79.328217,
              13.622818
            ],
            [
              79.326907,
              13.614418
            ],
            [
              79.321346,
              13.617889
            ],
            [
              79.316516,
              13.62612
            ],
            [
              79.314892,
              13.624323
            ],
            [
              79.31921,
              13.6188
            ],
            [
              79.311866,
              13.616643
            ],
            [
              79.293223,
              13.624646
            ],
            [
              79.287171,
              13.638717
            ],
            [
              79.276057,
              13.644939
            ],
            [
              79.269984,
              13.652748
            ],
            [
              79.268356,
              13.666904
            ],
            [
              79.262991,
              13.676986
            ],
            [
              79.263362,
              13.693573
            ],
            [
              79.258357,
              13.698012
            ],
            [
              79.260717,
              13.718173
            ],
            [
              79.258786,
              13.722337
            ],
            [
              79.265683,
              13.747267
            ],
            [
              79.260593,
              13.759769
            ],
            [
              79.292392,
              13.758569
            ],
            [
              79.305467,
              13.722959
            ],
            [
              79.361059,
              13.747868
            ],
            [
              79.372197,
              13.755315
            ],
            [
              79.392149,
              13.760779
            ],
            [
              79.413324,
              13.762555
            ],
            [
              79.417787,
              13.76675
            ],
            [
              79.43928,
              13.760036
            ],
            [
              79.446886,
              13.751717
            ],
            [
              79.454216,
              13.748866
            ],
            [
              79.455026,
              13.742793
            ],
            [
              79.46016,
              13.740122
            ],
            [
              79.46353,
              13.741398
            ],
            [
              79.483295,
              13.722739
            ],
            [
              79.482648,
              13.717896
            ],
            [
              79.464627,
              13.717496
            ],
            [
              79.454249,
              13.713038
            ],
            [
              79.447621,
              13.716794
            ],
            [
              79.430539,
              13.707601
            ],
            [
              79.423729,
              13.708026
            ],
            [
              79.432686,
              13.693986
            ],
            [
              79.444388,
              13.683953
            ],
            [
              79.453442,
              13.680153
            ],
            [
              79.454995,
              13.66265
            ],
            [
              79.463774,
              13.660365
            ],
            [
              79.484258,
              13.664048
            ],
            [
              79.486874,
              13.661423
            ],
            [
              79.489583,
              13.656125
            ],
            [
              79.483811,
              13.653852
            ],
            [
              79.48688,
              13.640855
            ],
            [
              79.477822,
              13.632421
            ]
          ]
        ]
      }
    },
    {
      "type": "Feature",
      "properties": {
        "OBJECTID_1": "       644",
        "OBJECTID_2": "       644",
        "OBJECTID_3": "       645",
        "OBJECTID": "       120",
        "DNAME": "CHITTOOR",
        "DMNAME": "CHANDRAGIRI",
        "SHAPE_LENG": "  1.94476313000e+05",
        "Shape_Le_1": "  1.94476311738e+05",
        "Shape_Le_2": "  1.90711936643e+05",
        "Shape_Le_3": "  1.00000000000e+02",
        "Shape_Area": "  1.00000000000e+02",
        "MaxSimpTol": "  0.00000000000e+00",
        "MinSimpTol": "  1.79864409215e-03"
      },
      "geometry": {
        "type": "Polygon",
        "coordinates": [
          [
            [
              79.260593,
              13.759769
            ],
            [
              79.265683,
              13.747267
            ],
            [
              79.258786,
              13.722337
            ],
            [
              79.260717,
              13.718173
            ],
            [
              79.258357,
              13.698012
            ],
            [
              79.263362,
              13.693573
            ],
            [
              79.262991,
              13.676986
            ],
            [
              79.268356,
              13.666904
            ],
            [
              79.269984,
              13.652748
            ],
            [
              79.276057,
              13.644939
            ],
            [
              79.287171,
              13.638717
            ],
            [
              79.293223,
              13.624646
            ],
            [
              79.311866,
              13.616643
            ],
            [
              79.31921,
              13.6188
            ],
            [
              79.314892,
              13.624323
            ],
            [
              79.316516,
              13.62612
            ],
            [
              79.321346,
              13.617889
            ],
            [
              79.326907,
              13.614418
            ],
            [
              79.328217,
              13.622818
            ],
            [
              79.332031,
              13.618794
            ],
            [
              79.331546,
              13.607719
            ],
            [
              79.336749,
              13.600863
            ],
            [
              79.335301,
              13.598937
            ],
            [
              79.349764,
              13.5882
            ],
            [
              79.353343,
              13.581879
            ],
            [
              79.371665,
              13.574164
            ],
            [
              79.371972,
              13.568008
            ],
            [
              79.346132,
              13.564201
            ],
            [
              79.340403,
              13.568274
            ],
            [
              79.326127,
              13.56036
            ],
            [
              79.310457,
              13.542664
            ],
            [
              79.308137,
              13.517998
            ],
            [
              79.304079,
              13.516041
            ],
            [
              79.289496,
              13.518268
            ],
            [
              79.281319,
              13.514985
            ],
            [
              79.248673,
              13.516953
            ],
            [
              79.24502,
              13.514844
            ],
            [
              79.247849,
              13.482649
            ],
            [
              79.257453,
              13.47811
            ],
            [
              79.260087,
              13.470117
            ],
            [
              79.255163,
              13.455626
            ],
            [
              79.241595,
              13.448806
            ],
            [
              79.239804,
              13.441123
            ],
            [
              79.230017,
              13.44328
            ],
            [
              79.228085,
              13.448872
            ],
            [
              79.226195,
              13.443575
            ],
            [
              79.217074,
              13.437136
            ],
            [
              79.21982,
              13.435272
            ],
            [
              79.228843,
              13.437755
            ],
            [
              79.233421,
              13.433863
            ],
            [
              79.239804,
              13.437392
            ],
            [
              79.242141,
              13.426252
            ],
            [
              79.258412,
              13.423424
            ],
            [
              79.246079,
              13.41781
            ],
            [
              79.233325,
              13.417323
            ],
            [
              79.229938,
              13.418427
            ],
            [
              79.229006,
              13.423479
            ],
            [
              79.221823,
              13.417153
            ],
            [
              79.214552,
              13.421349
            ],
            [
              79.211607,
              13.427659
            ],
            [
              79.204255,
              13.417623
            ],
            [
              79.207918,
              13.412588
            ],
            [
              79.228041,
              13.410833
            ],
            [
              79.226952,
              13.401167
            ],
            [
              79.220477,
              13.398503
            ],
            [
              79.221347,
              13.396502
            ],
            [
              79.242804,
              13.397069
            ],
            [
              79.2495,
              13.399925
            ],
            [
              79.251876,
              13.386826
            ],
            [
              79.250383,
              13.375655
            ],
            [
              79.239307,
              13.377721
            ],
            [
              79.240127,
              13.391606
            ],
            [
              79.235985,
              13.393988
            ],
            [
              79.234056,
              13.390862
            ],
            [
              79.226801,
              13.393498
            ],
            [
              79.227717,
              13.389879
            ],
            [
              79.224217,
              13.385309
            ],
            [
              79.22582,
              13.381485
            ],
            [
              79.217521,
              13.38066
            ],
            [
              79.208617,
              13.391406
            ],
            [
              79.201506,
              13.394064
            ],
            [
              79.199583,
              13.399417
            ],
            [
              79.18899,
              13.391146
            ],
            [
              79.180789,
              13.393698
            ],
            [
              79.176114,
              13.38788
            ],
            [
              79.180791,
              13.383137
            ],
            [
              79.180952,
              13.378985
            ],
            [
              79.170875,
              13.379358
            ],
            [
              79.170653,
              13.382382
            ],
            [
              79.167313,
              13.379302
            ],
            [
              79.159928,
              13.380323
            ],
            [
              79.156884,
              13.385144
            ],
            [
              79.153902,
              13.384583
            ],
            [
              79.154269,
              13.380458
            ],
            [
              79.151439,
              13.378923
            ],
            [
              79.147732,
              13.377754
            ],
            [
              79.143802,
              13.380383
            ],
            [
              79.143512,
              13.384737
            ],
            [
              79.15265,
              13.387198
            ],
            [
              79.161557,
              13.40096
            ],
            [
              79.171855,
              13.399389
            ],
            [
              79.176012,
              13.40462
            ],
            [
              79.192464,
              13.410585
            ],
            [
              79.191311,
              13.413477
            ],
            [
              79.180434,
              13.414459
            ],
            [
              79.181271,
              13.420115
            ],
            [
              79.177023,
              13.418155
            ],
            [
              79.170547,
              13.420216
            ],
            [
              79.170088,
              13.425996
            ],
            [
              79.166586,
              13.426592
            ],
            [
              79.168583,
              13.43604
            ],
            [
              79.176721,
              13.440485
            ],
            [
              79.165835,
              13.446046
            ],
            [
              79.167923,
              13.454056
            ],
            [
              79.175315,
              13.451635
            ],
            [
              79.18607,
              13.455425
            ],
            [
              79.174498,
              13.459252
            ],
            [
              79.181423,
              13.463927
            ],
            [
              79.177304,
              13.46517
            ],
            [
              79.181292,
              13.470074
            ],
            [
              79.174175,
              13.473015
            ],
            [
              79.157843,
              13.471318
            ],
            [
              79.157356,
              13.467745
            ],
            [
              79.149156,
              13.469327
            ],
            [
              79.143548,
              13.474369
            ],
            [
              79.129253,
              13.471663
            ],
            [
              79.128238,
              13.474636
            ],
            [
              79.125264,
              13.473582
            ],
            [
              79.125759,
              13.476667
            ],
            [
              79.14987,
              13.479147
            ],
            [
              79.147894,
              13.48211
            ],
            [
              79.134858,
              13.483023
            ],
            [
              79.13565,
              13.485957
            ],
            [
              79.133011,
              13.487651
            ],
            [
              79.138884,
              13.492239
            ],
            [
              79.146497,
              13.488627
            ],
            [
              79.154155,
              13.491858
            ],
            [
              79.162086,
              13.502051
            ],
            [
              79.152497,
              13.504762
            ],
            [
              79.15483,
              13.509312
            ],
            [
              79.1493,
              13.509652
            ],
            [
              79.155011,
              13.519055
            ],
            [
              79.147491,
              13.517026
            ],
            [
              79.14392,
              13.521805
            ],
            [
              79.179919,
              13.544283
            ],
            [
              79.173098,
              13.55303
            ],
            [
              79.170174,
              13.565275
            ],
            [
              79.176241,
              13.588665
            ],
            [
              79.172401,
              13.603337
            ],
            [
              79.181264,
              13.606413
            ],
            [
              79.182543,
              13.617058
            ],
            [
              79.178628,
              13.624395
            ],
            [
              79.191191,
              13.625068
            ],
            [
              79.198825,
              13.631047
            ],
            [
              79.21218,
              13.634165
            ],
            [
              79.221428,
              13.651615
            ],
            [
              79.231763,
              13.687045
            ],
            [
              79.217992,
              13.704123
            ],
            [
              79.218403,
              13.710744
            ],
            [
              79.222276,
              13.719544
            ],
            [
              79.237846,
              13.736954
            ],
            [
              79.240734,
              13.750684
            ],
            [
              79.241251,
              13.759944
            ],
            [
              79.260593,
              13.759769
            ]
          ]
        ]
      }
    },
    {
      "type": "Feature",
      "properties": {
        "OBJECTID_1": "       645",
        "OBJECTID_2": "       645",
        "OBJECTID_3": "       646",
        "OBJECTID": "       136",
        "DNAME": "CHITTOOR",
        "DMNAME": "KURABALAKOTA",
        "SHAPE_LENG": "  8.49762420000e+04",
        "Shape_Le_1": "  8.49762454333e+04",
        "Shape_Le_2": "  8.37695569256e+04",
        "Shape_Le_3": "  1.00000000000e+02",
        "Shape_Area": "  1.00000000000e+02",
        "MaxSimpTol": "  0.00000000000e+00",
        "MinSimpTol": "  1.79864409215e-03"
      },
      "geometry": {
        "type": "Polygon",
        "coordinates": [
          [
            [
              78.571332,
              13.736158
            ],
            [
              78.575818,
              13.734292
            ],
            [
              78.57871,
              13.72766
            ],
            [
              78.577154,
              13.725602
            ],
            [
              78.582037,
              13.721556
            ],
            [
              78.582297,
              13.706899
            ],
            [
              78.579451,
              13.701326
            ],
            [
              78.571067,
              13.701753
            ],
            [
              78.571379,
              13.698752
            ],
            [
              78.562636,
              13.697427
            ],
            [
              78.560722,
              13.686321
            ],
            [
              78.564552,
              13.674122
            ],
            [
              78.55828,
              13.675951
            ],
            [
              78.557929,
              13.672415
            ],
            [
              78.533706,
              13.667159
            ],
            [
              78.532317,
              13.654306
            ],
            [
              78.526687,
              13.650572
            ],
            [
              78.525039,
              13.644765
            ],
            [
              78.525016,
              13.634944
            ],
            [
              78.515273,
              13.623324
            ],
            [
              78.513107,
              13.61158
            ],
            [
              78.516884,
              13.608782
            ],
            [
              78.514488,
              13.598342
            ],
            [
              78.518075,
              13.582792
            ],
            [
              78.512948,
              13.564808
            ],
            [
              78.51922,
              13.560289
            ],
            [
              78.493781,
              13.560624
            ],
            [
              78.491401,
              13.570054
            ],
            [
              78.497687,
              13.574275
            ],
            [
              78.491988,
              13.574681
            ],
            [
              78.494773,
              13.59019
            ],
            [
              78.46165,
              13.592999
            ],
            [
              78.44462,
              13.600117
            ],
            [
              78.429826,
              13.599486
            ],
            [
              78.412925,
              13.597352
            ],
            [
              78.415488,
              13.605546
            ],
            [
              78.411788,
              13.608767
            ],
            [
              78.42498,
              13.625666
            ],
            [
              78.4197,
              13.636492
            ],
            [
              78.432313,
              13.637254
            ],
            [
              78.44156,
              13.646659
            ],
            [
              78.445024,
              13.655124
            ],
            [
              78.446268,
              13.659751
            ],
            [
              78.430306,
              13.658487
            ],
            [
              78.430214,
              13.662669
            ],
            [
              78.434212,
              13.67811
            ],
            [
              78.4433,
              13.679957
            ],
            [
              78.444688,
              13.682503
            ],
            [
              78.444604,
              13.697304
            ],
            [
              78.44143,
              13.697989
            ],
            [
              78.441346,
              13.70353
            ],
            [
              78.455309,
              13.706887
            ],
            [
              78.453279,
              13.716807
            ],
            [
              78.454378,
              13.732501
            ],
            [
              78.459436,
              13.743985
            ],
            [
              78.478747,
              13.745413
            ],
            [
              78.49364,
              13.743136
            ],
            [
              78.512974,
              13.747753
            ],
            [
              78.518948,
              13.737682
            ],
            [
              78.538617,
              13.731723
            ],
            [
              78.542439,
              13.738654
            ],
            [
              78.547238,
              13.734318
            ],
            [
              78.55238,
              13.744676
            ],
            [
              78.556523,
              13.744164
            ],
            [
              78.560201,
              13.737749
            ],
            [
              78.559697,
              13.729969
            ],
            [
              78.568334,
              13.730736
            ],
            [
              78.571332,
              13.736158
            ]
          ]
        ]
      }
    },
    {
      "type": "Feature",
      "properties": {
        "OBJECTID_1": "       646",
        "OBJECTID_2": "       646",
        "OBJECTID_3": "       647",
        "OBJECTID": "       116",
        "DNAME": "CHITTOOR",
        "DMNAME": "B.KOTHAKOTA",
        "SHAPE_LENG": "  1.02044938000e+05",
        "Shape_Le_1": "  1.02044937553e+05",
        "Shape_Le_2": "  1.00208428463e+05",
        "Shape_Le_3": "  1.00000000000e+02",
        "Shape_Area": "  1.00000000000e+02",
        "MaxSimpTol": "  0.00000000000e+00",
        "MinSimpTol": "  1.79864409215e-03"
      },
      "geometry": {
        "type": "Polygon",
        "coordinates": [
          [
            [
              78.453279,
              13.716807
            ],
            [
              78.455309,
              13.706887
            ],
            [
              78.441346,
              13.70353
            ],
            [
              78.44143,
              13.697989
            ],
            [
              78.444604,
              13.697304
            ],
            [
              78.444688,
              13.682503
            ],
            [
              78.4433,
              13.679957
            ],
            [
              78.434212,
              13.67811
            ],
            [
              78.430214,
              13.662669
            ],
            [
              78.430306,
              13.658487
            ],
            [
              78.446268,
              13.659751
            ],
            [
              78.445024,
              13.655124
            ],
            [
              78.44156,
              13.646659
            ],
            [
              78.432313,
              13.637254
            ],
            [
              78.4197,
              13.636492
            ],
            [
              78.42498,
              13.625666
            ],
            [
              78.411788,
              13.608767
            ],
            [
              78.415488,
              13.605546
            ],
            [
              78.412925,
              13.597352
            ],
            [
              78.429826,
              13.599486
            ],
            [
              78.427468,
              13.592624
            ],
            [
              78.429764,
              13.59197
            ],
            [
              78.426285,
              13.588879
            ],
            [
              78.412871,
              13.592488
            ],
            [
              78.401939,
              13.587056
            ],
            [
              78.384083,
              13.592073
            ],
            [
              78.348603,
              13.586839
            ],
            [
              78.346712,
              13.59076
            ],
            [
              78.325063,
              13.594878
            ],
            [
              78.314472,
              13.591478
            ],
            [
              78.270426,
              13.588113
            ],
            [
              78.258547,
              13.582926
            ],
            [
              78.243601,
              13.596885
            ],
            [
              78.237323,
              13.598616
            ],
            [
              78.234198,
              13.596957
            ],
            [
              78.232669,
              13.585968
            ],
            [
              78.21962,
              13.592684
            ],
            [
              78.216197,
              13.590606
            ],
            [
              78.211653,
              13.594635
            ],
            [
              78.212654,
              13.601857
            ],
            [
              78.214965,
              13.605843
            ],
            [
              78.221291,
              13.606177
            ],
            [
              78.228779,
              13.628565
            ],
            [
              78.218921,
              13.643914
            ],
            [
              78.215732,
              13.66441
            ],
            [
              78.217045,
              13.669705
            ],
            [
              78.227637,
              13.676269
            ],
            [
              78.229934,
              13.693893
            ],
            [
              78.255054,
              13.692739
            ],
            [
              78.254313,
              13.682855
            ],
            [
              78.28189,
              13.679073
            ],
            [
              78.286476,
              13.693902
            ],
            [
              78.285805,
              13.700467
            ],
            [
              78.299982,
              13.69808
            ],
            [
              78.316441,
              13.68399
            ],
            [
              78.321614,
              13.687372
            ],
            [
              78.353234,
              13.688253
            ],
            [
              78.354486,
              13.690768
            ],
            [
              78.370898,
              13.693592
            ],
            [
              78.36883,
              13.697214
            ],
            [
              78.370265,
              13.705918
            ],
            [
              78.393277,
              13.743962
            ],
            [
              78.400969,
              13.739902
            ],
            [
              78.402251,
              13.734403
            ],
            [
              78.418098,
              13.718147
            ],
            [
              78.42147,
              13.730864
            ],
            [
              78.445115,
              13.724541
            ],
            [
              78.446893,
              13.719849
            ],
            [
              78.453279,
              13.716807
            ]
          ]
        ]
      }
    },
    {
      "type": "Feature",
      "properties": {
        "OBJECTID_1": "       647",
        "OBJECTID_2": "       647",
        "OBJECTID_3": "       648",
        "OBJECTID": "       175",
        "DNAME": "CHITTOOR",
        "DMNAME": "VAYALPAD",
        "SHAPE_LENG": "  1.07750445000e+05",
        "Shape_Le_1": "  1.07750444784e+05",
        "Shape_Le_2": "  1.05632728846e+05",
        "Shape_Le_3": "  1.00000000000e+02",
        "Shape_Area": "  1.00000000000e+02",
        "MaxSimpTol": "  0.00000000000e+00",
        "MinSimpTol": "  1.79864409215e-03"
      },
      "geometry": {
        "type": "Polygon",
        "coordinates": [
          [
            [
              78.760448,
              13.585508
            ],
            [
              78.75066,
              13.586767
            ],
            [
              78.747265,
              13.582673
            ],
            [
              78.731946,
              13.589824
            ],
            [
              78.718761,
              13.604593
            ],
            [
              78.713466,
              13.604715
            ],
            [
              78.703982,
              13.615714
            ],
            [
              78.68703,
              13.617985
            ],
            [
              78.674886,
              13.59743
            ],
            [
              78.66422,
              13.598534
            ],
            [
              78.659795,
              13.589463
            ],
            [
              78.647702,
              13.594004
            ],
            [
              78.6405,
              13.591491
            ],
            [
              78.635237,
              13.568895
            ],
            [
              78.625472,
              13.563983
            ],
            [
              78.611174,
              13.562996
            ],
            [
              78.609891,
              13.569509
            ],
            [
              78.58524,
              13.57797
            ],
            [
              78.579456,
              13.586227
            ],
            [
              78.577296,
              13.604596
            ],
            [
              78.58562,
              13.605758
            ],
            [
              78.595027,
              13.6142
            ],
            [
              78.596041,
              13.62786
            ],
            [
              78.608615,
              13.630729
            ],
            [
              78.608538,
              13.635522
            ],
            [
              78.606271,
              13.641428
            ],
            [
              78.600969,
              13.636931
            ],
            [
              78.596094,
              13.638879
            ],
            [
              78.592706,
              13.637076
            ],
            [
              78.58761,
              13.640904
            ],
            [
              78.585069,
              13.651338
            ],
            [
              78.57264,
              13.652042
            ],
            [
              78.571061,
              13.657913
            ],
            [
              78.579896,
              13.661105
            ],
            [
              78.570633,
              13.664081
            ],
            [
              78.564552,
              13.674122
            ],
            [
              78.560722,
              13.686321
            ],
            [
              78.562636,
              13.697427
            ],
            [
              78.571379,
              13.698752
            ],
            [
              78.57923,
              13.699584
            ],
            [
              78.582061,
              13.693439
            ],
            [
              78.591484,
              13.692029
            ],
            [
              78.601173,
              13.681184
            ],
            [
              78.604592,
              13.670723
            ],
            [
              78.612893,
              13.662727
            ],
            [
              78.617638,
              13.670195
            ],
            [
              78.635948,
              13.667737
            ],
            [
              78.63742,
              13.679751
            ],
            [
              78.654815,
              13.681067
            ],
            [
              78.664153,
              13.678711
            ],
            [
              78.683165,
              13.682407
            ],
            [
              78.684682,
              13.700416
            ],
            [
              78.681858,
              13.711213
            ],
            [
              78.675969,
              13.715143
            ],
            [
              78.675243,
              13.720309
            ],
            [
              78.684787,
              13.72192
            ],
            [
              78.691028,
              13.718671
            ],
            [
              78.708682,
              13.716626
            ],
            [
              78.709543,
              13.731871
            ],
            [
              78.723099,
              13.728629
            ],
            [
              78.732986,
              13.73301
            ],
            [
              78.739234,
              13.729324
            ],
            [
              78.751373,
              13.714561
            ],
            [
              78.765052,
              13.705269
            ],
            [
              78.763092,
              13.70198
            ],
            [
              78.767327,
              13.697407
            ],
            [
              78.766114,
              13.694047
            ],
            [
              78.76822,
              13.695907
            ],
            [
              78.767381,
              13.686363
            ],
            [
              78.76237,
              13.67927
            ],
            [
              78.787065,
              13.675024
            ],
            [
              78.791254,
              13.666808
            ],
            [
              78.779516,
              13.637359
            ],
            [
              78.780783,
              13.625671
            ],
            [
              78.764266,
              13.629289
            ],
            [
              78.760712,
              13.624375
            ],
            [
              78.759385,
              13.614682
            ],
            [
              78.754023,
              13.608205
            ],
            [
              78.757746,
              13.599626
            ],
            [
              78.753032,
              13.595862
            ],
            [
              78.763666,
              13.600512
            ],
            [
              78.767962,
              13.59846
            ],
            [
              78.760448,
              13.585508
            ]
          ]
        ]
      }
    },
    {
      "type": "Feature",
      "properties": {
        "OBJECTID_1": "       648",
        "OBJECTID_2": "       648",
        "OBJECTID_3": "       649",
        "OBJECTID": "       121",
        "DNAME": "CHITTOOR",
        "DMNAME": "CHINNAGOTTIGALLU",
        "SHAPE_LENG": "  6.38856680000e+04",
        "Shape_Le_1": "  6.38856674003e+04",
        "Shape_Le_2": "  6.25779040660e+04",
        "Shape_Le_3": "  1.00000000000e+02",
        "Shape_Area": "  1.00000000000e+02",
        "MaxSimpTol": "  0.00000000000e+00",
        "MinSimpTol": "  1.79864409215e-03"
      },
      "geometry": {
        "type": "Polygon",
        "coordinates": [
          [
            [
              79.143118,
              13.6057
            ],
            [
              79.087449,
              13.612258
            ],
            [
              79.054946,
              13.612275
            ],
            [
              79.049239,
              13.618371
            ],
            [
              79.052922,
              13.626124
            ],
            [
              79.053193,
              13.646325
            ],
            [
              79.073184,
              13.658166
            ],
            [
              79.075479,
              13.663308
            ],
            [
              79.077382,
              13.685178
            ],
            [
              79.084939,
              13.697905
            ],
            [
              79.092775,
              13.724472
            ],
            [
              79.095628,
              13.724492
            ],
            [
              79.10151,
              13.715451
            ],
            [
              79.102788,
              13.696118
            ],
            [
              79.113772,
              13.692956
            ],
            [
              79.116077,
              13.687251
            ],
            [
              79.139745,
              13.689088
            ],
            [
              79.14204,
              13.698113
            ],
            [
              79.148827,
              13.702109
            ],
            [
              79.147064,
              13.709069
            ],
            [
              79.161396,
              13.710555
            ],
            [
              79.171191,
              13.703494
            ],
            [
              79.179467,
              13.703184
            ],
            [
              79.182972,
              13.719588
            ],
            [
              79.196419,
              13.717751
            ],
            [
              79.208769,
              13.712207
            ],
            [
              79.208885,
              13.704623
            ],
            [
              79.205889,
              13.700417
            ],
            [
              79.192977,
              13.694636
            ],
            [
              79.191292,
              13.689361
            ],
            [
              79.193383,
              13.683148
            ],
            [
              79.189808,
              13.673819
            ],
            [
              79.196284,
              13.671765
            ],
            [
              79.196819,
              13.667492
            ],
            [
              79.192327,
              13.665229
            ],
            [
              79.182151,
              13.667708
            ],
            [
              79.176463,
              13.657531
            ],
            [
              79.180737,
              13.645301
            ],
            [
              79.179639,
              13.641515
            ],
            [
              79.169548,
              13.642469
            ],
            [
              79.163646,
              13.632167
            ],
            [
              79.162778,
              13.623766
            ],
            [
              79.145519,
              13.614017
            ],
            [
              79.140417,
              13.608729
            ],
            [
              79.143118,
              13.6057
            ]
          ]
        ]
      }
    },
    {
      "type": "Feature",
      "properties": {
        "OBJECTID_1": "       649",
        "OBJECTID_2": "       649",
        "OBJECTID_3": "       650",
        "OBJECTID": "       130",
        "DNAME": "CHITTOOR",
        "DMNAME": "K.V.B.PURAM",
        "SHAPE_LENG": "  1.37162578000e+05",
        "Shape_Le_1": "  1.37162578622e+05",
        "Shape_Le_2": "  1.35577951425e+05",
        "Shape_Le_3": "  1.00000000000e+02",
        "Shape_Area": "  1.00000000000e+02",
        "MaxSimpTol": "  0.00000000000e+00",
        "MinSimpTol": "  1.79864409215e-03"
      },
      "geometry": {
        "type": "Polygon",
        "coordinates": [
          [
            [
              79.872228,
              13.618582
            ],
            [
              79.858904,
              13.61491
            ],
            [
              79.848466,
              13.621116
            ],
            [
              79.844316,
              13.61245
            ],
            [
              79.832944,
              13.602886
            ],
            [
              79.830993,
              13.544259
            ],
            [
              79.819039,
              13.543003
            ],
            [
              79.810824,
              13.536895
            ],
            [
              79.794721,
              13.536696
            ],
            [
              79.786536,
              13.523944
            ],
            [
              79.788653,
              13.523611
            ],
            [
              79.78994,
              13.514736
            ],
            [
              79.788075,
              13.502784
            ],
            [
              79.782115,
              13.497623
            ],
            [
              79.776794,
              13.485367
            ],
            [
              79.78326,
              13.479213
            ],
            [
              79.786546,
              13.46365
            ],
            [
              79.773008,
              13.458108
            ],
            [
              79.759265,
              13.461862
            ],
            [
              79.738631,
              13.461657
            ],
            [
              79.729793,
              13.455361
            ],
            [
              79.719575,
              13.452874
            ],
            [
              79.712457,
              13.439882
            ],
            [
              79.695219,
              13.444776
            ],
            [
              79.691141,
              13.440445
            ],
            [
              79.681462,
              13.442742
            ],
            [
              79.6834,
              13.443877
            ],
            [
              79.681865,
              13.447818
            ],
            [
              79.674241,
              13.463352
            ],
            [
              79.667665,
              13.469344
            ],
            [
              79.668411,
              13.472046
            ],
            [
              79.683868,
              13.500927
            ],
            [
              79.702948,
              13.500238
            ],
            [
              79.708125,
              13.504274
            ],
            [
              79.707404,
              13.517592
            ],
            [
              79.693177,
              13.508901
            ],
            [
              79.69267,
              13.512331
            ],
            [
              79.660902,
              13.514932
            ],
            [
              79.652921,
              13.525493
            ],
            [
              79.632108,
              13.527376
            ],
            [
              79.627582,
              13.546557
            ],
            [
              79.629184,
              13.569502
            ],
            [
              79.603409,
              13.567625
            ],
            [
              79.567332,
              13.569464
            ],
            [
              79.568809,
              13.572861
            ],
            [
              79.573734,
              13.57804
            ],
            [
              79.577952,
              13.576519
            ],
            [
              79.580856,
              13.581251
            ],
            [
              79.589801,
              13.583897
            ],
            [
              79.591661,
              13.588847
            ],
            [
              79.60386,
              13.5977
            ],
            [
              79.618617,
              13.595265
            ],
            [
              79.62248,
              13.606856
            ],
            [
              79.619739,
              13.615842
            ],
            [
              79.636112,
              13.617619
            ],
            [
              79.636452,
              13.624825
            ],
            [
              79.645136,
              13.633983
            ],
            [
              79.641915,
              13.642103
            ],
            [
              79.651379,
              13.642361
            ],
            [
              79.653518,
              13.651594
            ],
            [
              79.658885,
              13.658811
            ],
            [
              79.684581,
              13.665665
            ],
            [
              79.691523,
              13.660951
            ],
            [
              79.709023,
              13.662402
            ],
            [
              79.710021,
              13.666396
            ],
            [
              79.7203,
              13.667147
            ],
            [
              79.715223,
              13.685353
            ],
            [
              79.721443,
              13.692978
            ],
            [
              79.744237,
              13.689651
            ],
            [
              79.760048,
              13.70027
            ],
            [
              79.761501,
              13.68911
            ],
            [
              79.756909,
              13.671434
            ],
            [
              79.76395,
              13.66447
            ],
            [
              79.77368,
              13.66434
            ],
            [
              79.79441,
              13.673818
            ],
            [
              79.791245,
              13.678408
            ],
            [
              79.789401,
              13.693303
            ],
            [
              79.792357,
              13.699576
            ],
            [
              79.807674,
              13.708857
            ],
            [
              79.817693,
              13.707845
            ],
            [
              79.819822,
              13.705113
            ],
            [
              79.820995,
              13.707823
            ],
            [
              79.831855,
              13.705368
            ],
            [
              79.834593,
              13.702242
            ],
            [
              79.831775,
              13.693517
            ],
            [
              79.837113,
              13.694079
            ],
            [
              79.837943,
              13.677237
            ],
            [
              79.835146,
              13.672414
            ],
            [
              79.845623,
              13.672807
            ],
            [
              79.856136,
              13.660389
            ],
            [
              79.861474,
              13.658043
            ],
            [
              79.861379,
              13.647354
            ],
            [
              79.875629,
              13.650529
            ],
            [
              79.876294,
              13.647447
            ],
            [
              79.880145,
              13.647132
            ],
            [
              79.876897,
              13.625915
            ],
            [
              79.872228,
              13.618582
            ]
          ]
        ]
      }
    },
    {
      "type": "Feature",
      "properties": {
        "OBJECTID_1": "       651",
        "OBJECTID_2": "       651",
        "OBJECTID_3": "       652",
        "OBJECTID": "       174",
        "DNAME": "CHITTOOR",
        "DMNAME": "VARADAIAHPALEM",
        "SHAPE_LENG": "  1.21294867000e+05",
        "Shape_Le_1": "  1.21294868015e+05",
        "Shape_Le_2": "  1.19610083423e+05",
        "Shape_Le_3": "  1.00000000000e+02",
        "Shape_Area": "  1.00000000000e+02",
        "MaxSimpTol": "  0.00000000000e+00",
        "MinSimpTol": "  1.79864409215e-03"
      },
      "geometry": {
        "type": "Polygon",
        "coordinates": [
          [
            [
              79.973075,
              13.685828
            ],
            [
              79.962281,
              13.669411
            ],
            [
              79.957405,
              13.666257
            ],
            [
              79.963935,
              13.657787
            ],
            [
              79.964826,
              13.649693
            ],
            [
              79.97645,
              13.641924
            ],
            [
              79.9911,
              13.646266
            ],
            [
              80.000315,
              13.642608
            ],
            [
              80.004376,
              13.630479
            ],
            [
              80.004433,
              13.618214
            ],
            [
              80.011333,
              13.610076
            ],
            [
              80.011822,
              13.605602
            ],
            [
              80.017069,
              13.604284
            ],
            [
              80.019151,
              13.597632
            ],
            [
              80.016828,
              13.59434
            ],
            [
              80.023358,
              13.592905
            ],
            [
              80.022056,
              13.575892
            ],
            [
              80.039673,
              13.576293
            ],
            [
              80.040308,
              13.573157
            ],
            [
              80.047193,
              13.572843
            ],
            [
              80.051065,
              13.557985
            ],
            [
              80.03907,
              13.555069
            ],
            [
              80.037832,
              13.538332
            ],
            [
              80.028216,
              13.538896
            ],
            [
              80.023941,
              13.546328
            ],
            [
              80.010116,
              13.546544
            ],
            [
              80.006785,
              13.556639
            ],
            [
              79.99959,
              13.559325
            ],
            [
              79.995679,
              13.556805
            ],
            [
              79.997205,
              13.55472
            ],
            [
              79.992558,
              13.543265
            ],
            [
              79.986512,
              13.542761
            ],
            [
              79.98415,
              13.538602
            ],
            [
              79.974852,
              13.545271
            ],
            [
              79.971235,
              13.535525
            ],
            [
              79.967401,
              13.532637
            ],
            [
              79.95514,
              13.548129
            ],
            [
              79.949143,
              13.539588
            ],
            [
              79.93623,
              13.530409
            ],
            [
              79.918468,
              13.535707
            ],
            [
              79.912422,
              13.534897
            ],
            [
              79.905412,
              13.53901
            ],
            [
              79.885971,
              13.530674
            ],
            [
              79.89009,
              13.52696
            ],
            [
              79.883619,
              13.52054
            ],
            [
              79.877007,
              13.521811
            ],
            [
              79.877199,
              13.519295
            ],
            [
              79.871388,
              13.517661
            ],
            [
              79.870102,
              13.512005
            ],
            [
              79.85975,
              13.501864
            ],
            [
              79.858913,
              13.497562
            ],
            [
              79.848772,
              13.495864
            ],
            [
              79.842463,
              13.482687
            ],
            [
              79.835576,
              13.485544
            ],
            [
              79.825579,
              13.484047
            ],
            [
              79.820856,
              13.471377
            ],
            [
              79.810134,
              13.470285
            ],
            [
              79.803361,
              13.474932
            ],
            [
              79.804344,
              13.45772
            ],
            [
              79.786546,
              13.46365
            ],
            [
              79.78326,
              13.479213
            ],
            [
              79.776794,
              13.485367
            ],
            [
              79.782115,
              13.497623
            ],
            [
              79.788075,
              13.502784
            ],
            [
              79.78994,
              13.514736
            ],
            [
              79.788653,
              13.523611
            ],
            [
              79.786536,
              13.523944
            ],
            [
              79.794721,
              13.536696
            ],
            [
              79.810824,
              13.536895
            ],
            [
              79.819039,
              13.543003
            ],
            [
              79.830993,
              13.544259
            ],
            [
              79.832944,
              13.602886
            ],
            [
              79.844316,
              13.61245
            ],
            [
              79.848466,
              13.621116
            ],
            [
              79.858904,
              13.61491
            ],
            [
              79.872228,
              13.618582
            ],
            [
              79.882329,
              13.618665
            ],
            [
              79.886913,
              13.615235
            ],
            [
              79.899656,
              13.613635
            ],
            [
              79.905297,
              13.6174
            ],
            [
              79.910178,
              13.614301
            ],
            [
              79.914524,
              13.615803
            ],
            [
              79.907617,
              13.631396
            ],
            [
              79.912877,
              13.635692
            ],
            [
              79.908924,
              13.642463
            ],
            [
              79.902845,
              13.645899
            ],
            [
              79.902203,
              13.65148
            ],
            [
              79.895949,
              13.654714
            ],
            [
              79.892392,
              13.663858
            ],
            [
              79.894586,
              13.667913
            ],
            [
              79.899031,
              13.669012
            ],
            [
              79.900127,
              13.675664
            ],
            [
              79.904852,
              13.681518
            ],
            [
              79.910203,
              13.684616
            ],
            [
              79.910732,
              13.695856
            ],
            [
              79.906764,
              13.702605
            ],
            [
              79.957467,
              13.708349
            ],
            [
              79.957593,
              13.70045
            ],
            [
              79.968853,
              13.694282
            ],
            [
              79.973075,
              13.685828
            ]
          ]
        ]
      }
    },
    {
      "type": "Feature",
      "properties": {
        "OBJECTID_1": "       652",
        "OBJECTID_2": "       652",
        "OBJECTID_3": "       653",
        "OBJECTID": "       137",
        "DNAME": "CHITTOOR",
        "DMNAME": "MADANAPALLE",
        "SHAPE_LENG": "  1.18388242000e+05",
        "Shape_Le_1": "  1.18388239633e+05",
        "Shape_Le_2": "  1.16176621192e+05",
        "Shape_Le_3": "  1.00000000000e+02",
        "Shape_Area": "  1.00000000000e+02",
        "MaxSimpTol": "  0.00000000000e+00",
        "MinSimpTol": "  1.79864409215e-03"
      },
      "geometry": {
        "type": "Polygon",
        "coordinates": [
          [
            [
              78.564552,
              13.674122
            ],
            [
              78.570633,
              13.664081
            ],
            [
              78.579896,
              13.661105
            ],
            [
              78.571061,
              13.657913
            ],
            [
              78.57264,
              13.652042
            ],
            [
              78.585069,
              13.651338
            ],
            [
              78.58761,
              13.640904
            ],
            [
              78.592706,
              13.637076
            ],
            [
              78.596094,
              13.638879
            ],
            [
              78.600969,
              13.636931
            ],
            [
              78.606271,
              13.641428
            ],
            [
              78.608538,
              13.635522
            ],
            [
              78.608615,
              13.630729
            ],
            [
              78.596041,
              13.62786
            ],
            [
              78.595027,
              13.6142
            ],
            [
              78.58562,
              13.605758
            ],
            [
              78.577296,
              13.604596
            ],
            [
              78.579456,
              13.586227
            ],
            [
              78.553706,
              13.58355
            ],
            [
              78.552409,
              13.580246
            ],
            [
              78.552287,
              13.565856
            ],
            [
              78.556896,
              13.557568
            ],
            [
              78.559171,
              13.544126
            ],
            [
              78.556187,
              13.536177
            ],
            [
              78.567167,
              13.531441
            ],
            [
              78.582564,
              13.542045
            ],
            [
              78.575651,
              13.53238
            ],
            [
              78.574957,
              13.524194
            ],
            [
              78.567686,
              13.515807
            ],
            [
              78.561583,
              13.511416
            ],
            [
              78.561316,
              13.505814
            ],
            [
              78.552237,
              13.500912
            ],
            [
              78.54344,
              13.483319
            ],
            [
              78.53787,
              13.485961
            ],
            [
              78.53977,
              13.490142
            ],
            [
              78.531208,
              13.488834
            ],
            [
              78.524761,
              13.483728
            ],
            [
              78.507975,
              13.481465
            ],
            [
              78.506022,
              13.484807
            ],
            [
              78.499292,
              13.483128
            ],
            [
              78.48729,
              13.46855
            ],
            [
              78.483894,
              13.459145
            ],
            [
              78.476943,
              13.455178
            ],
            [
              78.485444,
              13.450958
            ],
            [
              78.479714,
              13.449917
            ],
            [
              78.44994,
              13.445508
            ],
            [
              78.429986,
              13.447446
            ],
            [
              78.429482,
              13.45307
            ],
            [
              78.425934,
              13.452246
            ],
            [
              78.41809,
              13.459855
            ],
            [
              78.406606,
              13.457168
            ],
            [
              78.380502,
              13.463243
            ],
            [
              78.374444,
              13.461245
            ],
            [
              78.370827,
              13.469522
            ],
            [
              78.378793,
              13.482037
            ],
            [
              78.37534,
              13.508977
            ],
            [
              78.385567,
              13.51553
            ],
            [
              78.384098,
              13.52491
            ],
            [
              78.393562,
              13.540673
            ],
            [
              78.393138,
              13.55255
            ],
            [
              78.406711,
              13.577014
            ],
            [
              78.401567,
              13.578595
            ],
            [
              78.401939,
              13.587056
            ],
            [
              78.412871,
              13.592488
            ],
            [
              78.426285,
              13.588879
            ],
            [
              78.429764,
              13.59197
            ],
            [
              78.427468,
              13.592624
            ],
            [
              78.429826,
              13.599486
            ],
            [
              78.44462,
              13.600117
            ],
            [
              78.46165,
              13.592999
            ],
            [
              78.494773,
              13.59019
            ],
            [
              78.491988,
              13.574681
            ],
            [
              78.497687,
              13.574275
            ],
            [
              78.491401,
              13.570054
            ],
            [
              78.493781,
              13.560624
            ],
            [
              78.51922,
              13.560289
            ],
            [
              78.512948,
              13.564808
            ],
            [
              78.518075,
              13.582792
            ],
            [
              78.514488,
              13.598342
            ],
            [
              78.516884,
              13.608782
            ],
            [
              78.513107,
              13.61158
            ],
            [
              78.515273,
              13.623324
            ],
            [
              78.525016,
              13.634944
            ],
            [
              78.525039,
              13.644765
            ],
            [
              78.526687,
              13.650572
            ],
            [
              78.532317,
              13.654306
            ],
            [
              78.533706,
              13.667159
            ],
            [
              78.557929,
              13.672415
            ],
            [
              78.55828,
              13.675951
            ],
            [
              78.564552,
              13.674122
            ]
          ]
        ]
      }
    },
    {
      "type": "Feature",
      "properties": {
        "OBJECTID_1": "       653",
        "OBJECTID_2": "       653",
        "OBJECTID_3": "       654",
        "OBJECTID": "       164",
        "DNAME": "CHITTOOR",
        "DMNAME": "SODAM",
        "SHAPE_LENG": "  1.08582773000e+05",
        "Shape_Le_1": "  1.08582771737e+05",
        "Shape_Le_2": "  1.06551613392e+05",
        "Shape_Le_3": "  1.00000000000e+02",
        "Shape_Area": "  1.00000000000e+02",
        "MaxSimpTol": "  0.00000000000e+00",
        "MinSimpTol": "  1.79864409215e-03"
      },
      "geometry": {
        "type": "Polygon",
        "coordinates": [
          [
            [
              78.953891,
              13.582527
            ],
            [
              78.955557,
              13.559728
            ],
            [
              78.95125,
              13.541563
            ],
            [
              78.964914,
              13.531452
            ],
            [
              78.977684,
              13.52894
            ],
            [
              78.984201,
              13.51595
            ],
            [
              78.981299,
              13.491341
            ],
            [
              78.977627,
              13.505807
            ],
            [
              78.969289,
              13.504142
            ],
            [
              78.965934,
              13.497139
            ],
            [
              78.959511,
              13.4982
            ],
            [
              78.953065,
              13.494289
            ],
            [
              78.954546,
              13.488942
            ],
            [
              78.948092,
              13.483505
            ],
            [
              78.950992,
              13.481112
            ],
            [
              78.948369,
              13.472087
            ],
            [
              78.926689,
              13.461325
            ],
            [
              78.918115,
              13.459786
            ],
            [
              78.915384,
              13.455146
            ],
            [
              78.908801,
              13.454078
            ],
            [
              78.906787,
              13.449764
            ],
            [
              78.901254,
              13.466644
            ],
            [
              78.897074,
              13.46649
            ],
            [
              78.893426,
              13.471657
            ],
            [
              78.888445,
              13.471382
            ],
            [
              78.894951,
              13.481064
            ],
            [
              78.892135,
              13.484656
            ],
            [
              78.893195,
              13.494319
            ],
            [
              78.890813,
              13.501714
            ],
            [
              78.886023,
              13.499554
            ],
            [
              78.885558,
              13.493455
            ],
            [
              78.881453,
              13.495941
            ],
            [
              78.877899,
              13.492134
            ],
            [
              78.878531,
              13.495043
            ],
            [
              78.874191,
              13.495721
            ],
            [
              78.868386,
              13.49181
            ],
            [
              78.869134,
              13.488017
            ],
            [
              78.863054,
              13.486438
            ],
            [
              78.863358,
              13.491129
            ],
            [
              78.855271,
              13.492136
            ],
            [
              78.85447,
              13.497087
            ],
            [
              78.84935,
              13.500274
            ],
            [
              78.84542,
              13.51116
            ],
            [
              78.829422,
              13.508086
            ],
            [
              78.831337,
              13.516765
            ],
            [
              78.82904,
              13.518393
            ],
            [
              78.820358,
              13.516577
            ],
            [
              78.828836,
              13.504191
            ],
            [
              78.820239,
              13.498685
            ],
            [
              78.813326,
              13.499739
            ],
            [
              78.809328,
              13.50851
            ],
            [
              78.808823,
              13.519588
            ],
            [
              78.803597,
              13.52305
            ],
            [
              78.801864,
              13.533659
            ],
            [
              78.810179,
              13.540767
            ],
            [
              78.813566,
              13.539487
            ],
            [
              78.820638,
              13.542532
            ],
            [
              78.823269,
              13.548439
            ],
            [
              78.83881,
              13.54347
            ],
            [
              78.843074,
              13.550606
            ],
            [
              78.843736,
              13.566283
            ],
            [
              78.830537,
              13.579992
            ],
            [
              78.802744,
              13.581854
            ],
            [
              78.804261,
              13.587011
            ],
            [
              78.801148,
              13.599445
            ],
            [
              78.796028,
              13.606229
            ],
            [
              78.79634,
              13.613745
            ],
            [
              78.818227,
              13.612405
            ],
            [
              78.828868,
              13.629298
            ],
            [
              78.851362,
              13.649277
            ],
            [
              78.851591,
              13.656272
            ],
            [
              78.854198,
              13.671782
            ],
            [
              78.852633,
              13.678124
            ],
            [
              78.862551,
              13.66605
            ],
            [
              78.86266,
              13.658377
            ],
            [
              78.882051,
              13.659788
            ],
            [
              78.880099,
              13.650687
            ],
            [
              78.88661,
              13.625154
            ],
            [
              78.878493,
              13.619342
            ],
            [
              78.87182,
              13.605869
            ],
            [
              78.87314,
              13.598286
            ],
            [
              78.879374,
              13.592787
            ],
            [
              78.89795,
              13.594135
            ],
            [
              78.91005,
              13.581053
            ],
            [
              78.921836,
              13.580149
            ],
            [
              78.927894,
              13.581979
            ],
            [
              78.934994,
              13.593423
            ],
            [
              78.953891,
              13.582527
            ]
          ]
        ]
      }
    },
    {
      "type": "Feature",
      "properties": {
        "OBJECTID_1": "       654",
        "OBJECTID_2": "       654",
        "OBJECTID_3": "       655",
        "OBJECTID": "       153",
        "DNAME": "CHITTOOR",
        "DMNAME": "PULICHERLA",
        "SHAPE_LENG": "  7.66951640000e+04",
        "Shape_Le_1": "  7.66951604588e+04",
        "Shape_Le_2": "  7.59106423178e+04",
        "Shape_Le_3": "  1.00000000000e+02",
        "Shape_Area": "  1.00000000000e+02",
        "MaxSimpTol": "  0.00000000000e+00",
        "MinSimpTol": "  1.79864409215e-03"
      },
      "geometry": {
        "type": "Polygon",
        "coordinates": [
          [
            [
              79.049239,
              13.618371
            ],
            [
              79.054946,
              13.612275
            ],
            [
              79.087449,
              13.612258
            ],
            [
              79.143118,
              13.6057
            ],
            [
              79.158695,
              13.600589
            ],
            [
              79.172401,
              13.603337
            ],
            [
              79.176241,
              13.588665
            ],
            [
              79.170174,
              13.565275
            ],
            [
              79.173098,
              13.55303
            ],
            [
              79.179919,
              13.544283
            ],
            [
              79.14392,
              13.521805
            ],
            [
              79.117435,
              13.521584
            ],
            [
              79.114987,
              13.519554
            ],
            [
              79.111036,
              13.521736
            ],
            [
              79.112089,
              13.517711
            ],
            [
              79.1063,
              13.514902
            ],
            [
              79.090304,
              13.513822
            ],
            [
              79.082903,
              13.519908
            ],
            [
              79.082009,
              13.532371
            ],
            [
              79.064167,
              13.529528
            ],
            [
              79.049328,
              13.539867
            ],
            [
              79.043042,
              13.541198
            ],
            [
              79.042705,
              13.551155
            ],
            [
              79.039288,
              13.554184
            ],
            [
              79.037676,
              13.562279
            ],
            [
              79.029041,
              13.563756
            ],
            [
              79.021451,
              13.562428
            ],
            [
              79.015336,
              13.543638
            ],
            [
              79.004138,
              13.540061
            ],
            [
              78.995502,
              13.54519
            ],
            [
              78.974578,
              13.53898
            ],
            [
              78.968239,
              13.542753
            ],
            [
              78.95125,
              13.541563
            ],
            [
              78.955557,
              13.559728
            ],
            [
              78.953891,
              13.582527
            ],
            [
              78.959702,
              13.593816
            ],
            [
              78.969734,
              13.593848
            ],
            [
              78.973508,
              13.603488
            ],
            [
              78.973812,
              13.613593
            ],
            [
              78.967258,
              13.624689
            ],
            [
              78.978943,
              13.629964
            ],
            [
              78.996679,
              13.631305
            ],
            [
              78.99593,
              13.636618
            ],
            [
              79.008081,
              13.640373
            ],
            [
              79.013598,
              13.63019
            ],
            [
              79.026498,
              13.626275
            ],
            [
              79.035318,
              13.617011
            ],
            [
              79.049239,
              13.618371
            ]
          ]
        ]
      }
    },
    {
      "type": "Feature",
      "properties": {
        "OBJECTID_1": "       655",
        "OBJECTID_2": "       655",
        "OBJECTID_3": "       656",
        "OBJECTID": "       171",
        "DNAME": "CHITTOOR",
        "DMNAME": "TIRUPATI (RURAL)",
        "SHAPE_LENG": "  6.25706760000e+04",
        "Shape_Le_1": "  6.25706752824e+04",
        "Shape_Le_2": "  6.05578093320e+04",
        "Shape_Le_3": "  1.00000000000e+02",
        "Shape_Area": "  1.00000000000e+02",
        "MaxSimpTol": "  0.00000000000e+00",
        "MinSimpTol": "  1.79864409215e-03"
      },
      "geometry": {
        "type": "Polygon",
        "coordinates": [
          [
            [
              79.49329,
              13.575292
            ],
            [
              79.484406,
              13.572997
            ],
            [
              79.482495,
              13.56427
            ],
            [
              79.4649,
              13.564138
            ],
            [
              79.433995,
              13.566633
            ],
            [
              79.421398,
              13.555139
            ],
            [
              79.414855,
              13.552932
            ],
            [
              79.413085,
              13.554454
            ],
            [
              79.415782,
              13.56485
            ],
            [
              79.412616,
              13.56708
            ],
            [
              79.414185,
              13.577427
            ],
            [
              79.421559,
              13.579734
            ],
            [
              79.415488,
              13.580582
            ],
            [
              79.407038,
              13.577399
            ],
            [
              79.400428,
              13.567658
            ],
            [
              79.392169,
              13.565246
            ],
            [
              79.385368,
              13.555888
            ],
            [
              79.382507,
              13.560171
            ],
            [
              79.391444,
              13.565274
            ],
            [
              79.372858,
              13.564178
            ],
            [
              79.371972,
              13.568008
            ],
            [
              79.371665,
              13.574164
            ],
            [
              79.353343,
              13.581879
            ],
            [
              79.349764,
              13.5882
            ],
            [
              79.335301,
              13.598937
            ],
            [
              79.336749,
              13.600863
            ],
            [
              79.331546,
              13.607719
            ],
            [
              79.332031,
              13.618794
            ],
            [
              79.350878,
              13.619977
            ],
            [
              79.352067,
              13.622558
            ],
            [
              79.358032,
              13.621223
            ],
            [
              79.361623,
              13.624206
            ],
            [
              79.36967,
              13.621936
            ],
            [
              79.381133,
              13.624022
            ],
            [
              79.393308,
              13.613974
            ],
            [
              79.411902,
              13.612952
            ],
            [
              79.417881,
              13.617275
            ],
            [
              79.418566,
              13.622943
            ],
            [
              79.427064,
              13.614647
            ],
            [
              79.436123,
              13.619705
            ],
            [
              79.452139,
              13.620247
            ],
            [
              79.460435,
              13.628351
            ],
            [
              79.477822,
              13.632421
            ],
            [
              79.478612,
              13.618419
            ],
            [
              79.472632,
              13.618367
            ],
            [
              79.464475,
              13.607062
            ],
            [
              79.477818,
              13.595106
            ],
            [
              79.478927,
              13.583701
            ],
            [
              79.475108,
              13.578445
            ],
            [
              79.486714,
              13.580704
            ],
            [
              79.49358,
              13.578036
            ],
            [
              79.49329,
              13.575292
            ]
          ]
        ]
      }
    },
    {
      "type": "Feature",
      "properties": {
        "OBJECTID_1": "       656",
        "OBJECTID_2": "       656",
        "OBJECTID_3": "       657",
        "OBJECTID": "       142",
        "DNAME": "CHITTOOR",
        "DMNAME": "NIMMANAPALLE",
        "SHAPE_LENG": "  8.88879060000e+04",
        "Shape_Le_1": "  8.88879034563e+04",
        "Shape_Le_2": "  8.76617937356e+04",
        "Shape_Le_3": "  1.00000000000e+02",
        "Shape_Area": "  1.00000000000e+02",
        "MaxSimpTol": "  0.00000000000e+00",
        "MinSimpTol": "  1.79864409215e-03"
      },
      "geometry": {
        "type": "Polygon",
        "coordinates": [
          [
            [
              78.747265,
              13.582673
            ],
            [
              78.738935,
              13.567187
            ],
            [
              78.738791,
              13.559342
            ],
            [
              78.741645,
              13.556159
            ],
            [
              78.738793,
              13.547018
            ],
            [
              78.741501,
              13.542299
            ],
            [
              78.737824,
              13.54007
            ],
            [
              78.739267,
              13.530096
            ],
            [
              78.720957,
              13.522101
            ],
            [
              78.713847,
              13.51394
            ],
            [
              78.709963,
              13.516237
            ],
            [
              78.721445,
              13.531313
            ],
            [
              78.722207,
              13.537577
            ],
            [
              78.692216,
              13.5354
            ],
            [
              78.69182,
              13.529364
            ],
            [
              78.684649,
              13.524037
            ],
            [
              78.682315,
              13.510684
            ],
            [
              78.677593,
              13.504197
            ],
            [
              78.673763,
              13.503688
            ],
            [
              78.671726,
              13.506013
            ],
            [
              78.67538,
              13.510689
            ],
            [
              78.674868,
              13.519617
            ],
            [
              78.659051,
              13.526651
            ],
            [
              78.633478,
              13.515913
            ],
            [
              78.627854,
              13.516823
            ],
            [
              78.637553,
              13.507882
            ],
            [
              78.643816,
              13.508581
            ],
            [
              78.663394,
              13.499265
            ],
            [
              78.664509,
              13.491533
            ],
            [
              78.659298,
              13.483908
            ],
            [
              78.643932,
              13.489717
            ],
            [
              78.626048,
              13.484689
            ],
            [
              78.613794,
              13.490797
            ],
            [
              78.599771,
              13.487712
            ],
            [
              78.575851,
              13.506044
            ],
            [
              78.567686,
              13.515807
            ],
            [
              78.574957,
              13.524194
            ],
            [
              78.575651,
              13.53238
            ],
            [
              78.582564,
              13.542045
            ],
            [
              78.567167,
              13.531441
            ],
            [
              78.556187,
              13.536177
            ],
            [
              78.559171,
              13.544126
            ],
            [
              78.556896,
              13.557568
            ],
            [
              78.552287,
              13.565856
            ],
            [
              78.552409,
              13.580246
            ],
            [
              78.553706,
              13.58355
            ],
            [
              78.579456,
              13.586227
            ],
            [
              78.58524,
              13.57797
            ],
            [
              78.609891,
              13.569509
            ],
            [
              78.611174,
              13.562996
            ],
            [
              78.625472,
              13.563983
            ],
            [
              78.635237,
              13.568895
            ],
            [
              78.6405,
              13.591491
            ],
            [
              78.647702,
              13.594004
            ],
            [
              78.659795,
              13.589463
            ],
            [
              78.66422,
              13.598534
            ],
            [
              78.674886,
              13.59743
            ],
            [
              78.68703,
              13.617985
            ],
            [
              78.703982,
              13.615714
            ],
            [
              78.713466,
              13.604715
            ],
            [
              78.718761,
              13.604593
            ],
            [
              78.731946,
              13.589824
            ],
            [
              78.747265,
              13.582673
            ]
          ]
        ]
      }
    },
    {
      "type": "Feature",
      "properties": {
        "OBJECTID_1": "       657",
        "OBJECTID_2": "       657",
        "OBJECTID_3": "       658",
        "OBJECTID": "       173",
        "DNAME": "CHITTOOR",
        "DMNAME": "VADAMALAPETA",
        "SHAPE_LENG": "  7.69543440000e+04",
        "Shape_Le_1": "  7.69543413731e+04",
        "Shape_Le_2": "  7.55489011766e+04",
        "Shape_Le_3": "  1.00000000000e+02",
        "Shape_Area": "  1.00000000000e+02",
        "MaxSimpTol": "  0.00000000000e+00",
        "MinSimpTol": "  1.79864409215e-03"
      },
      "geometry": {
        "type": "Polygon",
        "coordinates": [
          [
            [
              79.568809,
              13.572861
            ],
            [
              79.567332,
              13.569464
            ],
            [
              79.555035,
              13.54965
            ],
            [
              79.548653,
              13.54657
            ],
            [
              79.551502,
              13.534624
            ],
            [
              79.536466,
              13.52017
            ],
            [
              79.534188,
              13.514016
            ],
            [
              79.534351,
              13.505257
            ],
            [
              79.541578,
              13.51294
            ],
            [
              79.556657,
              13.508899
            ],
            [
              79.548401,
              13.497785
            ],
            [
              79.535697,
              13.491914
            ],
            [
              79.53138,
              13.492771
            ],
            [
              79.52512,
              13.485903
            ],
            [
              79.527886,
              13.469584
            ],
            [
              79.524731,
              13.462548
            ],
            [
              79.513679,
              13.462539
            ],
            [
              79.500293,
              13.465067
            ],
            [
              79.497526,
              13.460119
            ],
            [
              79.486301,
              13.454847
            ],
            [
              79.475292,
              13.466571
            ],
            [
              79.475351,
              13.473409
            ],
            [
              79.486486,
              13.47357
            ],
            [
              79.490751,
              13.468718
            ],
            [
              79.500261,
              13.471385
            ],
            [
              79.503356,
              13.475324
            ],
            [
              79.502507,
              13.484051
            ],
            [
              79.509242,
              13.484636
            ],
            [
              79.509408,
              13.490107
            ],
            [
              79.518392,
              13.490887
            ],
            [
              79.51859,
              13.493003
            ],
            [
              79.499566,
              13.499455
            ],
            [
              79.491461,
              13.495061
            ],
            [
              79.489276,
              13.503918
            ],
            [
              79.490876,
              13.51043
            ],
            [
              79.479833,
              13.508773
            ],
            [
              79.475083,
              13.504573
            ],
            [
              79.471047,
              13.507863
            ],
            [
              79.457563,
              13.506693
            ],
            [
              79.447864,
              13.498066
            ],
            [
              79.441152,
              13.499584
            ],
            [
              79.43832,
              13.511005
            ],
            [
              79.443465,
              13.521028
            ],
            [
              79.454195,
              13.523364
            ],
            [
              79.46221,
              13.52949
            ],
            [
              79.460787,
              13.542639
            ],
            [
              79.465691,
              13.543483
            ],
            [
              79.463142,
              13.5501
            ],
            [
              79.4649,
              13.564138
            ],
            [
              79.482495,
              13.56427
            ],
            [
              79.484406,
              13.572997
            ],
            [
              79.49329,
              13.575292
            ],
            [
              79.499087,
              13.573711
            ],
            [
              79.502744,
              13.560529
            ],
            [
              79.514566,
              13.559629
            ],
            [
              79.517165,
              13.565747
            ],
            [
              79.520689,
              13.562593
            ],
            [
              79.528293,
              13.562762
            ],
            [
              79.537213,
              13.571294
            ],
            [
              79.536692,
              13.578035
            ],
            [
              79.530879,
              13.587402
            ],
            [
              79.537097,
              13.601902
            ],
            [
              79.547726,
              13.586229
            ],
            [
              79.559264,
              13.58622
            ],
            [
              79.558352,
              13.577401
            ],
            [
              79.562045,
              13.572152
            ],
            [
              79.568809,
              13.572861
            ]
          ]
        ]
      }
    },
    {
      "type": "Feature",
      "properties": {
        "OBJECTID_1": "       658",
        "OBJECTID_2": "       658",
        "OBJECTID_3": "       659",
        "OBJECTID": "       165",
        "DNAME": "CHITTOOR",
        "DMNAME": "SOMALA",
        "SHAPE_LENG": "  1.76344578000e+05",
        "Shape_Le_1": "  1.76344582642e+05",
        "Shape_Le_2": "  1.73665550567e+05",
        "Shape_Le_3": "  1.00000000000e+02",
        "Shape_Area": "  1.00000000000e+02",
        "MaxSimpTol": "  0.00000000000e+00",
        "MinSimpTol": "  1.79864409215e-03"
      },
      "geometry": {
        "type": "Polygon",
        "coordinates": [
          [
            [
              78.760448,
              13.585508
            ],
            [
              78.787967,
              13.580925
            ],
            [
              78.802744,
              13.581854
            ],
            [
              78.830537,
              13.579992
            ],
            [
              78.843736,
              13.566283
            ],
            [
              78.843074,
              13.550606
            ],
            [
              78.83881,
              13.54347
            ],
            [
              78.823269,
              13.548439
            ],
            [
              78.820638,
              13.542532
            ],
            [
              78.813566,
              13.539487
            ],
            [
              78.810179,
              13.540767
            ],
            [
              78.801864,
              13.533659
            ],
            [
              78.803597,
              13.52305
            ],
            [
              78.808823,
              13.519588
            ],
            [
              78.809328,
              13.50851
            ],
            [
              78.813326,
              13.499739
            ],
            [
              78.820239,
              13.498685
            ],
            [
              78.828836,
              13.504191
            ],
            [
              78.820358,
              13.516577
            ],
            [
              78.82904,
              13.518393
            ],
            [
              78.831337,
              13.516765
            ],
            [
              78.829422,
              13.508086
            ],
            [
              78.84542,
              13.51116
            ],
            [
              78.84935,
              13.500274
            ],
            [
              78.85447,
              13.497087
            ],
            [
              78.855271,
              13.492136
            ],
            [
              78.863358,
              13.491129
            ],
            [
              78.863054,
              13.486438
            ],
            [
              78.869134,
              13.488017
            ],
            [
              78.868386,
              13.49181
            ],
            [
              78.874191,
              13.495721
            ],
            [
              78.878531,
              13.495043
            ],
            [
              78.877899,
              13.492134
            ],
            [
              78.881453,
              13.495941
            ],
            [
              78.885558,
              13.493455
            ],
            [
              78.886023,
              13.499554
            ],
            [
              78.890813,
              13.501714
            ],
            [
              78.893195,
              13.494319
            ],
            [
              78.892135,
              13.484656
            ],
            [
              78.894951,
              13.481064
            ],
            [
              78.888445,
              13.471382
            ],
            [
              78.893426,
              13.471657
            ],
            [
              78.897074,
              13.46649
            ],
            [
              78.901254,
              13.466644
            ],
            [
              78.906787,
              13.449764
            ],
            [
              78.908801,
              13.454078
            ],
            [
              78.915384,
              13.455146
            ],
            [
              78.918115,
              13.459786
            ],
            [
              78.926689,
              13.461325
            ],
            [
              78.948369,
              13.472087
            ],
            [
              78.950992,
              13.481112
            ],
            [
              78.948092,
              13.483505
            ],
            [
              78.954546,
              13.488942
            ],
            [
              78.953065,
              13.494289
            ],
            [
              78.959511,
              13.4982
            ],
            [
              78.965934,
              13.497139
            ],
            [
              78.969289,
              13.504142
            ],
            [
              78.977627,
              13.505807
            ],
            [
              78.981299,
              13.491341
            ],
            [
              78.975013,
              13.486363
            ],
            [
              78.971926,
              13.471643
            ],
            [
              78.964527,
              13.467551
            ],
            [
              78.963811,
              13.463692
            ],
            [
              78.947349,
              13.457
            ],
            [
              78.931162,
              13.445725
            ],
            [
              78.933498,
              13.433593
            ],
            [
              78.948627,
              13.422979
            ],
            [
              78.924819,
              13.359217
            ],
            [
              78.907762,
              13.349271
            ],
            [
              78.899707,
              13.334639
            ],
            [
              78.898145,
              13.322884
            ],
            [
              78.880592,
              13.313281
            ],
            [
              78.851097,
              13.312521
            ],
            [
              78.841154,
              13.319449
            ],
            [
              78.832009,
              13.316519
            ],
            [
              78.82686,
              13.316711
            ],
            [
              78.832899,
              13.320444
            ],
            [
              78.829664,
              13.326428
            ],
            [
              78.822012,
              13.329633
            ],
            [
              78.822057,
              13.332885
            ],
            [
              78.805783,
              13.335718
            ],
            [
              78.781277,
              13.330472
            ],
            [
              78.775495,
              13.323696
            ],
            [
              78.767675,
              13.325413
            ],
            [
              78.764256,
              13.333525
            ],
            [
              78.77177,
              13.341871
            ],
            [
              78.769387,
              13.367652
            ],
            [
              78.752999,
              13.369279
            ],
            [
              78.746011,
              13.359435
            ],
            [
              78.735193,
              13.354611
            ],
            [
              78.727028,
              13.366033
            ],
            [
              78.711349,
              13.362342
            ],
            [
              78.698989,
              13.373236
            ],
            [
              78.699545,
              13.376978
            ],
            [
              78.709769,
              13.381332
            ],
            [
              78.712356,
              13.375686
            ],
            [
              78.727592,
              13.372151
            ],
            [
              78.731513,
              13.376732
            ],
            [
              78.730489,
              13.401164
            ],
            [
              78.716985,
              13.399808
            ],
            [
              78.717892,
              13.403912
            ],
            [
              78.711002,
              13.405858
            ],
            [
              78.704739,
              13.403923
            ],
            [
              78.703236,
              13.407687
            ],
            [
              78.720043,
              13.410187
            ],
            [
              78.73808,
              13.405998
            ],
            [
              78.738598,
              13.411574
            ],
            [
              78.751713,
              13.41547
            ],
            [
              78.752773,
              13.421464
            ],
            [
              78.728312,
              13.42988
            ],
            [
              78.729342,
              13.433423
            ],
            [
              78.740465,
              13.434131
            ],
            [
              78.739847,
              13.436806
            ],
            [
              78.731218,
              13.440564
            ],
            [
              78.750871,
              13.444601
            ],
            [
              78.758027,
              13.442763
            ],
            [
              78.759674,
              13.462645
            ],
            [
              78.752746,
              13.463675
            ],
            [
              78.748618,
              13.468345
            ],
            [
              78.757674,
              13.472228
            ],
            [
              78.759488,
              13.484775
            ],
            [
              78.756918,
              13.487495
            ],
            [
              78.748113,
              13.485797
            ],
            [
              78.747357,
              13.498722
            ],
            [
              78.75011,
              13.500875
            ],
            [
              78.764026,
              13.499663
            ],
            [
              78.774905,
              13.510865
            ],
            [
              78.77077,
              13.512907
            ],
            [
              78.757984,
              13.5088
            ],
            [
              78.758967,
              13.515163
            ],
            [
              78.765376,
              13.515016
            ],
            [
              78.772379,
              13.519143
            ],
            [
              78.761438,
              13.526939
            ],
            [
              78.748942,
              13.521414
            ],
            [
              78.746867,
              13.522378
            ],
            [
              78.747949,
              13.527651
            ],
            [
              78.739267,
              13.530096
            ],
            [
              78.737824,
              13.54007
            ],
            [
              78.741501,
              13.542299
            ],
            [
              78.738793,
              13.547018
            ],
            [
              78.741645,
              13.556159
            ],
            [
              78.738791,
              13.559342
            ],
            [
              78.738935,
              13.567187
            ],
            [
              78.747265,
              13.582673
            ],
            [
              78.75066,
              13.586767
            ],
            [
              78.760448,
              13.585508
            ]
          ]
        ]
      }
    },
    {
      "type": "Feature",
      "properties": {
        "OBJECTID_1": "       659",
        "OBJECTID_2": "       659",
        "OBJECTID_3": "       660",
        "OBJECTID": "       157",
        "DNAME": "CHITTOOR",
        "DMNAME": "RAMACHANDRAPURAM1",
        "SHAPE_LENG": "  8.00108590000e+04",
        "Shape_Le_1": "  8.00108627906e+04",
        "Shape_Le_2": "  7.82791301812e+04",
        "Shape_Le_3": "  1.00000000000e+02",
        "Shape_Area": "  1.00000000000e+02",
        "MaxSimpTol": "  0.00000000000e+00",
        "MinSimpTol": "  1.79864409215e-03"
      },
      "geometry": {
        "type": "Polygon",
        "coordinates": [
          [
            [
              79.4649,
              13.564138
            ],
            [
              79.463142,
              13.5501
            ],
            [
              79.465691,
              13.543483
            ],
            [
              79.460787,
              13.542639
            ],
            [
              79.46221,
              13.52949
            ],
            [
              79.454195,
              13.523364
            ],
            [
              79.443465,
              13.521028
            ],
            [
              79.43832,
              13.511005
            ],
            [
              79.441152,
              13.499584
            ],
            [
              79.420439,
              13.491536
            ],
            [
              79.418298,
              13.485913
            ],
            [
              79.416733,
              13.491006
            ],
            [
              79.412309,
              13.492049
            ],
            [
              79.415075,
              13.502501
            ],
            [
              79.402894,
              13.502895
            ],
            [
              79.393354,
              13.496678
            ],
            [
              79.392608,
              13.491664
            ],
            [
              79.386164,
              13.489085
            ],
            [
              79.381495,
              13.49113
            ],
            [
              79.382501,
              13.493506
            ],
            [
              79.368323,
              13.492569
            ],
            [
              79.355388,
              13.489148
            ],
            [
              79.360842,
              13.486589
            ],
            [
              79.349857,
              13.489865
            ],
            [
              79.346922,
              13.485277
            ],
            [
              79.289801,
              13.482434
            ],
            [
              79.277545,
              13.478483
            ],
            [
              79.270345,
              13.472384
            ],
            [
              79.260087,
              13.470117
            ],
            [
              79.257453,
              13.47811
            ],
            [
              79.247849,
              13.482649
            ],
            [
              79.24502,
              13.514844
            ],
            [
              79.248673,
              13.516953
            ],
            [
              79.281319,
              13.514985
            ],
            [
              79.289496,
              13.518268
            ],
            [
              79.304079,
              13.516041
            ],
            [
              79.308137,
              13.517998
            ],
            [
              79.310457,
              13.542664
            ],
            [
              79.326127,
              13.56036
            ],
            [
              79.340403,
              13.568274
            ],
            [
              79.346132,
              13.564201
            ],
            [
              79.371972,
              13.568008
            ],
            [
              79.372858,
              13.564178
            ],
            [
              79.391444,
              13.565274
            ],
            [
              79.382507,
              13.560171
            ],
            [
              79.385368,
              13.555888
            ],
            [
              79.392169,
              13.565246
            ],
            [
              79.400428,
              13.567658
            ],
            [
              79.407038,
              13.577399
            ],
            [
              79.415488,
              13.580582
            ],
            [
              79.421559,
              13.579734
            ],
            [
              79.414185,
              13.577427
            ],
            [
              79.412616,
              13.56708
            ],
            [
              79.415782,
              13.56485
            ],
            [
              79.413085,
              13.554454
            ],
            [
              79.414855,
              13.552932
            ],
            [
              79.421398,
              13.555139
            ],
            [
              79.433995,
              13.566633
            ],
            [
              79.4649,
              13.564138
            ]
          ]
        ]
      }
    },
    {
      "type": "Feature",
      "properties": {
        "OBJECTID_1": "       660",
        "OBJECTID_2": "       660",
        "OBJECTID_3": "       661",
        "OBJECTID": "       141",
        "DNAME": "CHITTOOR",
        "DMNAME": "NARAYANAVANAM",
        "SHAPE_LENG": "  8.83720940000e+04",
        "Shape_Le_1": "  8.83720975004e+04",
        "Shape_Le_2": "  8.75011007106e+04",
        "Shape_Le_3": "  1.00000000000e+02",
        "Shape_Area": "  1.00000000000e+02",
        "MaxSimpTol": "  0.00000000000e+00",
        "MinSimpTol": "  1.79864409215e-03"
      },
      "geometry": {
        "type": "Polygon",
        "coordinates": [
          [
            [
              79.681462,
              13.442742
            ],
            [
              79.673746,
              13.438379
            ],
            [
              79.672146,
              13.411851
            ],
            [
              79.650205,
              13.410481
            ],
            [
              79.64882,
              13.400053
            ],
            [
              79.64343,
              13.39828
            ],
            [
              79.636172,
              13.388803
            ],
            [
              79.636086,
              13.393521
            ],
            [
              79.633372,
              13.393062
            ],
            [
              79.634212,
              13.388636
            ],
            [
              79.631451,
              13.388679
            ],
            [
              79.631114,
              13.393146
            ],
            [
              79.627613,
              13.392938
            ],
            [
              79.624393,
              13.398033
            ],
            [
              79.599012,
              13.398789
            ],
            [
              79.578429,
              13.393323
            ],
            [
              79.570616,
              13.403066
            ],
            [
              79.574003,
              13.425755
            ],
            [
              79.559653,
              13.415346
            ],
            [
              79.558493,
              13.441133
            ],
            [
              79.579924,
              13.440806
            ],
            [
              79.589325,
              13.451061
            ],
            [
              79.579637,
              13.457973
            ],
            [
              79.577263,
              13.463594
            ],
            [
              79.583249,
              13.467697
            ],
            [
              79.590273,
              13.466238
            ],
            [
              79.593848,
              13.472095
            ],
            [
              79.584732,
              13.478969
            ],
            [
              79.579814,
              13.47568
            ],
            [
              79.56545,
              13.487764
            ],
            [
              79.563106,
              13.494211
            ],
            [
              79.565542,
              13.509061
            ],
            [
              79.556657,
              13.508899
            ],
            [
              79.541578,
              13.51294
            ],
            [
              79.534351,
              13.505257
            ],
            [
              79.534188,
              13.514016
            ],
            [
              79.536466,
              13.52017
            ],
            [
              79.551502,
              13.534624
            ],
            [
              79.548653,
              13.54657
            ],
            [
              79.555035,
              13.54965
            ],
            [
              79.567332,
              13.569464
            ],
            [
              79.603409,
              13.567625
            ],
            [
              79.629184,
              13.569502
            ],
            [
              79.627582,
              13.546557
            ],
            [
              79.632108,
              13.527376
            ],
            [
              79.652921,
              13.525493
            ],
            [
              79.660902,
              13.514932
            ],
            [
              79.69267,
              13.512331
            ],
            [
              79.693177,
              13.508901
            ],
            [
              79.707404,
              13.517592
            ],
            [
              79.708125,
              13.504274
            ],
            [
              79.702948,
              13.500238
            ],
            [
              79.683868,
              13.500927
            ],
            [
              79.668411,
              13.472046
            ],
            [
              79.667665,
              13.469344
            ],
            [
              79.674241,
              13.463352
            ],
            [
              79.681865,
              13.447818
            ],
            [
              79.6834,
              13.443877
            ],
            [
              79.681462,
              13.442742
            ]
          ]
        ]
      }
    },
    {
      "type": "Feature",
      "properties": {
        "OBJECTID_1": "       661",
        "OBJECTID_2": "       661",
        "OBJECTID_3": "       662",
        "OBJECTID": "       144",
        "DNAME": "CHITTOOR",
        "DMNAME": "PAKALA",
        "SHAPE_LENG": "  1.07136938000e+05",
        "Shape_Le_1": "  1.07136940009e+05",
        "Shape_Le_2": "  1.05250411067e+05",
        "Shape_Le_3": "  1.00000000000e+02",
        "Shape_Area": "  1.00000000000e+02",
        "MaxSimpTol": "  0.00000000000e+00",
        "MinSimpTol": "  1.79864409215e-03"
      },
      "geometry": {
        "type": "Polygon",
        "coordinates": [
          [
            [
              79.14392,
              13.521805
            ],
            [
              79.147491,
              13.517026
            ],
            [
              79.155011,
              13.519055
            ],
            [
              79.1493,
              13.509652
            ],
            [
              79.15483,
              13.509312
            ],
            [
              79.152497,
              13.504762
            ],
            [
              79.162086,
              13.502051
            ],
            [
              79.154155,
              13.491858
            ],
            [
              79.146497,
              13.488627
            ],
            [
              79.138884,
              13.492239
            ],
            [
              79.133011,
              13.487651
            ],
            [
              79.13565,
              13.485957
            ],
            [
              79.134858,
              13.483023
            ],
            [
              79.147894,
              13.48211
            ],
            [
              79.14987,
              13.479147
            ],
            [
              79.125759,
              13.476667
            ],
            [
              79.125264,
              13.473582
            ],
            [
              79.128238,
              13.474636
            ],
            [
              79.129253,
              13.471663
            ],
            [
              79.143548,
              13.474369
            ],
            [
              79.149156,
              13.469327
            ],
            [
              79.157356,
              13.467745
            ],
            [
              79.157843,
              13.471318
            ],
            [
              79.174175,
              13.473015
            ],
            [
              79.181292,
              13.470074
            ],
            [
              79.177304,
              13.46517
            ],
            [
              79.181423,
              13.463927
            ],
            [
              79.174498,
              13.459252
            ],
            [
              79.18607,
              13.455425
            ],
            [
              79.175315,
              13.451635
            ],
            [
              79.167923,
              13.454056
            ],
            [
              79.165835,
              13.446046
            ],
            [
              79.176721,
              13.440485
            ],
            [
              79.168583,
              13.43604
            ],
            [
              79.166586,
              13.426592
            ],
            [
              79.170088,
              13.425996
            ],
            [
              79.170547,
              13.420216
            ],
            [
              79.177023,
              13.418155
            ],
            [
              79.181271,
              13.420115
            ],
            [
              79.180434,
              13.414459
            ],
            [
              79.191311,
              13.413477
            ],
            [
              79.192464,
              13.410585
            ],
            [
              79.176012,
              13.40462
            ],
            [
              79.171855,
              13.399389
            ],
            [
              79.161557,
              13.40096
            ],
            [
              79.158842,
              13.399902
            ],
            [
              79.156918,
              13.406998
            ],
            [
              79.153508,
              13.407657
            ],
            [
              79.153919,
              13.413818
            ],
            [
              79.149578,
              13.414272
            ],
            [
              79.150029,
              13.40882
            ],
            [
              79.145208,
              13.411785
            ],
            [
              79.142569,
              13.409756
            ],
            [
              79.142063,
              13.421779
            ],
            [
              79.132512,
              13.422099
            ],
            [
              79.129035,
              13.417693
            ],
            [
              79.124663,
              13.418869
            ],
            [
              79.124777,
              13.422344
            ],
            [
              79.122062,
              13.419884
            ],
            [
              79.104242,
              13.426199
            ],
            [
              79.092105,
              13.425139
            ],
            [
              79.09185,
              13.43997
            ],
            [
              79.077707,
              13.444076
            ],
            [
              79.071511,
              13.450469
            ],
            [
              79.061443,
              13.446553
            ],
            [
              79.050908,
              13.451667
            ],
            [
              79.047786,
              13.460775
            ],
            [
              79.036418,
              13.470743
            ],
            [
              79.024722,
              13.476873
            ],
            [
              79.011265,
              13.479729
            ],
            [
              78.99947,
              13.49223
            ],
            [
              78.981299,
              13.491341
            ],
            [
              78.984201,
              13.51595
            ],
            [
              78.977684,
              13.52894
            ],
            [
              78.964914,
              13.531452
            ],
            [
              78.95125,
              13.541563
            ],
            [
              78.968239,
              13.542753
            ],
            [
              78.974578,
              13.53898
            ],
            [
              78.995502,
              13.54519
            ],
            [
              79.004138,
              13.540061
            ],
            [
              79.015336,
              13.543638
            ],
            [
              79.021451,
              13.562428
            ],
            [
              79.029041,
              13.563756
            ],
            [
              79.037676,
              13.562279
            ],
            [
              79.039288,
              13.554184
            ],
            [
              79.042705,
              13.551155
            ],
            [
              79.043042,
              13.541198
            ],
            [
              79.049328,
              13.539867
            ],
            [
              79.064167,
              13.529528
            ],
            [
              79.082009,
              13.532371
            ],
            [
              79.082903,
              13.519908
            ],
            [
              79.090304,
              13.513822
            ],
            [
              79.1063,
              13.514902
            ],
            [
              79.112089,
              13.517711
            ],
            [
              79.111036,
              13.521736
            ],
            [
              79.114987,
              13.519554
            ],
            [
              79.117435,
              13.521584
            ],
            [
              79.14392,
              13.521805
            ]
          ]
        ]
      }
    },
    {
      "type": "Feature",
      "properties": {
        "OBJECTID_1": "       662",
        "OBJECTID_2": "       662",
        "OBJECTID_3": "       663",
        "OBJECTID": "       163",
        "DNAME": "CHITTOOR",
        "DMNAME": "SATYAVEDU",
        "SHAPE_LENG": "  1.13204813000e+05",
        "Shape_Le_1": "  1.13204813125e+05",
        "Shape_Le_2": "  1.10785744974e+05",
        "Shape_Le_3": "  1.00000000000e+02",
        "Shape_Area": "  1.00000000000e+02",
        "MaxSimpTol": "  0.00000000000e+00",
        "MinSimpTol": "  1.79864409215e-03"
      },
      "geometry": {
        "type": "Polygon",
        "coordinates": [
          [
            [
              80.010116,
              13.546544
            ],
            [
              80.000709,
              13.545567
            ],
            [
              80.000515,
              13.525686
            ],
            [
              80.017471,
              13.529804
            ],
            [
              80.019255,
              13.519049
            ],
            [
              80.026959,
              13.513617
            ],
            [
              80.035353,
              13.518473
            ],
            [
              80.048501,
              13.51262
            ],
            [
              80.046618,
              13.493684
            ],
            [
              80.03,
              13.498188
            ],
            [
              80.015904,
              13.497952
            ],
            [
              80.01584,
              13.489025
            ],
            [
              80.007491,
              13.47864
            ],
            [
              79.98407,
              13.479579
            ],
            [
              79.98239,
              13.470455
            ],
            [
              79.972415,
              13.46909
            ],
            [
              79.971102,
              13.440261
            ],
            [
              79.973333,
              13.429672
            ],
            [
              79.956649,
              13.422194
            ],
            [
              79.952551,
              13.425847
            ],
            [
              79.949475,
              13.423751
            ],
            [
              79.939605,
              13.425029
            ],
            [
              79.941837,
              13.416722
            ],
            [
              79.93457,
              13.416453
            ],
            [
              79.94221,
              13.412798
            ],
            [
              79.941374,
              13.41015
            ],
            [
              79.945703,
              13.407732
            ],
            [
              79.941279,
              13.40061
            ],
            [
              79.944353,
              13.396868
            ],
            [
              79.956231,
              13.397139
            ],
            [
              79.962568,
              13.394231
            ],
            [
              79.958044,
              13.379174
            ],
            [
              79.953898,
              13.377119
            ],
            [
              79.948213,
              13.383235
            ],
            [
              79.945046,
              13.381777
            ],
            [
              79.949471,
              13.37548
            ],
            [
              79.945646,
              13.36374
            ],
            [
              79.942198,
              13.363561
            ],
            [
              79.942899,
              13.361277
            ],
            [
              79.933112,
              13.351921
            ],
            [
              79.925289,
              13.358359
            ],
            [
              79.915971,
              13.359869
            ],
            [
              79.913362,
              13.352246
            ],
            [
              79.914852,
              13.348137
            ],
            [
              79.91038,
              13.347271
            ],
            [
              79.903811,
              13.340429
            ],
            [
              79.888472,
              13.335027
            ],
            [
              79.883172,
              13.339679
            ],
            [
              79.880351,
              13.33824
            ],
            [
              79.875393,
              13.358257
            ],
            [
              79.880251,
              13.358777
            ],
            [
              79.877033,
              13.378837
            ],
            [
              79.870737,
              13.3903
            ],
            [
              79.8772,
              13.397896
            ],
            [
              79.876459,
              13.403323
            ],
            [
              79.860314,
              13.405063
            ],
            [
              79.851539,
              13.421041
            ],
            [
              79.840334,
              13.427383
            ],
            [
              79.848668,
              13.430956
            ],
            [
              79.870491,
              13.452819
            ],
            [
              79.87153,
              13.469706
            ],
            [
              79.866625,
              13.471531
            ],
            [
              79.869398,
              13.479215
            ],
            [
              79.880422,
              13.487504
            ],
            [
              79.890246,
              13.481369
            ],
            [
              79.891464,
              13.485219
            ],
            [
              79.890982,
              13.489434
            ],
            [
              79.881625,
              13.489259
            ],
            [
              79.858913,
              13.497562
            ],
            [
              79.85975,
              13.501864
            ],
            [
              79.870102,
              13.512005
            ],
            [
              79.871388,
              13.517661
            ],
            [
              79.877199,
              13.519295
            ],
            [
              79.877007,
              13.521811
            ],
            [
              79.883619,
              13.52054
            ],
            [
              79.89009,
              13.52696
            ],
            [
              79.885971,
              13.530674
            ],
            [
              79.905412,
              13.53901
            ],
            [
              79.912422,
              13.534897
            ],
            [
              79.918468,
              13.535707
            ],
            [
              79.93623,
              13.530409
            ],
            [
              79.949143,
              13.539588
            ],
            [
              79.95514,
              13.548129
            ],
            [
              79.967401,
              13.532637
            ],
            [
              79.971235,
              13.535525
            ],
            [
              79.974852,
              13.545271
            ],
            [
              79.98415,
              13.538602
            ],
            [
              79.986512,
              13.542761
            ],
            [
              79.992558,
              13.543265
            ],
            [
              79.997205,
              13.55472
            ],
            [
              79.995679,
              13.556805
            ],
            [
              79.99959,
              13.559325
            ],
            [
              80.006785,
              13.556639
            ],
            [
              80.010116,
              13.546544
            ]
          ]
        ]
      }
    },
    {
      "type": "Feature",
      "properties": {
        "OBJECTID_1": "       663",
        "OBJECTID_2": "       663",
        "OBJECTID_3": "       664",
        "OBJECTID": "       123",
        "DNAME": "CHITTOOR",
        "DMNAME": "CHOWDEPALLE",
        "SHAPE_LENG": "  1.13632477000e+05",
        "Shape_Le_1": "  1.13632474436e+05",
        "Shape_Le_2": "  1.11920134730e+05",
        "Shape_Le_3": "  1.00000000000e+02",
        "Shape_Area": "  1.00000000000e+02",
        "MaxSimpTol": "  0.00000000000e+00",
        "MinSimpTol": "  1.79864409215e-03"
      },
      "geometry": {
        "type": "Polygon",
        "coordinates": [
          [
            [
              78.739267,
              13.530096
            ],
            [
              78.747949,
              13.527651
            ],
            [
              78.746867,
              13.522378
            ],
            [
              78.748942,
              13.521414
            ],
            [
              78.761438,
              13.526939
            ],
            [
              78.772379,
              13.519143
            ],
            [
              78.765376,
              13.515016
            ],
            [
              78.758967,
              13.515163
            ],
            [
              78.757984,
              13.5088
            ],
            [
              78.77077,
              13.512907
            ],
            [
              78.774905,
              13.510865
            ],
            [
              78.764026,
              13.499663
            ],
            [
              78.75011,
              13.500875
            ],
            [
              78.747357,
              13.498722
            ],
            [
              78.748113,
              13.485797
            ],
            [
              78.756918,
              13.487495
            ],
            [
              78.759488,
              13.484775
            ],
            [
              78.757674,
              13.472228
            ],
            [
              78.748618,
              13.468345
            ],
            [
              78.752746,
              13.463675
            ],
            [
              78.759674,
              13.462645
            ],
            [
              78.758027,
              13.442763
            ],
            [
              78.750871,
              13.444601
            ],
            [
              78.731218,
              13.440564
            ],
            [
              78.739847,
              13.436806
            ],
            [
              78.740465,
              13.434131
            ],
            [
              78.729342,
              13.433423
            ],
            [
              78.728312,
              13.42988
            ],
            [
              78.752773,
              13.421464
            ],
            [
              78.751713,
              13.41547
            ],
            [
              78.738598,
              13.411574
            ],
            [
              78.73808,
              13.405998
            ],
            [
              78.720043,
              13.410187
            ],
            [
              78.703236,
              13.407687
            ],
            [
              78.704739,
              13.403923
            ],
            [
              78.711002,
              13.405858
            ],
            [
              78.717892,
              13.403912
            ],
            [
              78.716985,
              13.399808
            ],
            [
              78.730489,
              13.401164
            ],
            [
              78.731513,
              13.376732
            ],
            [
              78.727592,
              13.372151
            ],
            [
              78.712356,
              13.375686
            ],
            [
              78.709769,
              13.381332
            ],
            [
              78.699545,
              13.376978
            ],
            [
              78.698989,
              13.373236
            ],
            [
              78.689131,
              13.373561
            ],
            [
              78.675115,
              13.362979
            ],
            [
              78.665647,
              13.365657
            ],
            [
              78.654119,
              13.3533
            ],
            [
              78.647641,
              13.352709
            ],
            [
              78.643307,
              13.360139
            ],
            [
              78.636821,
              13.360721
            ],
            [
              78.63753,
              13.371064
            ],
            [
              78.641817,
              13.377976
            ],
            [
              78.635592,
              13.38018
            ],
            [
              78.631944,
              13.388079
            ],
            [
              78.621186,
              13.387696
            ],
            [
              78.619667,
              13.392853
            ],
            [
              78.609633,
              13.400349
            ],
            [
              78.597273,
              13.400234
            ],
            [
              78.593754,
              13.423993
            ],
            [
              78.598491,
              13.457649
            ],
            [
              78.596805,
              13.462546
            ],
            [
              78.59128,
              13.463616
            ],
            [
              78.599771,
              13.487712
            ],
            [
              78.613794,
              13.490797
            ],
            [
              78.626048,
              13.484689
            ],
            [
              78.643932,
              13.489717
            ],
            [
              78.659298,
              13.483908
            ],
            [
              78.664509,
              13.491533
            ],
            [
              78.663394,
              13.499265
            ],
            [
              78.643816,
              13.508581
            ],
            [
              78.637553,
              13.507882
            ],
            [
              78.627854,
              13.516823
            ],
            [
              78.633478,
              13.515913
            ],
            [
              78.659051,
              13.526651
            ],
            [
              78.674868,
              13.519617
            ],
            [
              78.67538,
              13.510689
            ],
            [
              78.671726,
              13.506013
            ],
            [
              78.673763,
              13.503688
            ],
            [
              78.677593,
              13.504197
            ],
            [
              78.682315,
              13.510684
            ],
            [
              78.684649,
              13.524037
            ],
            [
              78.69182,
              13.529364
            ],
            [
              78.692216,
              13.5354
            ],
            [
              78.722207,
              13.537577
            ],
            [
              78.721445,
              13.531313
            ],
            [
              78.709963,
              13.516237
            ],
            [
              78.713847,
              13.51394
            ],
            [
              78.720957,
              13.522101
            ],
            [
              78.739267,
              13.530096
            ]
          ]
        ]
      }
    },
    {
      "type": "Feature",
      "properties": {
        "OBJECTID_1": "       664",
        "OBJECTID_2": "       664",
        "OBJECTID_3": "       665",
        "OBJECTID": "       154",
        "DNAME": "CHITTOOR",
        "DMNAME": "PUNGANUR",
        "SHAPE_LENG": "  1.14753672000e+05",
        "Shape_Le_1": "  1.14753671138e+05",
        "Shape_Le_2": "  1.12810964392e+05",
        "Shape_Le_3": "  1.00000000000e+02",
        "Shape_Area": "  1.00000000000e+02",
        "MaxSimpTol": "  0.00000000000e+00",
        "MinSimpTol": "  1.79864409215e-03"
      },
      "geometry": {
        "type": "Polygon",
        "coordinates": [
          [
            [
              78.599771,
              13.487712
            ],
            [
              78.59128,
              13.463616
            ],
            [
              78.596805,
              13.462546
            ],
            [
              78.598491,
              13.457649
            ],
            [
              78.593754,
              13.423993
            ],
            [
              78.597273,
              13.400234
            ],
            [
              78.609633,
              13.400349
            ],
            [
              78.619667,
              13.392853
            ],
            [
              78.621186,
              13.387696
            ],
            [
              78.631944,
              13.388079
            ],
            [
              78.635592,
              13.38018
            ],
            [
              78.641817,
              13.377976
            ],
            [
              78.63753,
              13.371064
            ],
            [
              78.636821,
              13.360721
            ],
            [
              78.643307,
              13.360139
            ],
            [
              78.647641,
              13.352709
            ],
            [
              78.654119,
              13.3533
            ],
            [
              78.665647,
              13.365657
            ],
            [
              78.675115,
              13.362979
            ],
            [
              78.674948,
              13.349586
            ],
            [
              78.669714,
              13.349899
            ],
            [
              78.659178,
              13.343772
            ],
            [
              78.667114,
              13.332653
            ],
            [
              78.654907,
              13.315288
            ],
            [
              78.651542,
              13.316632
            ],
            [
              78.651053,
              13.321319
            ],
            [
              78.642409,
              13.325146
            ],
            [
              78.638845,
              13.333338
            ],
            [
              78.62608,
              13.328361
            ],
            [
              78.612391,
              13.331859
            ],
            [
              78.600366,
              13.349707
            ],
            [
              78.596047,
              13.347983
            ],
            [
              78.594148,
              13.336445
            ],
            [
              78.588639,
              13.328125
            ],
            [
              78.582161,
              13.3273
            ],
            [
              78.582413,
              13.318618
            ],
            [
              78.577858,
              13.317125
            ],
            [
              78.578347,
              13.312674
            ],
            [
              78.56952,
              13.308325
            ],
            [
              78.565441,
              13.31185
            ],
            [
              78.563051,
              13.309302
            ],
            [
              78.564507,
              13.294173
            ],
            [
              78.556029,
              13.283822
            ],
            [
              78.539245,
              13.28781
            ],
            [
              78.536509,
              13.27338
            ],
            [
              78.531943,
              13.266816
            ],
            [
              78.52176,
              13.272998
            ],
            [
              78.519831,
              13.282687
            ],
            [
              78.513141,
              13.285235
            ],
            [
              78.513776,
              13.290425
            ],
            [
              78.50453,
              13.291154
            ],
            [
              78.498788,
              13.299558
            ],
            [
              78.479314,
              13.301288
            ],
            [
              78.483756,
              13.314384
            ],
            [
              78.483405,
              13.321168
            ],
            [
              78.478882,
              13.321977
            ],
            [
              78.489276,
              13.326022
            ],
            [
              78.492855,
              13.335478
            ],
            [
              78.496693,
              13.338367
            ],
            [
              78.517333,
              13.341104
            ],
            [
              78.518996,
              13.347942
            ],
            [
              78.52523,
              13.354866
            ],
            [
              78.521369,
              13.363949
            ],
            [
              78.505765,
              13.367881
            ],
            [
              78.521582,
              13.38062
            ],
            [
              78.516744,
              13.400951
            ],
            [
              78.51988,
              13.406165
            ],
            [
              78.518408,
              13.411003
            ],
            [
              78.511196,
              13.416574
            ],
            [
              78.509991,
              13.421246
            ],
            [
              78.499903,
              13.42622
            ],
            [
              78.500872,
              13.43568
            ],
            [
              78.505153,
              13.44322
            ],
            [
              78.489068,
              13.444561
            ],
            [
              78.481636,
              13.442308
            ],
            [
              78.479469,
              13.443206
            ],
            [
              78.479714,
              13.449917
            ],
            [
              78.485444,
              13.450958
            ],
            [
              78.476943,
              13.455178
            ],
            [
              78.483894,
              13.459145
            ],
            [
              78.48729,
              13.46855
            ],
            [
              78.499292,
              13.483128
            ],
            [
              78.506022,
              13.484807
            ],
            [
              78.507975,
              13.481465
            ],
            [
              78.524761,
              13.483728
            ],
            [
              78.531208,
              13.488834
            ],
            [
              78.53977,
              13.490142
            ],
            [
              78.53787,
              13.485961
            ],
            [
              78.54344,
              13.483319
            ],
            [
              78.552237,
              13.500912
            ],
            [
              78.561316,
              13.505814
            ],
            [
              78.561583,
              13.511416
            ],
            [
              78.567686,
              13.515807
            ],
            [
              78.575851,
              13.506044
            ],
            [
              78.599771,
              13.487712
            ]
          ]
        ]
      }
    },
    {
      "type": "Feature",
      "properties": {
        "OBJECTID_1": "       665",
        "OBJECTID_2": "       665",
        "OBJECTID_3": "       666",
        "OBJECTID": "       158",
        "DNAME": "CHITTOOR",
        "DMNAME": "RAMAKUPPAM",
        "SHAPE_LENG": "  1.13684188000e+05",
        "Shape_Le_1": "  1.13684185331e+05",
        "Shape_Le_2": "  1.11804484472e+05",
        "Shape_Le_3": "  1.00000000000e+02",
        "Shape_Area": "  1.00000000000e+02",
        "MaxSimpTol": "  0.00000000000e+00",
        "MinSimpTol": "  1.79864409215e-03"
      },
      "geometry": {
        "type": "Polygon",
        "coordinates": [
          [
            [
              79.513679,
              13.462539
            ],
            [
              79.519547,
              13.454806
            ],
            [
              79.520488,
              13.444288
            ],
            [
              79.513814,
              13.445266
            ],
            [
              79.509879,
              13.442218
            ],
            [
              79.507758,
              13.42102
            ],
            [
              79.509592,
              13.38358
            ],
            [
              79.504482,
              13.38076
            ],
            [
              79.509405,
              13.369454
            ],
            [
              79.50361,
              13.364257
            ],
            [
              79.507341,
              13.359996
            ],
            [
              79.500043,
              13.356647
            ],
            [
              79.498098,
              13.346851
            ],
            [
              79.480486,
              13.34
            ],
            [
              79.46544,
              13.338726
            ],
            [
              79.464065,
              13.341723
            ],
            [
              79.456255,
              13.338571
            ],
            [
              79.447663,
              13.346315
            ],
            [
              79.435429,
              13.35171
            ],
            [
              79.431669,
              13.336715
            ],
            [
              79.420859,
              13.336144
            ],
            [
              79.41415,
              13.339692
            ],
            [
              79.406033,
              13.335054
            ],
            [
              79.402477,
              13.330229
            ],
            [
              79.398368,
              13.329983
            ],
            [
              79.391071,
              13.332758
            ],
            [
              79.398949,
              13.337794
            ],
            [
              79.395354,
              13.345371
            ],
            [
              79.384136,
              13.338703
            ],
            [
              79.378778,
              13.35021
            ],
            [
              79.383857,
              13.35264
            ],
            [
              79.372034,
              13.355772
            ],
            [
              79.369905,
              13.359187
            ],
            [
              79.345673,
              13.358317
            ],
            [
              79.331738,
              13.354205
            ],
            [
              79.311865,
              13.364027
            ],
            [
              79.314777,
              13.374366
            ],
            [
              79.321001,
              13.376813
            ],
            [
              79.318223,
              13.381583
            ],
            [
              79.32022,
              13.386011
            ],
            [
              79.332691,
              13.389298
            ],
            [
              79.335793,
              13.398977
            ],
            [
              79.34489,
              13.409005
            ],
            [
              79.345802,
              13.419627
            ],
            [
              79.340025,
              13.430525
            ],
            [
              79.341993,
              13.433282
            ],
            [
              79.358841,
              13.435594
            ],
            [
              79.364092,
              13.422278
            ],
            [
              79.367426,
              13.420847
            ],
            [
              79.373672,
              13.423088
            ],
            [
              79.373379,
              13.434127
            ],
            [
              79.397871,
              13.434545
            ],
            [
              79.398717,
              13.436858
            ],
            [
              79.410889,
              13.438939
            ],
            [
              79.41645,
              13.436278
            ],
            [
              79.422077,
              13.443782
            ],
            [
              79.423479,
              13.44906
            ],
            [
              79.409353,
              13.451638
            ],
            [
              79.401957,
              13.468215
            ],
            [
              79.367894,
              13.468255
            ],
            [
              79.386164,
              13.489085
            ],
            [
              79.392608,
              13.491664
            ],
            [
              79.393354,
              13.496678
            ],
            [
              79.402894,
              13.502895
            ],
            [
              79.415075,
              13.502501
            ],
            [
              79.412309,
              13.492049
            ],
            [
              79.416733,
              13.491006
            ],
            [
              79.418298,
              13.485913
            ],
            [
              79.420439,
              13.491536
            ],
            [
              79.441152,
              13.499584
            ],
            [
              79.447864,
              13.498066
            ],
            [
              79.457563,
              13.506693
            ],
            [
              79.471047,
              13.507863
            ],
            [
              79.475083,
              13.504573
            ],
            [
              79.479833,
              13.508773
            ],
            [
              79.490876,
              13.51043
            ],
            [
              79.489276,
              13.503918
            ],
            [
              79.491461,
              13.495061
            ],
            [
              79.499566,
              13.499455
            ],
            [
              79.51859,
              13.493003
            ],
            [
              79.518392,
              13.490887
            ],
            [
              79.509408,
              13.490107
            ],
            [
              79.509242,
              13.484636
            ],
            [
              79.502507,
              13.484051
            ],
            [
              79.503356,
              13.475324
            ],
            [
              79.500261,
              13.471385
            ],
            [
              79.490751,
              13.468718
            ],
            [
              79.486486,
              13.47357
            ],
            [
              79.475351,
              13.473409
            ],
            [
              79.475292,
              13.466571
            ],
            [
              79.486301,
              13.454847
            ],
            [
              79.497526,
              13.460119
            ],
            [
              79.500293,
              13.465067
            ],
            [
              79.513679,
              13.462539
            ]
          ]
        ]
      }
    },
    {
      "type": "Feature",
      "properties": {
        "OBJECTID_1": "       666",
        "OBJECTID_2": "       666",
        "OBJECTID_3": "       667",
        "OBJECTID": "       156",
        "DNAME": "CHITTOOR",
        "DMNAME": "PUTTUR",
        "SHAPE_LENG": "  6.62464920000e+04",
        "Shape_Le_1": "  6.62464919492e+04",
        "Shape_Le_2": "  6.54652285747e+04",
        "Shape_Le_3": "  1.00000000000e+02",
        "Shape_Area": "  1.00000000000e+02",
        "MaxSimpTol": "  0.00000000000e+00",
        "MinSimpTol": "  1.79864409215e-03"
      },
      "geometry": {
        "type": "Polygon",
        "coordinates": [
          [
            [
              79.578429,
              13.393323
            ],
            [
              79.57918,
              13.37986
            ],
            [
              79.56328,
              13.375092
            ],
            [
              79.555616,
              13.370724
            ],
            [
              79.554946,
              13.366862
            ],
            [
              79.552521,
              13.365652
            ],
            [
              79.552116,
              13.368452
            ],
            [
              79.543401,
              13.362046
            ],
            [
              79.535867,
              13.338213
            ],
            [
              79.525935,
              13.344387
            ],
            [
              79.521792,
              13.341814
            ],
            [
              79.511084,
              13.341971
            ],
            [
              79.510081,
              13.334174
            ],
            [
              79.497598,
              13.332555
            ],
            [
              79.499708,
              13.347787
            ],
            [
              79.498098,
              13.346851
            ],
            [
              79.500043,
              13.356647
            ],
            [
              79.507341,
              13.359996
            ],
            [
              79.50361,
              13.364257
            ],
            [
              79.509405,
              13.369454
            ],
            [
              79.504482,
              13.38076
            ],
            [
              79.509592,
              13.38358
            ],
            [
              79.507758,
              13.42102
            ],
            [
              79.509879,
              13.442218
            ],
            [
              79.513814,
              13.445266
            ],
            [
              79.520488,
              13.444288
            ],
            [
              79.519547,
              13.454806
            ],
            [
              79.513679,
              13.462539
            ],
            [
              79.524731,
              13.462548
            ],
            [
              79.527886,
              13.469584
            ],
            [
              79.52512,
              13.485903
            ],
            [
              79.53138,
              13.492771
            ],
            [
              79.535697,
              13.491914
            ],
            [
              79.548401,
              13.497785
            ],
            [
              79.556657,
              13.508899
            ],
            [
              79.565542,
              13.509061
            ],
            [
              79.563106,
              13.494211
            ],
            [
              79.56545,
              13.487764
            ],
            [
              79.579814,
              13.47568
            ],
            [
              79.584732,
              13.478969
            ],
            [
              79.593848,
              13.472095
            ],
            [
              79.590273,
              13.466238
            ],
            [
              79.583249,
              13.467697
            ],
            [
              79.577263,
              13.463594
            ],
            [
              79.579637,
              13.457973
            ],
            [
              79.589325,
              13.451061
            ],
            [
              79.579924,
              13.440806
            ],
            [
              79.558493,
              13.441133
            ],
            [
              79.559653,
              13.415346
            ],
            [
              79.574003,
              13.425755
            ],
            [
              79.570616,
              13.403066
            ],
            [
              79.578429,
              13.393323
            ]
          ]
        ]
      }
    },
    {
      "type": "Feature",
      "properties": {
        "OBJECTID_1": "       667",
        "OBJECTID_2": "       667",
        "OBJECTID_3": "       668",
        "OBJECTID": "       129",
        "DNAME": "CHITTOOR",
        "DMNAME": "IRALA",
        "SHAPE_LENG": "  8.18457660000e+04",
        "Shape_Le_1": "  8.18457619698e+04",
        "Shape_Le_2": "  8.01248746055e+04",
        "Shape_Le_3": "  1.00000000000e+02",
        "Shape_Area": "  1.00000000000e+02",
        "MaxSimpTol": "  0.00000000000e+00",
        "MinSimpTol": "  1.79864409215e-03"
      },
      "geometry": {
        "type": "Polygon",
        "coordinates": [
          [
            [
              79.050908,
              13.451667
            ],
            [
              79.048118,
              13.437872
            ],
            [
              79.032161,
              13.425665
            ],
            [
              79.019501,
              13.405625
            ],
            [
              79.020897,
              13.402236
            ],
            [
              79.016634,
              13.394765
            ],
            [
              79.019879,
              13.381397
            ],
            [
              79.043191,
              13.38458
            ],
            [
              79.041523,
              13.371296
            ],
            [
              79.048016,
              13.35887
            ],
            [
              79.043729,
              13.355571
            ],
            [
              79.048102,
              13.348228
            ],
            [
              79.055365,
              13.345739
            ],
            [
              79.057169,
              13.325279
            ],
            [
              79.060786,
              13.320722
            ],
            [
              79.061001,
              13.31203
            ],
            [
              79.06364,
              13.312963
            ],
            [
              79.060462,
              13.297147
            ],
            [
              79.06611,
              13.280121
            ],
            [
              79.055355,
              13.274443
            ],
            [
              79.017447,
              13.274346
            ],
            [
              79.018797,
              13.278397
            ],
            [
              79.016111,
              13.280296
            ],
            [
              79.000143,
              13.285829
            ],
            [
              78.992056,
              13.285789
            ],
            [
              78.994732,
              13.302877
            ],
            [
              78.991389,
              13.310389
            ],
            [
              78.983034,
              13.314684
            ],
            [
              78.971675,
              13.314009
            ],
            [
              78.965686,
              13.317159
            ],
            [
              78.970377,
              13.322347
            ],
            [
              78.969704,
              13.332905
            ],
            [
              78.977095,
              13.342318
            ],
            [
              78.979634,
              13.350524
            ],
            [
              78.971913,
              13.35655
            ],
            [
              78.962469,
              13.353556
            ],
            [
              78.948073,
              13.356067
            ],
            [
              78.94107,
              13.351768
            ],
            [
              78.934654,
              13.351965
            ],
            [
              78.925048,
              13.356396
            ],
            [
              78.924819,
              13.359217
            ],
            [
              78.948627,
              13.422979
            ],
            [
              78.933498,
              13.433593
            ],
            [
              78.931162,
              13.445725
            ],
            [
              78.947349,
              13.457
            ],
            [
              78.963811,
              13.463692
            ],
            [
              78.964527,
              13.467551
            ],
            [
              78.971926,
              13.471643
            ],
            [
              78.975013,
              13.486363
            ],
            [
              78.981299,
              13.491341
            ],
            [
              78.99947,
              13.49223
            ],
            [
              79.011265,
              13.479729
            ],
            [
              79.024722,
              13.476873
            ],
            [
              79.036418,
              13.470743
            ],
            [
              79.047786,
              13.460775
            ],
            [
              79.050908,
              13.451667
            ]
          ]
        ]
      }
    },
    {
      "type": "Feature",
      "properties": {
        "OBJECTID_1": "       668",
        "OBJECTID_2": "       668",
        "OBJECTID_3": "       669",
        "OBJECTID": "       139",
        "DNAME": "CHITTOOR",
        "DMNAME": "NAGALAPURAM",
        "SHAPE_LENG": "  8.22220780000e+04",
        "Shape_Le_1": "  8.22220784502e+04",
        "Shape_Le_2": "  8.07334241030e+04",
        "Shape_Le_3": "  1.00000000000e+02",
        "Shape_Area": "  1.00000000000e+02",
        "MaxSimpTol": "  0.00000000000e+00",
        "MinSimpTol": "  1.79864409215e-03"
      },
      "geometry": {
        "type": "Polygon",
        "coordinates": [
          [
            [
              79.888472,
              13.335027
            ],
            [
              79.883504,
              13.33286
            ],
            [
              79.882899,
              13.323319
            ],
            [
              79.869523,
              13.330333
            ],
            [
              79.866923,
              13.335859
            ],
            [
              79.860024,
              13.328514
            ],
            [
              79.855745,
              13.32973
            ],
            [
              79.834202,
              13.349301
            ],
            [
              79.821296,
              13.357118
            ],
            [
              79.809024,
              13.360247
            ],
            [
              79.800914,
              13.370785
            ],
            [
              79.785456,
              13.372581
            ],
            [
              79.768087,
              13.38289
            ],
            [
              79.768921,
              13.395808
            ],
            [
              79.772693,
              13.404198
            ],
            [
              79.759956,
              13.406886
            ],
            [
              79.759268,
              13.412651
            ],
            [
              79.751968,
              13.416754
            ],
            [
              79.748064,
              13.415779
            ],
            [
              79.75172,
              13.426547
            ],
            [
              79.749471,
              13.426108
            ],
            [
              79.748817,
              13.420419
            ],
            [
              79.739223,
              13.421739
            ],
            [
              79.738337,
              13.427332
            ],
            [
              79.742024,
              13.436197
            ],
            [
              79.74483,
              13.436832
            ],
            [
              79.742557,
              13.440519
            ],
            [
              79.745484,
              13.444279
            ],
            [
              79.740411,
              13.447082
            ],
            [
              79.738631,
              13.461657
            ],
            [
              79.759265,
              13.461862
            ],
            [
              79.773008,
              13.458108
            ],
            [
              79.786546,
              13.46365
            ],
            [
              79.804344,
              13.45772
            ],
            [
              79.803361,
              13.474932
            ],
            [
              79.810134,
              13.470285
            ],
            [
              79.820856,
              13.471377
            ],
            [
              79.825579,
              13.484047
            ],
            [
              79.835576,
              13.485544
            ],
            [
              79.842463,
              13.482687
            ],
            [
              79.848772,
              13.495864
            ],
            [
              79.858913,
              13.497562
            ],
            [
              79.881625,
              13.489259
            ],
            [
              79.890982,
              13.489434
            ],
            [
              79.891464,
              13.485219
            ],
            [
              79.890246,
              13.481369
            ],
            [
              79.880422,
              13.487504
            ],
            [
              79.869398,
              13.479215
            ],
            [
              79.866625,
              13.471531
            ],
            [
              79.87153,
              13.469706
            ],
            [
              79.870491,
              13.452819
            ],
            [
              79.848668,
              13.430956
            ],
            [
              79.840334,
              13.427383
            ],
            [
              79.851539,
              13.421041
            ],
            [
              79.860314,
              13.405063
            ],
            [
              79.876459,
              13.403323
            ],
            [
              79.8772,
              13.397896
            ],
            [
              79.870737,
              13.3903
            ],
            [
              79.877033,
              13.378837
            ],
            [
              79.880251,
              13.358777
            ],
            [
              79.875393,
              13.358257
            ],
            [
              79.880351,
              13.33824
            ],
            [
              79.883172,
              13.339679
            ],
            [
              79.888472,
              13.335027
            ]
          ]
        ]
      }
    },
    {
      "type": "Feature",
      "properties": {
        "OBJECTID_1": "       669",
        "OBJECTID_2": "       669",
        "OBJECTID_3": "       670",
        "OBJECTID": "       176",
        "DNAME": "CHITTOOR",
        "DMNAME": "VEDURUKUPPAM",
        "SHAPE_LENG": "  1.10257031000e+05",
        "Shape_Le_1": "  1.10257033746e+05",
        "Shape_Le_2": "  1.08059819982e+05",
        "Shape_Le_3": "  1.00000000000e+02",
        "Shape_Area": "  1.00000000000e+02",
        "MaxSimpTol": "  0.00000000000e+00",
        "MinSimpTol": "  1.79864409215e-03"
      },
      "geometry": {
        "type": "Polygon",
        "coordinates": [
          [
            [
              79.386164,
              13.489085
            ],
            [
              79.367894,
              13.468255
            ],
            [
              79.401957,
              13.468215
            ],
            [
              79.409353,
              13.451638
            ],
            [
              79.423479,
              13.44906
            ],
            [
              79.422077,
              13.443782
            ],
            [
              79.41645,
              13.436278
            ],
            [
              79.410889,
              13.438939
            ],
            [
              79.398717,
              13.436858
            ],
            [
              79.397871,
              13.434545
            ],
            [
              79.373379,
              13.434127
            ],
            [
              79.373672,
              13.423088
            ],
            [
              79.367426,
              13.420847
            ],
            [
              79.364092,
              13.422278
            ],
            [
              79.358841,
              13.435594
            ],
            [
              79.341993,
              13.433282
            ],
            [
              79.340025,
              13.430525
            ],
            [
              79.345802,
              13.419627
            ],
            [
              79.34489,
              13.409005
            ],
            [
              79.335793,
              13.398977
            ],
            [
              79.332691,
              13.389298
            ],
            [
              79.32022,
              13.386011
            ],
            [
              79.318223,
              13.381583
            ],
            [
              79.321001,
              13.376813
            ],
            [
              79.314777,
              13.374366
            ],
            [
              79.311865,
              13.364027
            ],
            [
              79.331738,
              13.354205
            ],
            [
              79.324877,
              13.337516
            ],
            [
              79.317449,
              13.331509
            ],
            [
              79.285009,
              13.328625
            ],
            [
              79.282887,
              13.33391
            ],
            [
              79.272002,
              13.334922
            ],
            [
              79.270013,
              13.32405
            ],
            [
              79.264011,
              13.318367
            ],
            [
              79.254928,
              13.315168
            ],
            [
              79.249969,
              13.316703
            ],
            [
              79.252439,
              13.322917
            ],
            [
              79.228372,
              13.324083
            ],
            [
              79.229796,
              13.337386
            ],
            [
              79.243081,
              13.347705
            ],
            [
              79.244934,
              13.352718
            ],
            [
              79.243171,
              13.359453
            ],
            [
              79.250383,
              13.375655
            ],
            [
              79.251876,
              13.386826
            ],
            [
              79.2495,
              13.399925
            ],
            [
              79.242804,
              13.397069
            ],
            [
              79.221347,
              13.396502
            ],
            [
              79.220477,
              13.398503
            ],
            [
              79.226952,
              13.401167
            ],
            [
              79.228041,
              13.410833
            ],
            [
              79.207918,
              13.412588
            ],
            [
              79.204255,
              13.417623
            ],
            [
              79.211607,
              13.427659
            ],
            [
              79.214552,
              13.421349
            ],
            [
              79.221823,
              13.417153
            ],
            [
              79.229006,
              13.423479
            ],
            [
              79.229938,
              13.418427
            ],
            [
              79.233325,
              13.417323
            ],
            [
              79.246079,
              13.41781
            ],
            [
              79.258412,
              13.423424
            ],
            [
              79.242141,
              13.426252
            ],
            [
              79.239804,
              13.437392
            ],
            [
              79.233421,
              13.433863
            ],
            [
              79.228843,
              13.437755
            ],
            [
              79.21982,
              13.435272
            ],
            [
              79.217074,
              13.437136
            ],
            [
              79.226195,
              13.443575
            ],
            [
              79.228085,
              13.448872
            ],
            [
              79.230017,
              13.44328
            ],
            [
              79.239804,
              13.441123
            ],
            [
              79.241595,
              13.448806
            ],
            [
              79.255163,
              13.455626
            ],
            [
              79.260087,
              13.470117
            ],
            [
              79.270345,
              13.472384
            ],
            [
              79.277545,
              13.478483
            ],
            [
              79.289801,
              13.482434
            ],
            [
              79.346922,
              13.485277
            ],
            [
              79.349857,
              13.489865
            ],
            [
              79.360842,
              13.486589
            ],
            [
              79.355388,
              13.489148
            ],
            [
              79.368323,
              13.492569
            ],
            [
              79.382501,
              13.493506
            ],
            [
              79.381495,
              13.49113
            ],
            [
              79.386164,
              13.489085
            ]
          ]
        ]
      }
    },
    {
      "type": "Feature",
      "properties": {
        "OBJECTID_1": "       670",
        "OBJECTID_2": "       670",
        "OBJECTID_3": "       671",
        "OBJECTID": "       159",
        "DNAME": "CHITTOOR",
        "DMNAME": "RAMASAMUDRAM",
        "SHAPE_LENG": "  7.81941480000e+04",
        "Shape_Le_1": "  7.81941460702e+04",
        "Shape_Le_2": "  7.74005229956e+04",
        "Shape_Le_3": "  1.00000000000e+02",
        "Shape_Area": "  1.00000000000e+02",
        "MaxSimpTol": "  0.00000000000e+00",
        "MinSimpTol": "  1.79864409215e-03"
      },
      "geometry": {
        "type": "Polygon",
        "coordinates": [
          [
            [
              78.479714,
              13.449917
            ],
            [
              78.479469,
              13.443206
            ],
            [
              78.481636,
              13.442308
            ],
            [
              78.489068,
              13.444561
            ],
            [
              78.505153,
              13.44322
            ],
            [
              78.500872,
              13.43568
            ],
            [
              78.499903,
              13.42622
            ],
            [
              78.509991,
              13.421246
            ],
            [
              78.511196,
              13.416574
            ],
            [
              78.518408,
              13.411003
            ],
            [
              78.51988,
              13.406165
            ],
            [
              78.516744,
              13.400951
            ],
            [
              78.521582,
              13.38062
            ],
            [
              78.505765,
              13.367881
            ],
            [
              78.521369,
              13.363949
            ],
            [
              78.52523,
              13.354866
            ],
            [
              78.518996,
              13.347942
            ],
            [
              78.517333,
              13.341104
            ],
            [
              78.496693,
              13.338367
            ],
            [
              78.492855,
              13.335478
            ],
            [
              78.489276,
              13.326022
            ],
            [
              78.478882,
              13.321977
            ],
            [
              78.470158,
              13.31983
            ],
            [
              78.466667,
              13.315118
            ],
            [
              78.444209,
              13.308108
            ],
            [
              78.440389,
              13.328427
            ],
            [
              78.427951,
              13.331291
            ],
            [
              78.421762,
              13.328264
            ],
            [
              78.418881,
              13.320572
            ],
            [
              78.401108,
              13.315467
            ],
            [
              78.399272,
              13.320687
            ],
            [
              78.387137,
              13.331789
            ],
            [
              78.377152,
              13.331969
            ],
            [
              78.383032,
              13.343584
            ],
            [
              78.387689,
              13.342797
            ],
            [
              78.388427,
              13.339095
            ],
            [
              78.384873,
              13.334884
            ],
            [
              78.393019,
              13.333763
            ],
            [
              78.407294,
              13.337522
            ],
            [
              78.408687,
              13.342881
            ],
            [
              78.408403,
              13.345683
            ],
            [
              78.393209,
              13.350738
            ],
            [
              78.394862,
              13.354325
            ],
            [
              78.37764,
              13.363144
            ],
            [
              78.365815,
              13.358651
            ],
            [
              78.369059,
              13.373185
            ],
            [
              78.378783,
              13.383643
            ],
            [
              78.381773,
              13.397501
            ],
            [
              78.38056,
              13.418872
            ],
            [
              78.375608,
              13.437375
            ],
            [
              78.378978,
              13.44007
            ],
            [
              78.372851,
              13.452136
            ],
            [
              78.374444,
              13.461245
            ],
            [
              78.380502,
              13.463243
            ],
            [
              78.406606,
              13.457168
            ],
            [
              78.41809,
              13.459855
            ],
            [
              78.425934,
              13.452246
            ],
            [
              78.429482,
              13.45307
            ],
            [
              78.429986,
              13.447446
            ],
            [
              78.44994,
              13.445508
            ],
            [
              78.479714,
              13.449917
            ]
          ]
        ]
      }
    },
    {
      "type": "Feature",
      "properties": {
        "OBJECTID_1": "       671",
        "OBJECTID_2": "       671",
        "OBJECTID_3": "       672",
        "OBJECTID": "       151",
        "DNAME": "CHITTOOR",
        "DMNAME": "PICHATUR",
        "SHAPE_LENG": "  6.99800550000e+04",
        "Shape_Le_1": "  6.99800551165e+04",
        "Shape_Le_2": "  6.82534722389e+04",
        "Shape_Le_3": "  1.00000000000e+02",
        "Shape_Area": "  1.00000000000e+02",
        "MaxSimpTol": "  0.00000000000e+00",
        "MinSimpTol": "  1.79864409215e-03"
      },
      "geometry": {
        "type": "Polygon",
        "coordinates": [
          [
            [
              79.869523,
              13.330333
            ],
            [
              79.862811,
              13.316923
            ],
            [
              79.853548,
              13.320709
            ],
            [
              79.853267,
              13.315963
            ],
            [
              79.836087,
              13.314226
            ],
            [
              79.829191,
              13.31751
            ],
            [
              79.808905,
              13.317252
            ],
            [
              79.803604,
              13.310978
            ],
            [
              79.801651,
              13.300505
            ],
            [
              79.791737,
              13.293523
            ],
            [
              79.785594,
              13.296667
            ],
            [
              79.779508,
              13.306285
            ],
            [
              79.766828,
              13.321423
            ],
            [
              79.756517,
              13.322169
            ],
            [
              79.738598,
              13.355639
            ],
            [
              79.731924,
              13.358982
            ],
            [
              79.727101,
              13.367903
            ],
            [
              79.721878,
              13.367251
            ],
            [
              79.723781,
              13.374356
            ],
            [
              79.71953,
              13.385498
            ],
            [
              79.70237,
              13.386643
            ],
            [
              79.700958,
              13.38918
            ],
            [
              79.701367,
              13.398816
            ],
            [
              79.70585,
              13.40267
            ],
            [
              79.708469,
              13.414317
            ],
            [
              79.714972,
              13.419748
            ],
            [
              79.712457,
              13.439882
            ],
            [
              79.719575,
              13.452874
            ],
            [
              79.729793,
              13.455361
            ],
            [
              79.738631,
              13.461657
            ],
            [
              79.740411,
              13.447082
            ],
            [
              79.745484,
              13.444279
            ],
            [
              79.742557,
              13.440519
            ],
            [
              79.74483,
              13.436832
            ],
            [
              79.742024,
              13.436197
            ],
            [
              79.738337,
              13.427332
            ],
            [
              79.739223,
              13.421739
            ],
            [
              79.748817,
              13.420419
            ],
            [
              79.749471,
              13.426108
            ],
            [
              79.75172,
              13.426547
            ],
            [
              79.748064,
              13.415779
            ],
            [
              79.751968,
              13.416754
            ],
            [
              79.759268,
              13.412651
            ],
            [
              79.759956,
              13.406886
            ],
            [
              79.772693,
              13.404198
            ],
            [
              79.768921,
              13.395808
            ],
            [
              79.768087,
              13.38289
            ],
            [
              79.785456,
              13.372581
            ],
            [
              79.800914,
              13.370785
            ],
            [
              79.809024,
              13.360247
            ],
            [
              79.821296,
              13.357118
            ],
            [
              79.834202,
              13.349301
            ],
            [
              79.855745,
              13.32973
            ],
            [
              79.860024,
              13.328514
            ],
            [
              79.866923,
              13.335859
            ],
            [
              79.869523,
              13.330333
            ]
          ]
        ]
      }
    },
    {
      "type": "Feature",
      "properties": {
        "OBJECTID_1": "       672",
        "OBJECTID_2": "       672",
        "OBJECTID_3": "       673",
        "OBJECTID": "       155",
        "DNAME": "CHITTOOR",
        "DMNAME": "PUTHALAPATTU",
        "SHAPE_LENG": "  7.48057340000e+04",
        "Shape_Le_1": "  7.48057377940e+04",
        "Shape_Le_2": "  7.31170119092e+04",
        "Shape_Le_3": "  1.00000000000e+02",
        "Shape_Area": "  1.00000000000e+02",
        "MaxSimpTol": "  0.00000000000e+00",
        "MinSimpTol": "  1.79864409215e-03"
      },
      "geometry": {
        "type": "Polygon",
        "coordinates": [
          [
            [
              79.161557,
              13.40096
            ],
            [
              79.15265,
              13.387198
            ],
            [
              79.143512,
              13.384737
            ],
            [
              79.143802,
              13.380383
            ],
            [
              79.141616,
              13.367335
            ],
            [
              79.146225,
              13.356969
            ],
            [
              79.146807,
              13.346695
            ],
            [
              79.134533,
              13.346322
            ],
            [
              79.128585,
              13.335537
            ],
            [
              79.121918,
              13.333412
            ],
            [
              79.109018,
              13.336024
            ],
            [
              79.111576,
              13.322886
            ],
            [
              79.107199,
              13.316699
            ],
            [
              79.117834,
              13.311087
            ],
            [
              79.123513,
              13.291804
            ],
            [
              79.120443,
              13.269378
            ],
            [
              79.087215,
              13.261314
            ],
            [
              79.077311,
              13.270358
            ],
            [
              79.07721,
              13.278165
            ],
            [
              79.06611,
              13.280121
            ],
            [
              79.060462,
              13.297147
            ],
            [
              79.06364,
              13.312963
            ],
            [
              79.061001,
              13.31203
            ],
            [
              79.060786,
              13.320722
            ],
            [
              79.057169,
              13.325279
            ],
            [
              79.055365,
              13.345739
            ],
            [
              79.048102,
              13.348228
            ],
            [
              79.043729,
              13.355571
            ],
            [
              79.048016,
              13.35887
            ],
            [
              79.041523,
              13.371296
            ],
            [
              79.043191,
              13.38458
            ],
            [
              79.019879,
              13.381397
            ],
            [
              79.016634,
              13.394765
            ],
            [
              79.020897,
              13.402236
            ],
            [
              79.019501,
              13.405625
            ],
            [
              79.032161,
              13.425665
            ],
            [
              79.048118,
              13.437872
            ],
            [
              79.050908,
              13.451667
            ],
            [
              79.061443,
              13.446553
            ],
            [
              79.071511,
              13.450469
            ],
            [
              79.077707,
              13.444076
            ],
            [
              79.09185,
              13.43997
            ],
            [
              79.092105,
              13.425139
            ],
            [
              79.104242,
              13.426199
            ],
            [
              79.122062,
              13.419884
            ],
            [
              79.124777,
              13.422344
            ],
            [
              79.124663,
              13.418869
            ],
            [
              79.129035,
              13.417693
            ],
            [
              79.132512,
              13.422099
            ],
            [
              79.142063,
              13.421779
            ],
            [
              79.142569,
              13.409756
            ],
            [
              79.145208,
              13.411785
            ],
            [
              79.150029,
              13.40882
            ],
            [
              79.149578,
              13.414272
            ],
            [
              79.153919,
              13.413818
            ],
            [
              79.153508,
              13.407657
            ],
            [
              79.156918,
              13.406998
            ],
            [
              79.158842,
              13.399902
            ],
            [
              79.161557,
              13.40096
            ]
          ]
        ]
      }
    },
    {
      "type": "Feature",
      "properties": {
        "OBJECTID_1": "       673",
        "OBJECTID_2": "       673",
        "OBJECTID_3": "       674",
        "OBJECTID": "       143",
        "DNAME": "CHITTOOR",
        "DMNAME": "NINDRA",
        "SHAPE_LENG": "  7.84125860000e+04",
        "Shape_Le_1": "  7.84125869531e+04",
        "Shape_Le_2": "  7.70200592775e+04",
        "Shape_Le_3": "  1.00000000000e+02",
        "Shape_Area": "  1.00000000000e+02",
        "MaxSimpTol": "  0.00000000000e+00",
        "MinSimpTol": "  1.79864409215e-03"
      },
      "geometry": {
        "type": "Polygon",
        "coordinates": [
          [
            [
              79.712457,
              13.439882
            ],
            [
              79.714972,
              13.419748
            ],
            [
              79.708469,
              13.414317
            ],
            [
              79.70585,
              13.40267
            ],
            [
              79.701367,
              13.398816
            ],
            [
              79.700958,
              13.38918
            ],
            [
              79.70237,
              13.386643
            ],
            [
              79.71953,
              13.385498
            ],
            [
              79.723781,
              13.374356
            ],
            [
              79.721878,
              13.367251
            ],
            [
              79.727101,
              13.367903
            ],
            [
              79.731924,
              13.358982
            ],
            [
              79.738598,
              13.355639
            ],
            [
              79.756517,
              13.322169
            ],
            [
              79.766828,
              13.321423
            ],
            [
              79.779508,
              13.306285
            ],
            [
              79.775203,
              13.305982
            ],
            [
              79.760836,
              13.318481
            ],
            [
              79.76121,
              13.307073
            ],
            [
              79.757308,
              13.296072
            ],
            [
              79.741672,
              13.310595
            ],
            [
              79.732606,
              13.327628
            ],
            [
              79.718106,
              13.336997
            ],
            [
              79.717508,
              13.344068
            ],
            [
              79.709447,
              13.344697
            ],
            [
              79.703679,
              13.352152
            ],
            [
              79.685354,
              13.346494
            ],
            [
              79.682365,
              13.321389
            ],
            [
              79.673884,
              13.32354
            ],
            [
              79.669899,
              13.314051
            ],
            [
              79.663661,
              13.310967
            ],
            [
              79.663879,
              13.318463
            ],
            [
              79.664781,
              13.337809
            ],
            [
              79.64627,
              13.340428
            ],
            [
              79.642717,
              13.337588
            ],
            [
              79.640993,
              13.339716
            ],
            [
              79.632398,
              13.3392
            ],
            [
              79.629948,
              13.342317
            ],
            [
              79.620561,
              13.337854
            ],
            [
              79.607977,
              13.339792
            ],
            [
              79.624521,
              13.358455
            ],
            [
              79.648705,
              13.357524
            ],
            [
              79.651693,
              13.361764
            ],
            [
              79.666236,
              13.366583
            ],
            [
              79.66519,
              13.391219
            ],
            [
              79.660591,
              13.392013
            ],
            [
              79.657293,
              13.400364
            ],
            [
              79.64882,
              13.400053
            ],
            [
              79.650205,
              13.410481
            ],
            [
              79.672146,
              13.411851
            ],
            [
              79.673746,
              13.438379
            ],
            [
              79.681462,
              13.442742
            ],
            [
              79.691141,
              13.440445
            ],
            [
              79.695219,
              13.444776
            ],
            [
              79.712457,
              13.439882
            ]
          ]
        ]
      }
    },
    {
      "type": "Feature",
      "properties": {
        "OBJECTID_1": "       674",
        "OBJECTID_2": "       674",
        "OBJECTID_3": "       675",
        "OBJECTID": "       150",
        "DNAME": "CHITTOOR",
        "DMNAME": "PENUMURU",
        "SHAPE_LENG": "  6.77266410000e+04",
        "Shape_Le_1": "  6.77266430670e+04",
        "Shape_Le_2": "  6.61310121538e+04",
        "Shape_Le_3": "  1.00000000000e+02",
        "Shape_Area": "  1.00000000000e+02",
        "MaxSimpTol": "  0.00000000000e+00",
        "MinSimpTol": "  1.79864409215e-03"
      },
      "geometry": {
        "type": "Polygon",
        "coordinates": [
          [
            [
              79.250383,
              13.375655
            ],
            [
              79.243171,
              13.359453
            ],
            [
              79.244934,
              13.352718
            ],
            [
              79.243081,
              13.347705
            ],
            [
              79.229796,
              13.337386
            ],
            [
              79.228372,
              13.324083
            ],
            [
              79.227573,
              13.318792
            ],
            [
              79.22247,
              13.31878
            ],
            [
              79.219793,
              13.314226
            ],
            [
              79.209868,
              13.315352
            ],
            [
              79.207841,
              13.307598
            ],
            [
              79.196011,
              13.29918
            ],
            [
              79.188917,
              13.301216
            ],
            [
              79.17855,
              13.299428
            ],
            [
              79.178436,
              13.29551
            ],
            [
              79.183839,
              13.290616
            ],
            [
              79.198432,
              13.285232
            ],
            [
              79.202995,
              13.280432
            ],
            [
              79.16905,
              13.279987
            ],
            [
              79.14776,
              13.271461
            ],
            [
              79.143886,
              13.265959
            ],
            [
              79.1359,
              13.263285
            ],
            [
              79.127805,
              13.263841
            ],
            [
              79.120443,
              13.269378
            ],
            [
              79.123513,
              13.291804
            ],
            [
              79.117834,
              13.311087
            ],
            [
              79.107199,
              13.316699
            ],
            [
              79.111576,
              13.322886
            ],
            [
              79.109018,
              13.336024
            ],
            [
              79.121918,
              13.333412
            ],
            [
              79.128585,
              13.335537
            ],
            [
              79.134533,
              13.346322
            ],
            [
              79.146807,
              13.346695
            ],
            [
              79.146225,
              13.356969
            ],
            [
              79.141616,
              13.367335
            ],
            [
              79.143802,
              13.380383
            ],
            [
              79.147732,
              13.377754
            ],
            [
              79.151439,
              13.378923
            ],
            [
              79.154269,
              13.380458
            ],
            [
              79.153902,
              13.384583
            ],
            [
              79.156884,
              13.385144
            ],
            [
              79.159928,
              13.380323
            ],
            [
              79.167313,
              13.379302
            ],
            [
              79.170653,
              13.382382
            ],
            [
              79.170875,
              13.379358
            ],
            [
              79.180952,
              13.378985
            ],
            [
              79.180791,
              13.383137
            ],
            [
              79.176114,
              13.38788
            ],
            [
              79.180789,
              13.393698
            ],
            [
              79.18899,
              13.391146
            ],
            [
              79.199583,
              13.399417
            ],
            [
              79.201506,
              13.394064
            ],
            [
              79.208617,
              13.391406
            ],
            [
              79.217521,
              13.38066
            ],
            [
              79.22582,
              13.381485
            ],
            [
              79.224217,
              13.385309
            ],
            [
              79.227717,
              13.389879
            ],
            [
              79.226801,
              13.393498
            ],
            [
              79.234056,
              13.390862
            ],
            [
              79.235985,
              13.393988
            ],
            [
              79.240127,
              13.391606
            ],
            [
              79.239307,
              13.377721
            ],
            [
              79.250383,
              13.375655
            ]
          ]
        ]
      }
    },
    {
      "type": "Feature",
      "properties": {
        "OBJECTID_1": "       675",
        "OBJECTID_2": "       675",
        "OBJECTID_3": "       676",
        "OBJECTID": "       140",
        "DNAME": "CHITTOOR",
        "DMNAME": "NAGARI",
        "SHAPE_LENG": "  8.16964450000e+04",
        "Shape_Le_1": "  8.16964440303e+04",
        "Shape_Le_2": "  7.97208462406e+04",
        "Shape_Le_3": "  1.00000000000e+02",
        "Shape_Area": "  1.00000000000e+02",
        "MaxSimpTol": "  0.00000000000e+00",
        "MinSimpTol": "  1.79864409215e-03"
      },
      "geometry": {
        "type": "Polygon",
        "coordinates": [
          [
            [
              79.663879,
              13.318463
            ],
            [
              79.657504,
              13.317272
            ],
            [
              79.654303,
              13.310289
            ],
            [
              79.630729,
              13.31276
            ],
            [
              79.632012,
              13.305972
            ],
            [
              79.644779,
              13.290764
            ],
            [
              79.642417,
              13.28994
            ],
            [
              79.64124,
              13.275555
            ],
            [
              79.638578,
              13.287419
            ],
            [
              79.638047,
              13.284251
            ],
            [
              79.633262,
              13.282384
            ],
            [
              79.634365,
              13.277426
            ],
            [
              79.631555,
              13.277187
            ],
            [
              79.63406,
              13.27157
            ],
            [
              79.631638,
              13.269698
            ],
            [
              79.627679,
              13.270154
            ],
            [
              79.614117,
              13.282695
            ],
            [
              79.606089,
              13.27955
            ],
            [
              79.608686,
              13.287494
            ],
            [
              79.595591,
              13.284664
            ],
            [
              79.593181,
              13.264692
            ],
            [
              79.590441,
              13.260565
            ],
            [
              79.582565,
              13.257342
            ],
            [
              79.573947,
              13.25904
            ],
            [
              79.558297,
              13.272761
            ],
            [
              79.54002,
              13.272362
            ],
            [
              79.533702,
              13.278438
            ],
            [
              79.535152,
              13.285092
            ],
            [
              79.541231,
              13.292438
            ],
            [
              79.537096,
              13.294433
            ],
            [
              79.534864,
              13.30137
            ],
            [
              79.544107,
              13.316785
            ],
            [
              79.539412,
              13.32171
            ],
            [
              79.541846,
              13.3273
            ],
            [
              79.535867,
              13.338213
            ],
            [
              79.543401,
              13.362046
            ],
            [
              79.552116,
              13.368452
            ],
            [
              79.552521,
              13.365652
            ],
            [
              79.554946,
              13.366862
            ],
            [
              79.555616,
              13.370724
            ],
            [
              79.56328,
              13.375092
            ],
            [
              79.57918,
              13.37986
            ],
            [
              79.578429,
              13.393323
            ],
            [
              79.599012,
              13.398789
            ],
            [
              79.624393,
              13.398033
            ],
            [
              79.627613,
              13.392938
            ],
            [
              79.631114,
              13.393146
            ],
            [
              79.631451,
              13.388679
            ],
            [
              79.634212,
              13.388636
            ],
            [
              79.633372,
              13.393062
            ],
            [
              79.636086,
              13.393521
            ],
            [
              79.636172,
              13.388803
            ],
            [
              79.64343,
              13.39828
            ],
            [
              79.64882,
              13.400053
            ],
            [
              79.657293,
              13.400364
            ],
            [
              79.660591,
              13.392013
            ],
            [
              79.66519,
              13.391219
            ],
            [
              79.666236,
              13.366583
            ],
            [
              79.651693,
              13.361764
            ],
            [
              79.648705,
              13.357524
            ],
            [
              79.624521,
              13.358455
            ],
            [
              79.607977,
              13.339792
            ],
            [
              79.620561,
              13.337854
            ],
            [
              79.629948,
              13.342317
            ],
            [
              79.632398,
              13.3392
            ],
            [
              79.640993,
              13.339716
            ],
            [
              79.642717,
              13.337588
            ],
            [
              79.64627,
              13.340428
            ],
            [
              79.664781,
              13.337809
            ],
            [
              79.663879,
              13.318463
            ]
          ]
        ]
      }
    },
    {
      "type": "Feature",
      "properties": {
        "OBJECTID_1": "       676",
        "OBJECTID_2": "       676",
        "OBJECTID_3": "       677",
        "OBJECTID": "       149",
        "DNAME": "CHITTOOR",
        "DMNAME": "PEDDAPANJANI",
        "SHAPE_LENG": "  1.08992398000e+05",
        "Shape_Le_1": "  1.08992400232e+05",
        "Shape_Le_2": "  1.07409034771e+05",
        "Shape_Le_3": "  1.00000000000e+02",
        "Shape_Area": "  1.00000000000e+02",
        "MaxSimpTol": "  0.00000000000e+00",
        "MinSimpTol": "  1.79864409215e-03"
      },
      "geometry": {
        "type": "Polygon",
        "coordinates": [
          [
            [
              78.698989,
              13.373236
            ],
            [
              78.711349,
              13.362342
            ],
            [
              78.727028,
              13.366033
            ],
            [
              78.735193,
              13.354611
            ],
            [
              78.746011,
              13.359435
            ],
            [
              78.752999,
              13.369279
            ],
            [
              78.769387,
              13.367652
            ],
            [
              78.77177,
              13.341871
            ],
            [
              78.764256,
              13.333525
            ],
            [
              78.767675,
              13.325413
            ],
            [
              78.775495,
              13.323696
            ],
            [
              78.781277,
              13.330472
            ],
            [
              78.805783,
              13.335718
            ],
            [
              78.822057,
              13.332885
            ],
            [
              78.822012,
              13.329633
            ],
            [
              78.829664,
              13.326428
            ],
            [
              78.832899,
              13.320444
            ],
            [
              78.82686,
              13.316711
            ],
            [
              78.821609,
              13.311371
            ],
            [
              78.807556,
              13.314136
            ],
            [
              78.799644,
              13.306552
            ],
            [
              78.791618,
              13.305073
            ],
            [
              78.775664,
              13.317797
            ],
            [
              78.769567,
              13.318239
            ],
            [
              78.764059,
              13.308781
            ],
            [
              78.757949,
              13.308544
            ],
            [
              78.75379,
              13.313296
            ],
            [
              78.746587,
              13.310434
            ],
            [
              78.742139,
              13.313614
            ],
            [
              78.730153,
              13.312689
            ],
            [
              78.726255,
              13.301808
            ],
            [
              78.727682,
              13.294675
            ],
            [
              78.737289,
              13.295447
            ],
            [
              78.749518,
              13.305379
            ],
            [
              78.761391,
              13.290266
            ],
            [
              78.737045,
              13.283186
            ],
            [
              78.732513,
              13.276637
            ],
            [
              78.726478,
              13.274055
            ],
            [
              78.703551,
              13.276947
            ],
            [
              78.696447,
              13.274249
            ],
            [
              78.680028,
              13.260369
            ],
            [
              78.673804,
              13.23842
            ],
            [
              78.665609,
              13.234172
            ],
            [
              78.665267,
              13.220688
            ],
            [
              78.641514,
              13.222315
            ],
            [
              78.634427,
              13.208656
            ],
            [
              78.625094,
              13.212527
            ],
            [
              78.615618,
              13.209897
            ],
            [
              78.609483,
              13.212787
            ],
            [
              78.60028,
              13.223859
            ],
            [
              78.595297,
              13.224963
            ],
            [
              78.598639,
              13.235824
            ],
            [
              78.593351,
              13.240184
            ],
            [
              78.593824,
              13.247001
            ],
            [
              78.575814,
              13.251174
            ],
            [
              78.585373,
              13.262087
            ],
            [
              78.587226,
              13.280426
            ],
            [
              78.578612,
              13.280162
            ],
            [
              78.576295,
              13.285256
            ],
            [
              78.577474,
              13.295135
            ],
            [
              78.56952,
              13.308325
            ],
            [
              78.578347,
              13.312674
            ],
            [
              78.577858,
              13.317125
            ],
            [
              78.582413,
              13.318618
            ],
            [
              78.582161,
              13.3273
            ],
            [
              78.588639,
              13.328125
            ],
            [
              78.594148,
              13.336445
            ],
            [
              78.596047,
              13.347983
            ],
            [
              78.600366,
              13.349707
            ],
            [
              78.612391,
              13.331859
            ],
            [
              78.62608,
              13.328361
            ],
            [
              78.638845,
              13.333338
            ],
            [
              78.642409,
              13.325146
            ],
            [
              78.651053,
              13.321319
            ],
            [
              78.651542,
              13.316632
            ],
            [
              78.654907,
              13.315288
            ],
            [
              78.667114,
              13.332653
            ],
            [
              78.659178,
              13.343772
            ],
            [
              78.669714,
              13.349899
            ],
            [
              78.674948,
              13.349586
            ],
            [
              78.675115,
              13.362979
            ],
            [
              78.689131,
              13.373561
            ],
            [
              78.698989,
              13.373236
            ]
          ]
        ]
      }
    },
    {
      "type": "Feature",
      "properties": {
        "OBJECTID_1": "       677",
        "OBJECTID_2": "       677",
        "OBJECTID_3": "       678",
        "OBJECTID": "       169",
        "DNAME": "CHITTOOR",
        "DMNAME": "THAVANAMPALLE",
        "SHAPE_LENG": "  1.03257570000e+05",
        "Shape_Le_1": "  1.03257571769e+05",
        "Shape_Le_2": "  1.01271745096e+05",
        "Shape_Le_3": "  1.00000000000e+02",
        "Shape_Area": "  1.00000000000e+02",
        "MaxSimpTol": "  0.00000000000e+00",
        "MinSimpTol": "  1.79864409215e-03"
      },
      "geometry": {
        "type": "Polygon",
        "coordinates": [
          [
            [
              79.06611,
              13.280121
            ],
            [
              79.07721,
              13.278165
            ],
            [
              79.077311,
              13.270358
            ],
            [
              79.075763,
              13.265121
            ],
            [
              79.071361,
              13.262954
            ],
            [
              79.071965,
              13.258632
            ],
            [
              79.076764,
              13.258313
            ],
            [
              79.075589,
              13.254618
            ],
            [
              79.079954,
              13.250563
            ],
            [
              79.077529,
              13.241094
            ],
            [
              79.042142,
              13.226742
            ],
            [
              79.042028,
              13.222939
            ],
            [
              79.044836,
              13.221531
            ],
            [
              79.041465,
              13.216928
            ],
            [
              79.03086,
              13.216636
            ],
            [
              79.004257,
              13.223466
            ],
            [
              78.991417,
              13.222488
            ],
            [
              78.999303,
              13.240073
            ],
            [
              78.996404,
              13.243286
            ],
            [
              78.999149,
              13.248023
            ],
            [
              78.985638,
              13.252514
            ],
            [
              78.97508,
              13.250121
            ],
            [
              78.971197,
              13.245109
            ],
            [
              78.962026,
              13.251023
            ],
            [
              78.957144,
              13.244744
            ],
            [
              78.95072,
              13.244646
            ],
            [
              78.94905,
              13.241851
            ],
            [
              78.955406,
              13.237239
            ],
            [
              78.951554,
              13.233905
            ],
            [
              78.957047,
              13.22971
            ],
            [
              78.945153,
              13.230104
            ],
            [
              78.940157,
              13.224803
            ],
            [
              78.920594,
              13.231333
            ],
            [
              78.919305,
              13.233909
            ],
            [
              78.923607,
              13.239559
            ],
            [
              78.930916,
              13.24094
            ],
            [
              78.945699,
              13.253591
            ],
            [
              78.943661,
              13.264722
            ],
            [
              78.949633,
              13.26983
            ],
            [
              78.940066,
              13.275793
            ],
            [
              78.930262,
              13.276251
            ],
            [
              78.928788,
              13.291051
            ],
            [
              78.933754,
              13.2918
            ],
            [
              78.936736,
              13.300227
            ],
            [
              78.932074,
              13.304127
            ],
            [
              78.919295,
              13.306532
            ],
            [
              78.878464,
              13.303181
            ],
            [
              78.846926,
              13.290433
            ],
            [
              78.840158,
              13.292666
            ],
            [
              78.837679,
              13.289723
            ],
            [
              78.836748,
              13.294334
            ],
            [
              78.828866,
              13.29764
            ],
            [
              78.826202,
              13.311567
            ],
            [
              78.832009,
              13.316519
            ],
            [
              78.841154,
              13.319449
            ],
            [
              78.851097,
              13.312521
            ],
            [
              78.880592,
              13.313281
            ],
            [
              78.898145,
              13.322884
            ],
            [
              78.899707,
              13.334639
            ],
            [
              78.907762,
              13.349271
            ],
            [
              78.924819,
              13.359217
            ],
            [
              78.925048,
              13.356396
            ],
            [
              78.934654,
              13.351965
            ],
            [
              78.94107,
              13.351768
            ],
            [
              78.948073,
              13.356067
            ],
            [
              78.962469,
              13.353556
            ],
            [
              78.971913,
              13.35655
            ],
            [
              78.979634,
              13.350524
            ],
            [
              78.977095,
              13.342318
            ],
            [
              78.969704,
              13.332905
            ],
            [
              78.970377,
              13.322347
            ],
            [
              78.965686,
              13.317159
            ],
            [
              78.971675,
              13.314009
            ],
            [
              78.983034,
              13.314684
            ],
            [
              78.991389,
              13.310389
            ],
            [
              78.994732,
              13.302877
            ],
            [
              78.992056,
              13.285789
            ],
            [
              79.000143,
              13.285829
            ],
            [
              79.016111,
              13.280296
            ],
            [
              79.018797,
              13.278397
            ],
            [
              79.017447,
              13.274346
            ],
            [
              79.055355,
              13.274443
            ],
            [
              79.06611,
              13.280121
            ]
          ]
        ]
      }
    },
    {
      "type": "Feature",
      "properties": {
        "OBJECTID_1": "       678",
        "OBJECTID_2": "       678",
        "OBJECTID_3": "       679",
        "OBJECTID": "       167",
        "DNAME": "CHITTOOR",
        "DMNAME": "SRIRANGARAJAPURAM",
        "SHAPE_LENG": "  6.82341170000e+04",
        "Shape_Le_1": "  6.82339429401e+04",
        "Shape_Le_2": "  6.71762966772e+04",
        "Shape_Le_3": "  1.00000000000e+02",
        "Shape_Area": "  1.00000000000e+02",
        "MaxSimpTol": "  0.00000000000e+00",
        "MinSimpTol": "  1.79864409215e-03"
      },
      "geometry": {
        "type": "Polygon",
        "coordinates": [
          [
            [
              79.398368,
              13.329983
            ],
            [
              79.398761,
              13.321674
            ],
            [
              79.401899,
              13.321483
            ],
            [
              79.402023,
              13.317353
            ],
            [
              79.395756,
              13.315717
            ],
            [
              79.387809,
              13.31805
            ],
            [
              79.382552,
              13.310869
            ],
            [
              79.381888,
              13.307488
            ],
            [
              79.388658,
              13.309783
            ],
            [
              79.39009,
              13.297604
            ],
            [
              79.356146,
              13.268316
            ],
            [
              79.354887,
              13.264624
            ],
            [
              79.358199,
              13.260231
            ],
            [
              79.351921,
              13.261366
            ],
            [
              79.346448,
              13.248094
            ],
            [
              79.348691,
              13.245536
            ],
            [
              79.340515,
              13.240495
            ],
            [
              79.337237,
              13.231432
            ],
            [
              79.327032,
              13.228666
            ],
            [
              79.322572,
              13.219581
            ],
            [
              79.32174,
              13.222919
            ],
            [
              79.314119,
              13.225771
            ],
            [
              79.308129,
              13.233436
            ],
            [
              79.307826,
              13.255068
            ],
            [
              79.298898,
              13.269245
            ],
            [
              79.280659,
              13.270428
            ],
            [
              79.276797,
              13.281371
            ],
            [
              79.269298,
              13.283653
            ],
            [
              79.247482,
              13.282718
            ],
            [
              79.2433,
              13.289082
            ],
            [
              79.240219,
              13.288978
            ],
            [
              79.233633,
              13.300816
            ],
            [
              79.227759,
              13.30353
            ],
            [
              79.227573,
              13.318792
            ],
            [
              79.228372,
              13.324083
            ],
            [
              79.252439,
              13.322917
            ],
            [
              79.249969,
              13.316703
            ],
            [
              79.254928,
              13.315168
            ],
            [
              79.264011,
              13.318367
            ],
            [
              79.270013,
              13.32405
            ],
            [
              79.272002,
              13.334922
            ],
            [
              79.282887,
              13.33391
            ],
            [
              79.285009,
              13.328625
            ],
            [
              79.317449,
              13.331509
            ],
            [
              79.324877,
              13.337516
            ],
            [
              79.331738,
              13.354205
            ],
            [
              79.345673,
              13.358317
            ],
            [
              79.369905,
              13.359187
            ],
            [
              79.372034,
              13.355772
            ],
            [
              79.383857,
              13.35264
            ],
            [
              79.378778,
              13.35021
            ],
            [
              79.384136,
              13.338703
            ],
            [
              79.395354,
              13.345371
            ],
            [
              79.398949,
              13.337794
            ],
            [
              79.391071,
              13.332758
            ],
            [
              79.398368,
              13.329983
            ]
          ]
        ]
      }
    },
    {
      "type": "Feature",
      "properties": {
        "OBJECTID_1": "       679",
        "OBJECTID_2": "       679",
        "OBJECTID_3": "       680",
        "OBJECTID": "       178",
        "DNAME": "CHITTOOR",
        "DMNAME": "VIJAYAPURAM",
        "SHAPE_LENG": "  8.94611880000e+04",
        "Shape_Le_1": "  8.94611909338e+04",
        "Shape_Le_2": "  8.53225627233e+04",
        "Shape_Le_3": "  1.00000000000e+02",
        "Shape_Area": "  1.00000000000e+02",
        "MaxSimpTol": "  0.00000000000e+00",
        "MinSimpTol": "  1.79864409215e-03"
      },
      "geometry": {
        "type": "Polygon",
        "coordinates": [
          [
            [
              79.757308,
              13.296072
            ],
            [
              79.744228,
              13.288591
            ],
            [
              79.739241,
              13.291346
            ],
            [
              79.733713,
              13.288817
            ],
            [
              79.730628,
              13.282935
            ],
            [
              79.735036,
              13.275937
            ],
            [
              79.741715,
              13.270953
            ],
            [
              79.748082,
              13.270986
            ],
            [
              79.761198,
              13.257521
            ],
            [
              79.781602,
              13.25159
            ],
            [
              79.786861,
              13.245011
            ],
            [
              79.791525,
              13.243439
            ],
            [
              79.792431,
              13.245607
            ],
            [
              79.794086,
              13.242065
            ],
            [
              79.793435,
              13.22621
            ],
            [
              79.792279,
              13.229397
            ],
            [
              79.786073,
              13.2301
            ],
            [
              79.780223,
              13.223363
            ],
            [
              79.776555,
              13.223989
            ],
            [
              79.775217,
              13.215156
            ],
            [
              79.772372,
              13.215755
            ],
            [
              79.773165,
              13.219178
            ],
            [
              79.769388,
              13.217009
            ],
            [
              79.763225,
              13.218291
            ],
            [
              79.760129,
              13.215287
            ],
            [
              79.75975,
              13.206681
            ],
            [
              79.757189,
              13.205953
            ],
            [
              79.751435,
              13.206646
            ],
            [
              79.749467,
              13.219722
            ],
            [
              79.739076,
              13.229497
            ],
            [
              79.737317,
              13.236534
            ],
            [
              79.732639,
              13.236875
            ],
            [
              79.732813,
              13.233273
            ],
            [
              79.730275,
              13.232533
            ],
            [
              79.731401,
              13.222445
            ],
            [
              79.721645,
              13.223456
            ],
            [
              79.716407,
              13.216421
            ],
            [
              79.702242,
              13.224149
            ],
            [
              79.706097,
              13.234195
            ],
            [
              79.714065,
              13.235734
            ],
            [
              79.709125,
              13.251044
            ],
            [
              79.700982,
              13.253025
            ],
            [
              79.69825,
              13.250993
            ],
            [
              79.696343,
              13.243251
            ],
            [
              79.693067,
              13.243292
            ],
            [
              79.695935,
              13.238555
            ],
            [
              79.689135,
              13.239836
            ],
            [
              79.684274,
              13.244434
            ],
            [
              79.678293,
              13.261654
            ],
            [
              79.687707,
              13.266704
            ],
            [
              79.691124,
              13.260982
            ],
            [
              79.695749,
              13.267277
            ],
            [
              79.69426,
              13.270503
            ],
            [
              79.690817,
              13.267684
            ],
            [
              79.688806,
              13.270866
            ],
            [
              79.693665,
              13.273478
            ],
            [
              79.693934,
              13.279796
            ],
            [
              79.681256,
              13.287993
            ],
            [
              79.682794,
              13.29572
            ],
            [
              79.678143,
              13.297411
            ],
            [
              79.674246,
              13.281766
            ],
            [
              79.665386,
              13.278717
            ],
            [
              79.666642,
              13.28598
            ],
            [
              79.663874,
              13.289766
            ],
            [
              79.657833,
              13.283847
            ],
            [
              79.65184,
              13.291811
            ],
            [
              79.644779,
              13.290764
            ],
            [
              79.632012,
              13.305972
            ],
            [
              79.630729,
              13.31276
            ],
            [
              79.654303,
              13.310289
            ],
            [
              79.657504,
              13.317272
            ],
            [
              79.663879,
              13.318463
            ],
            [
              79.663661,
              13.310967
            ],
            [
              79.669899,
              13.314051
            ],
            [
              79.673884,
              13.32354
            ],
            [
              79.682365,
              13.321389
            ],
            [
              79.685354,
              13.346494
            ],
            [
              79.703679,
              13.352152
            ],
            [
              79.709447,
              13.344697
            ],
            [
              79.717508,
              13.344068
            ],
            [
              79.718106,
              13.336997
            ],
            [
              79.732606,
              13.327628
            ],
            [
              79.741672,
              13.310595
            ],
            [
              79.757308,
              13.296072
            ]
          ]
        ]
      }
    },
    {
      "type": "Feature",
      "properties": {
        "OBJECTID_1": "       680",
        "OBJECTID_2": "       680",
        "OBJECTID_3": "       681",
        "OBJECTID": "       167",
        "DNAME": "CHITTOOR",
        "DMNAME": "SRIRANGARAJAPURAM",
        "SHAPE_LENG": "  4.28157600000e+03",
        "Shape_Le_1": "  4.28157576394e+03",
        "Shape_Le_2": "  4.06899870996e+03",
        "Shape_Le_3": "  1.00000000000e+02",
        "Shape_Area": "  1.00000000000e+02",
        "MaxSimpTol": "  0.00000000000e+00",
        "MinSimpTol": "  1.79864409215e-03"
      },
      "geometry": {
        "type": "Polygon",
        "coordinates": [
          [
            [
              79.420859,
              13.336144
            ],
            [
              79.41472,
              13.330034
            ],
            [
              79.406033,
              13.335054
            ],
            [
              79.41415,
              13.339692
            ],
            [
              79.420859,
              13.336144
            ]
          ]
        ]
      }
    },
    {
      "type": "Feature",
      "properties": {
        "OBJECTID_1": "       681",
        "OBJECTID_2": "       681",
        "OBJECTID_3": "       682",
        "OBJECTID": "       125",
        "DNAME": "CHITTOOR",
        "DMNAME": "GANGAVARAM1",
        "SHAPE_LENG": "  1.31479781000e+05",
        "Shape_Le_1": "  1.31479777376e+05",
        "Shape_Le_2": "  1.29219695636e+05",
        "Shape_Le_3": "  1.00000000000e+02",
        "Shape_Area": "  1.00000000000e+02",
        "MaxSimpTol": "  0.00000000000e+00",
        "MinSimpTol": "  1.79864409215e-03"
      },
      "geometry": {
        "type": "Polygon",
        "coordinates": [
          [
            [
              78.82686,
              13.316711
            ],
            [
              78.832009,
              13.316519
            ],
            [
              78.826202,
              13.311567
            ],
            [
              78.828866,
              13.29764
            ],
            [
              78.805683,
              13.270523
            ],
            [
              78.805149,
              13.268341
            ],
            [
              78.816877,
              13.260979
            ],
            [
              78.808158,
              13.242117
            ],
            [
              78.808387,
              13.234616
            ],
            [
              78.814133,
              13.22994
            ],
            [
              78.813974,
              13.223598
            ],
            [
              78.809404,
              13.218589
            ],
            [
              78.805436,
              13.220355
            ],
            [
              78.796739,
              13.214066
            ],
            [
              78.808459,
              13.206336
            ],
            [
              78.7838,
              13.209558
            ],
            [
              78.769646,
              13.216977
            ],
            [
              78.767533,
              13.206872
            ],
            [
              78.74388,
              13.206408
            ],
            [
              78.733595,
              13.212621
            ],
            [
              78.72769,
              13.204474
            ],
            [
              78.712529,
              13.202909
            ],
            [
              78.710019,
              13.195591
            ],
            [
              78.703885,
              13.194728
            ],
            [
              78.700543,
              13.190818
            ],
            [
              78.691143,
              13.19018
            ],
            [
              78.697125,
              13.184767
            ],
            [
              78.691258,
              13.185557
            ],
            [
              78.690465,
              13.181082
            ],
            [
              78.686291,
              13.18052
            ],
            [
              78.68697,
              13.177924
            ],
            [
              78.690167,
              13.178038
            ],
            [
              78.685582,
              13.165105
            ],
            [
              78.677937,
              13.161213
            ],
            [
              78.673023,
              13.17067
            ],
            [
              78.659372,
              13.171274
            ],
            [
              78.654634,
              13.162888
            ],
            [
              78.660274,
              13.153114
            ],
            [
              78.6466,
              13.152766
            ],
            [
              78.642648,
              13.153269
            ],
            [
              78.64328,
              13.158231
            ],
            [
              78.63633,
              13.159736
            ],
            [
              78.630408,
              13.165036
            ],
            [
              78.631102,
              13.16733
            ],
            [
              78.641289,
              13.162969
            ],
            [
              78.637114,
              13.173759
            ],
            [
              78.628545,
              13.173459
            ],
            [
              78.626928,
              13.165376
            ],
            [
              78.623074,
              13.175484
            ],
            [
              78.619106,
              13.174177
            ],
            [
              78.6172,
              13.169014
            ],
            [
              78.611057,
              13.167595
            ],
            [
              78.604754,
              13.179202
            ],
            [
              78.590942,
              13.187427
            ],
            [
              78.587081,
              13.186464
            ],
            [
              78.58586,
              13.1816
            ],
            [
              78.589944,
              13.167669
            ],
            [
              78.580025,
              13.167226
            ],
            [
              78.575597,
              13.179683
            ],
            [
              78.576364,
              13.186517
            ],
            [
              78.567877,
              13.192959
            ],
            [
              78.556037,
              13.188515
            ],
            [
              78.55031,
              13.189583
            ],
            [
              78.550491,
              13.199942
            ],
            [
              78.56075,
              13.198327
            ],
            [
              78.567858,
              13.201213
            ],
            [
              78.571436,
              13.211857
            ],
            [
              78.576147,
              13.211275
            ],
            [
              78.57936,
              13.214028
            ],
            [
              78.57816,
              13.218626
            ],
            [
              78.566972,
              13.220729
            ],
            [
              78.569481,
              13.238042
            ],
            [
              78.572236,
              13.241356
            ],
            [
              78.570722,
              13.247203
            ],
            [
              78.575814,
              13.251174
            ],
            [
              78.593824,
              13.247001
            ],
            [
              78.593351,
              13.240184
            ],
            [
              78.598639,
              13.235824
            ],
            [
              78.595297,
              13.224963
            ],
            [
              78.60028,
              13.223859
            ],
            [
              78.609483,
              13.212787
            ],
            [
              78.615618,
              13.209897
            ],
            [
              78.625094,
              13.212527
            ],
            [
              78.634427,
              13.208656
            ],
            [
              78.641514,
              13.222315
            ],
            [
              78.665267,
              13.220688
            ],
            [
              78.665609,
              13.234172
            ],
            [
              78.673804,
              13.23842
            ],
            [
              78.680028,
              13.260369
            ],
            [
              78.696447,
              13.274249
            ],
            [
              78.703551,
              13.276947
            ],
            [
              78.726478,
              13.274055
            ],
            [
              78.732513,
              13.276637
            ],
            [
              78.737045,
              13.283186
            ],
            [
              78.761391,
              13.290266
            ],
            [
              78.749518,
              13.305379
            ],
            [
              78.737289,
              13.295447
            ],
            [
              78.727682,
              13.294675
            ],
            [
              78.726255,
              13.301808
            ],
            [
              78.730153,
              13.312689
            ],
            [
              78.742139,
              13.313614
            ],
            [
              78.746587,
              13.310434
            ],
            [
              78.75379,
              13.313296
            ],
            [
              78.757949,
              13.308544
            ],
            [
              78.764059,
              13.308781
            ],
            [
              78.769567,
              13.318239
            ],
            [
              78.775664,
              13.317797
            ],
            [
              78.791618,
              13.305073
            ],
            [
              78.799644,
              13.306552
            ],
            [
              78.807556,
              13.314136
            ],
            [
              78.821609,
              13.311371
            ],
            [
              78.82686,
              13.316711
            ]
          ]
        ]
      }
    },
    {
      "type": "Feature",
      "properties": {
        "OBJECTID_1": "       682",
        "OBJECTID_2": "       682",
        "OBJECTID_3": "       683",
        "OBJECTID": "       124",
        "DNAME": "CHITTOOR",
        "DMNAME": "GANGADHARANELLORE",
        "SHAPE_LENG": "  8.80803980000e+04",
        "Shape_Le_1": "  8.80804001807e+04",
        "Shape_Le_2": "  8.56305924182e+04",
        "Shape_Le_3": "  1.00000000000e+02",
        "Shape_Area": "  1.00000000000e+02",
        "MaxSimpTol": "  0.00000000000e+00",
        "MinSimpTol": "  1.79864409215e-03"
      },
      "geometry": {
        "type": "Polygon",
        "coordinates": [
          [
            [
              79.227573,
              13.318792
            ],
            [
              79.227759,
              13.30353
            ],
            [
              79.233633,
              13.300816
            ],
            [
              79.240219,
              13.288978
            ],
            [
              79.2433,
              13.289082
            ],
            [
              79.247482,
              13.282718
            ],
            [
              79.269298,
              13.283653
            ],
            [
              79.276797,
              13.281371
            ],
            [
              79.280659,
              13.270428
            ],
            [
              79.298898,
              13.269245
            ],
            [
              79.307826,
              13.255068
            ],
            [
              79.308129,
              13.233436
            ],
            [
              79.302042,
              13.233306
            ],
            [
              79.297875,
              13.240635
            ],
            [
              79.287516,
              13.24067
            ],
            [
              79.285696,
              13.230477
            ],
            [
              79.279609,
              13.228588
            ],
            [
              79.281562,
              13.223898
            ],
            [
              79.294423,
              13.225752
            ],
            [
              79.30055,
              13.22041
            ],
            [
              79.307522,
              13.220636
            ],
            [
              79.312839,
              13.217117
            ],
            [
              79.304952,
              13.217596
            ],
            [
              79.294579,
              13.212481
            ],
            [
              79.289206,
              13.193106
            ],
            [
              79.279519,
              13.187115
            ],
            [
              79.27946,
              13.17869
            ],
            [
              79.270563,
              13.158204
            ],
            [
              79.272619,
              13.154812
            ],
            [
              79.267394,
              13.149668
            ],
            [
              79.262086,
              13.149042
            ],
            [
              79.260365,
              13.159563
            ],
            [
              79.253272,
              13.160255
            ],
            [
              79.25409,
              13.146132
            ],
            [
              79.245273,
              13.138276
            ],
            [
              79.240184,
              13.144366
            ],
            [
              79.24496,
              13.148821
            ],
            [
              79.243393,
              13.151149
            ],
            [
              79.242082,
              13.14963
            ],
            [
              79.244205,
              13.152738
            ],
            [
              79.241114,
              13.159615
            ],
            [
              79.242687,
              13.171003
            ],
            [
              79.233165,
              13.169013
            ],
            [
              79.216886,
              13.172472
            ],
            [
              79.220766,
              13.185959
            ],
            [
              79.20081,
              13.189906
            ],
            [
              79.201327,
              13.194463
            ],
            [
              79.189751,
              13.211572
            ],
            [
              79.187181,
              13.207928
            ],
            [
              79.180026,
              13.206388
            ],
            [
              79.175868,
              13.209846
            ],
            [
              79.167721,
              13.210376
            ],
            [
              79.165454,
              13.215391
            ],
            [
              79.155476,
              13.215853
            ],
            [
              79.15205,
              13.220135
            ],
            [
              79.143338,
              13.222901
            ],
            [
              79.134629,
              13.242798
            ],
            [
              79.138428,
              13.249147
            ],
            [
              79.1359,
              13.263285
            ],
            [
              79.143886,
              13.265959
            ],
            [
              79.14776,
              13.271461
            ],
            [
              79.16905,
              13.279987
            ],
            [
              79.202995,
              13.280432
            ],
            [
              79.198432,
              13.285232
            ],
            [
              79.183839,
              13.290616
            ],
            [
              79.178436,
              13.29551
            ],
            [
              79.17855,
              13.299428
            ],
            [
              79.188917,
              13.301216
            ],
            [
              79.196011,
              13.29918
            ],
            [
              79.207841,
              13.307598
            ],
            [
              79.209868,
              13.315352
            ],
            [
              79.219793,
              13.314226
            ],
            [
              79.22247,
              13.31878
            ],
            [
              79.227573,
              13.318792
            ]
          ]
        ]
      }
    },
    {
      "type": "Feature",
      "properties": {
        "OBJECTID_1": "       683",
        "OBJECTID_2": "       683",
        "OBJECTID_3": "       684",
        "OBJECTID": "       118",
        "DNAME": "CHITTOOR",
        "DMNAME": "BANGARUPALEM",
        "SHAPE_LENG": "  1.37497516000e+05",
        "Shape_Le_1": "  1.37497511189e+05",
        "Shape_Le_2": "  1.35488822100e+05",
        "Shape_Le_3": "  1.00000000000e+02",
        "Shape_Area": "  1.00000000000e+02",
        "MaxSimpTol": "  0.00000000000e+00",
        "MinSimpTol": "  1.79864409215e-03"
      },
      "geometry": {
        "type": "Polygon",
        "coordinates": [
          [
            [
              79.041465,
              13.216928
            ],
            [
              79.041535,
              13.208287
            ],
            [
              79.019174,
              13.205951
            ],
            [
              79.02135,
              13.199185
            ],
            [
              79.017277,
              13.196761
            ],
            [
              79.018246,
              13.190207
            ],
            [
              79.009147,
              13.181237
            ],
            [
              79.007028,
              13.167316
            ],
            [
              78.999094,
              13.165903
            ],
            [
              78.991647,
              13.17116
            ],
            [
              78.9854,
              13.16307
            ],
            [
              78.964733,
              13.15868
            ],
            [
              78.967008,
              13.148763
            ],
            [
              78.953847,
              13.145156
            ],
            [
              78.954947,
              13.139823
            ],
            [
              78.959303,
              13.142847
            ],
            [
              78.983495,
              13.14411
            ],
            [
              78.990713,
              13.137608
            ],
            [
              78.987335,
              13.128862
            ],
            [
              78.980897,
              13.12727
            ],
            [
              78.982339,
              13.118442
            ],
            [
              78.921824,
              13.107739
            ],
            [
              78.917264,
              13.095718
            ],
            [
              78.90617,
              13.094754
            ],
            [
              78.904378,
              13.08722
            ],
            [
              78.892256,
              13.088702
            ],
            [
              78.895671,
              13.095186
            ],
            [
              78.881414,
              13.098174
            ],
            [
              78.875093,
              13.096809
            ],
            [
              78.8711,
              13.092294
            ],
            [
              78.870971,
              13.081876
            ],
            [
              78.861114,
              13.083656
            ],
            [
              78.842037,
              13.078606
            ],
            [
              78.820758,
              13.087763
            ],
            [
              78.815605,
              13.096242
            ],
            [
              78.816159,
              13.125982
            ],
            [
              78.823521,
              13.124446
            ],
            [
              78.817646,
              13.129239
            ],
            [
              78.814447,
              13.152708
            ],
            [
              78.808571,
              13.161715
            ],
            [
              78.815193,
              13.167214
            ],
            [
              78.807379,
              13.175194
            ],
            [
              78.804685,
              13.183504
            ],
            [
              78.817961,
              13.180792
            ],
            [
              78.818738,
              13.187176
            ],
            [
              78.821867,
              13.187914
            ],
            [
              78.820142,
              13.191378
            ],
            [
              78.802929,
              13.1953
            ],
            [
              78.823613,
              13.196405
            ],
            [
              78.851238,
              13.211295
            ],
            [
              78.873058,
              13.218106
            ],
            [
              78.876482,
              13.229429
            ],
            [
              78.857683,
              13.229116
            ],
            [
              78.847627,
              13.231863
            ],
            [
              78.839332,
              13.246855
            ],
            [
              78.831854,
              13.250506
            ],
            [
              78.829031,
              13.258806
            ],
            [
              78.816877,
              13.260979
            ],
            [
              78.805149,
              13.268341
            ],
            [
              78.805683,
              13.270523
            ],
            [
              78.828866,
              13.29764
            ],
            [
              78.836748,
              13.294334
            ],
            [
              78.837679,
              13.289723
            ],
            [
              78.840158,
              13.292666
            ],
            [
              78.846926,
              13.290433
            ],
            [
              78.878464,
              13.303181
            ],
            [
              78.919295,
              13.306532
            ],
            [
              78.932074,
              13.304127
            ],
            [
              78.936736,
              13.300227
            ],
            [
              78.933754,
              13.2918
            ],
            [
              78.928788,
              13.291051
            ],
            [
              78.930262,
              13.276251
            ],
            [
              78.940066,
              13.275793
            ],
            [
              78.949633,
              13.26983
            ],
            [
              78.943661,
              13.264722
            ],
            [
              78.945699,
              13.253591
            ],
            [
              78.930916,
              13.24094
            ],
            [
              78.923607,
              13.239559
            ],
            [
              78.919305,
              13.233909
            ],
            [
              78.920594,
              13.231333
            ],
            [
              78.940157,
              13.224803
            ],
            [
              78.945153,
              13.230104
            ],
            [
              78.957047,
              13.22971
            ],
            [
              78.951554,
              13.233905
            ],
            [
              78.955406,
              13.237239
            ],
            [
              78.94905,
              13.241851
            ],
            [
              78.95072,
              13.244646
            ],
            [
              78.957144,
              13.244744
            ],
            [
              78.962026,
              13.251023
            ],
            [
              78.971197,
              13.245109
            ],
            [
              78.97508,
              13.250121
            ],
            [
              78.985638,
              13.252514
            ],
            [
              78.999149,
              13.248023
            ],
            [
              78.996404,
              13.243286
            ],
            [
              78.999303,
              13.240073
            ],
            [
              78.991417,
              13.222488
            ],
            [
              79.004257,
              13.223466
            ],
            [
              79.03086,
              13.216636
            ],
            [
              79.041465,
              13.216928
            ]
          ]
        ]
      }
    },
    {
      "type": "Feature",
      "properties": {
        "OBJECTID_1": "       684",
        "OBJECTID_2": "       684",
        "OBJECTID_3": "       685",
        "OBJECTID": "       146",
        "DNAME": "CHITTOOR",
        "DMNAME": "PALASAMUDRAM",
        "SHAPE_LENG": "  1.25140281000e+05",
        "Shape_Le_1": "  1.25140293850e+05",
        "Shape_Le_2": "  1.20971356022e+05",
        "Shape_Le_3": "  1.00000000000e+02",
        "Shape_Area": "  1.00000000000e+02",
        "MaxSimpTol": "  0.00000000000e+00",
        "MinSimpTol": "  1.79864409215e-03"
      },
      "geometry": {
        "type": "Polygon",
        "coordinates": [
          [
            [
              79.272619,
              13.154812
            ],
            [
              79.270563,
              13.158204
            ],
            [
              79.27946,
              13.17869
            ],
            [
              79.279519,
              13.187115
            ],
            [
              79.289206,
              13.193106
            ],
            [
              79.294579,
              13.212481
            ],
            [
              79.304952,
              13.217596
            ],
            [
              79.312839,
              13.217117
            ],
            [
              79.307522,
              13.220636
            ],
            [
              79.30055,
              13.22041
            ],
            [
              79.294423,
              13.225752
            ],
            [
              79.281562,
              13.223898
            ],
            [
              79.279609,
              13.228588
            ],
            [
              79.285696,
              13.230477
            ],
            [
              79.287516,
              13.24067
            ],
            [
              79.297875,
              13.240635
            ],
            [
              79.302042,
              13.233306
            ],
            [
              79.308129,
              13.233436
            ],
            [
              79.314119,
              13.225771
            ],
            [
              79.32174,
              13.222919
            ],
            [
              79.322572,
              13.219581
            ],
            [
              79.327032,
              13.228666
            ],
            [
              79.337237,
              13.231432
            ],
            [
              79.340515,
              13.240495
            ],
            [
              79.348691,
              13.245536
            ],
            [
              79.346448,
              13.248094
            ],
            [
              79.351921,
              13.261366
            ],
            [
              79.358199,
              13.260231
            ],
            [
              79.354887,
              13.264624
            ],
            [
              79.356146,
              13.268316
            ],
            [
              79.39009,
              13.297604
            ],
            [
              79.394117,
              13.299931
            ],
            [
              79.405302,
              13.297566
            ],
            [
              79.413798,
              13.30015
            ],
            [
              79.418527,
              13.297397
            ],
            [
              79.420035,
              13.289547
            ],
            [
              79.43054,
              13.300248
            ],
            [
              79.445422,
              13.301252
            ],
            [
              79.44631,
              13.291616
            ],
            [
              79.435757,
              13.29128
            ],
            [
              79.434723,
              13.289066
            ],
            [
              79.433732,
              13.274987
            ],
            [
              79.417587,
              13.271768
            ],
            [
              79.413955,
              13.266407
            ],
            [
              79.408418,
              13.26527
            ],
            [
              79.416169,
              13.26041
            ],
            [
              79.41686,
              13.251683
            ],
            [
              79.423713,
              13.250023
            ],
            [
              79.417045,
              13.245853
            ],
            [
              79.419665,
              13.245717
            ],
            [
              79.418498,
              13.24296
            ],
            [
              79.43768,
              13.242889
            ],
            [
              79.438132,
              13.240028
            ],
            [
              79.431378,
              13.238285
            ],
            [
              79.431493,
              13.236065
            ],
            [
              79.439787,
              13.235861
            ],
            [
              79.429872,
              13.231212
            ],
            [
              79.431007,
              13.229715
            ],
            [
              79.439998,
              13.230604
            ],
            [
              79.438818,
              13.234355
            ],
            [
              79.441495,
              13.237993
            ],
            [
              79.453153,
              13.238352
            ],
            [
              79.453802,
              13.216943
            ],
            [
              79.448529,
              13.215692
            ],
            [
              79.43738,
              13.219555
            ],
            [
              79.436221,
              13.21274
            ],
            [
              79.443854,
              13.207775
            ],
            [
              79.439564,
              13.205887
            ],
            [
              79.435664,
              13.197215
            ],
            [
              79.432385,
              13.196971
            ],
            [
              79.43315,
              13.19252
            ],
            [
              79.43843,
              13.188176
            ],
            [
              79.41017,
              13.190513
            ],
            [
              79.409183,
              13.194037
            ],
            [
              79.400834,
              13.191657
            ],
            [
              79.399063,
              13.187806
            ],
            [
              79.392158,
              13.192434
            ],
            [
              79.387394,
              13.189099
            ],
            [
              79.374031,
              13.189258
            ],
            [
              79.372814,
              13.18772
            ],
            [
              79.378137,
              13.184706
            ],
            [
              79.385604,
              13.183047
            ],
            [
              79.387726,
              13.177529
            ],
            [
              79.372694,
              13.178839
            ],
            [
              79.370241,
              13.174279
            ],
            [
              79.379235,
              13.171514
            ],
            [
              79.37999,
              13.162924
            ],
            [
              79.370112,
              13.162809
            ],
            [
              79.36342,
              13.165953
            ],
            [
              79.356115,
              13.164579
            ],
            [
              79.36114,
              13.138507
            ],
            [
              79.363386,
              13.138972
            ],
            [
              79.365521,
              13.133933
            ],
            [
              79.360505,
              13.123537
            ],
            [
              79.353597,
              13.120527
            ],
            [
              79.345246,
              13.121402
            ],
            [
              79.344658,
              13.136809
            ],
            [
              79.341167,
              13.136837
            ],
            [
              79.339623,
              13.130454
            ],
            [
              79.329017,
              13.130525
            ],
            [
              79.326772,
              13.126077
            ],
            [
              79.31867,
              13.123472
            ],
            [
              79.324237,
              13.118538
            ],
            [
              79.311921,
              13.116569
            ],
            [
              79.318894,
              13.113466
            ],
            [
              79.309907,
              13.112013
            ],
            [
              79.307188,
              13.105522
            ],
            [
              79.294303,
              13.109599
            ],
            [
              79.301542,
              13.113664
            ],
            [
              79.299262,
              13.118658
            ],
            [
              79.312711,
              13.125902
            ],
            [
              79.284016,
              13.12277
            ],
            [
              79.280546,
              13.152562
            ],
            [
              79.277357,
              13.156217
            ],
            [
              79.272619,
              13.154812
            ]
          ]
        ]
      }
    },
    {
      "type": "Feature",
      "properties": {
        "OBJECTID_1": "       685",
        "OBJECTID_2": "       685",
        "OBJECTID_3": "       686",
        "OBJECTID": "       122",
        "DNAME": "CHITTOOR",
        "DMNAME": "CHITTOOR",
        "SHAPE_LENG": "  1.08172820000e+05",
        "Shape_Le_1": "  1.08172821204e+05",
        "Shape_Le_2": "  1.05462018805e+05",
        "Shape_Le_3": "  1.00000000000e+02",
        "Shape_Area": "  1.00000000000e+02",
        "MaxSimpTol": "  0.00000000000e+00",
        "MinSimpTol": "  1.79864409215e-03"
      },
      "geometry": {
        "type": "Polygon",
        "coordinates": [
          [
            [
              79.120443,
              13.269378
            ],
            [
              79.127805,
              13.263841
            ],
            [
              79.1359,
              13.263285
            ],
            [
              79.138428,
              13.249147
            ],
            [
              79.134629,
              13.242798
            ],
            [
              79.143338,
              13.222901
            ],
            [
              79.15205,
              13.220135
            ],
            [
              79.155476,
              13.215853
            ],
            [
              79.165454,
              13.215391
            ],
            [
              79.167721,
              13.210376
            ],
            [
              79.175868,
              13.209846
            ],
            [
              79.180026,
              13.206388
            ],
            [
              79.187181,
              13.207928
            ],
            [
              79.189751,
              13.211572
            ],
            [
              79.201327,
              13.194463
            ],
            [
              79.20081,
              13.189906
            ],
            [
              79.220766,
              13.185959
            ],
            [
              79.216886,
              13.172472
            ],
            [
              79.233165,
              13.169013
            ],
            [
              79.225608,
              13.158856
            ],
            [
              79.227322,
              13.155615
            ],
            [
              79.214685,
              13.156958
            ],
            [
              79.211124,
              13.148362
            ],
            [
              79.207845,
              13.143236
            ],
            [
              79.195616,
              13.14481
            ],
            [
              79.189322,
              13.147952
            ],
            [
              79.197551,
              13.157853
            ],
            [
              79.182653,
              13.157992
            ],
            [
              79.177054,
              13.155799
            ],
            [
              79.174576,
              13.147359
            ],
            [
              79.168825,
              13.144608
            ],
            [
              79.163743,
              13.149055
            ],
            [
              79.154284,
              13.149617
            ],
            [
              79.143635,
              13.144907
            ],
            [
              79.139675,
              13.148536
            ],
            [
              79.134823,
              13.148567
            ],
            [
              79.12181,
              13.140973
            ],
            [
              79.119721,
              13.132666
            ],
            [
              79.106738,
              13.131225
            ],
            [
              79.102723,
              13.137306
            ],
            [
              79.092748,
              13.119381
            ],
            [
              79.082999,
              13.112287
            ],
            [
              79.096017,
              13.09983
            ],
            [
              79.090892,
              13.092892
            ],
            [
              79.090773,
              13.074489
            ],
            [
              79.07875,
              13.071191
            ],
            [
              79.077607,
              13.063206
            ],
            [
              79.067262,
              13.060791
            ],
            [
              79.06362,
              13.052853
            ],
            [
              79.038686,
              13.061136
            ],
            [
              79.036944,
              13.070519
            ],
            [
              79.0362,
              13.08292
            ],
            [
              79.04086,
              13.089879
            ],
            [
              79.041073,
              13.096735
            ],
            [
              79.046482,
              13.098094
            ],
            [
              79.046532,
              13.111175
            ],
            [
              79.051096,
              13.105661
            ],
            [
              79.053537,
              13.109458
            ],
            [
              79.06028,
              13.11067
            ],
            [
              79.072263,
              13.125444
            ],
            [
              79.072604,
              13.136433
            ],
            [
              79.060375,
              13.137237
            ],
            [
              79.061076,
              13.141098
            ],
            [
              79.07644,
              13.146575
            ],
            [
              79.078871,
              13.164022
            ],
            [
              79.090738,
              13.179356
            ],
            [
              79.087297,
              13.187373
            ],
            [
              79.068873,
              13.187643
            ],
            [
              79.067874,
              13.185448
            ],
            [
              79.064127,
              13.1877
            ],
            [
              79.061578,
              13.192166
            ],
            [
              79.063943,
              13.196454
            ],
            [
              79.068337,
              13.196543
            ],
            [
              79.069115,
              13.20015
            ],
            [
              79.066543,
              13.200574
            ],
            [
              79.060011,
              13.212691
            ],
            [
              79.041535,
              13.208287
            ],
            [
              79.041465,
              13.216928
            ],
            [
              79.044836,
              13.221531
            ],
            [
              79.042028,
              13.222939
            ],
            [
              79.042142,
              13.226742
            ],
            [
              79.077529,
              13.241094
            ],
            [
              79.079954,
              13.250563
            ],
            [
              79.075589,
              13.254618
            ],
            [
              79.076764,
              13.258313
            ],
            [
              79.071965,
              13.258632
            ],
            [
              79.071361,
              13.262954
            ],
            [
              79.075763,
              13.265121
            ],
            [
              79.077311,
              13.270358
            ],
            [
              79.087215,
              13.261314
            ],
            [
              79.120443,
              13.269378
            ]
          ]
        ]
      }
    },
    {
      "type": "Feature",
      "properties": {
        "OBJECTID_1": "       686",
        "OBJECTID_2": "       686",
        "OBJECTID_3": "       687",
        "OBJECTID": "       145",
        "DNAME": "CHITTOOR",
        "DMNAME": "PALAMANER",
        "SHAPE_LENG": "  1.00782453000e+05",
        "Shape_Le_1": "  1.00782450008e+05",
        "Shape_Le_2": "  9.96144692204e+04",
        "Shape_Le_3": "  1.00000000000e+02",
        "Shape_Area": "  1.00000000000e+02",
        "MaxSimpTol": "  0.00000000000e+00",
        "MinSimpTol": "  1.79864409215e-03"
      },
      "geometry": {
        "type": "Polygon",
        "coordinates": [
          [
            [
              78.820758,
              13.087763
            ],
            [
              78.813057,
              13.08909
            ],
            [
              78.797625,
              13.074839
            ],
            [
              78.792847,
              13.065772
            ],
            [
              78.751776,
              13.054935
            ],
            [
              78.739712,
              13.064106
            ],
            [
              78.714191,
              13.068618
            ],
            [
              78.696818,
              13.109218
            ],
            [
              78.68538,
              13.116205
            ],
            [
              78.681823,
              13.127884
            ],
            [
              78.643038,
              13.143156
            ],
            [
              78.64383,
              13.151471
            ],
            [
              78.6466,
              13.152766
            ],
            [
              78.660274,
              13.153114
            ],
            [
              78.654634,
              13.162888
            ],
            [
              78.659372,
              13.171274
            ],
            [
              78.673023,
              13.17067
            ],
            [
              78.677937,
              13.161213
            ],
            [
              78.685582,
              13.165105
            ],
            [
              78.690167,
              13.178038
            ],
            [
              78.68697,
              13.177924
            ],
            [
              78.686291,
              13.18052
            ],
            [
              78.690465,
              13.181082
            ],
            [
              78.691258,
              13.185557
            ],
            [
              78.697125,
              13.184767
            ],
            [
              78.691143,
              13.19018
            ],
            [
              78.700543,
              13.190818
            ],
            [
              78.703885,
              13.194728
            ],
            [
              78.710019,
              13.195591
            ],
            [
              78.712529,
              13.202909
            ],
            [
              78.72769,
              13.204474
            ],
            [
              78.733595,
              13.212621
            ],
            [
              78.74388,
              13.206408
            ],
            [
              78.767533,
              13.206872
            ],
            [
              78.769646,
              13.216977
            ],
            [
              78.7838,
              13.209558
            ],
            [
              78.808459,
              13.206336
            ],
            [
              78.796739,
              13.214066
            ],
            [
              78.805436,
              13.220355
            ],
            [
              78.809404,
              13.218589
            ],
            [
              78.813974,
              13.223598
            ],
            [
              78.814133,
              13.22994
            ],
            [
              78.808387,
              13.234616
            ],
            [
              78.808158,
              13.242117
            ],
            [
              78.816877,
              13.260979
            ],
            [
              78.829031,
              13.258806
            ],
            [
              78.831854,
              13.250506
            ],
            [
              78.839332,
              13.246855
            ],
            [
              78.847627,
              13.231863
            ],
            [
              78.857683,
              13.229116
            ],
            [
              78.876482,
              13.229429
            ],
            [
              78.873058,
              13.218106
            ],
            [
              78.851238,
              13.211295
            ],
            [
              78.823613,
              13.196405
            ],
            [
              78.802929,
              13.1953
            ],
            [
              78.820142,
              13.191378
            ],
            [
              78.821867,
              13.187914
            ],
            [
              78.818738,
              13.187176
            ],
            [
              78.817961,
              13.180792
            ],
            [
              78.804685,
              13.183504
            ],
            [
              78.807379,
              13.175194
            ],
            [
              78.815193,
              13.167214
            ],
            [
              78.808571,
              13.161715
            ],
            [
              78.814447,
              13.152708
            ],
            [
              78.817646,
              13.129239
            ],
            [
              78.823521,
              13.124446
            ],
            [
              78.816159,
              13.125982
            ],
            [
              78.815605,
              13.096242
            ],
            [
              78.820758,
              13.087763
            ]
          ]
        ]
      }
    },
    {
      "type": "Feature",
      "properties": {
        "OBJECTID_1": "       687",
        "OBJECTID_2": "       687",
        "OBJECTID_3": "       688",
        "OBJECTID": "       179",
        "DNAME": "CHITTOOR",
        "DMNAME": "YADAMARRI",
        "SHAPE_LENG": "  1.03369188000e+05",
        "Shape_Le_1": "  1.03369189216e+05",
        "Shape_Le_2": "  1.00737346784e+05",
        "Shape_Le_3": "  1.00000000000e+02",
        "Shape_Area": "  1.00000000000e+02",
        "MaxSimpTol": "  0.00000000000e+00",
        "MinSimpTol": "  1.79864409215e-03"
      },
      "geometry": {
        "type": "Polygon",
        "coordinates": [
          [
            [
              79.036944,
              13.070519
            ],
            [
              79.009496,
              13.077227
            ],
            [
              79.003919,
              13.084599
            ],
            [
              78.994997,
              13.086601
            ],
            [
              78.972298,
              13.083799
            ],
            [
              78.970275,
              13.074706
            ],
            [
              78.968782,
              13.077849
            ],
            [
              78.96213,
              13.078723
            ],
            [
              78.960723,
              13.076111
            ],
            [
              78.955444,
              13.075832
            ],
            [
              78.949571,
              13.080164
            ],
            [
              78.94919,
              13.083987
            ],
            [
              78.941475,
              13.078511
            ],
            [
              78.927492,
              13.081822
            ],
            [
              78.923425,
              13.079897
            ],
            [
              78.921735,
              13.066086
            ],
            [
              78.912593,
              13.065926
            ],
            [
              78.903671,
              13.047699
            ],
            [
              78.917509,
              13.043616
            ],
            [
              78.921746,
              13.047005
            ],
            [
              78.929159,
              13.045752
            ],
            [
              78.933735,
              13.039251
            ],
            [
              78.940805,
              13.036403
            ],
            [
              78.937102,
              13.030419
            ],
            [
              78.935743,
              13.034781
            ],
            [
              78.92912,
              13.036486
            ],
            [
              78.891901,
              13.032929
            ],
            [
              78.891285,
              13.068806
            ],
            [
              78.888948,
              13.073353
            ],
            [
              78.892256,
              13.088702
            ],
            [
              78.904378,
              13.08722
            ],
            [
              78.90617,
              13.094754
            ],
            [
              78.917264,
              13.095718
            ],
            [
              78.921824,
              13.107739
            ],
            [
              78.982339,
              13.118442
            ],
            [
              78.980897,
              13.12727
            ],
            [
              78.987335,
              13.128862
            ],
            [
              78.990713,
              13.137608
            ],
            [
              78.983495,
              13.14411
            ],
            [
              78.959303,
              13.142847
            ],
            [
              78.954947,
              13.139823
            ],
            [
              78.953847,
              13.145156
            ],
            [
              78.967008,
              13.148763
            ],
            [
              78.964733,
              13.15868
            ],
            [
              78.9854,
              13.16307
            ],
            [
              78.991647,
              13.17116
            ],
            [
              78.999094,
              13.165903
            ],
            [
              79.007028,
              13.167316
            ],
            [
              79.009147,
              13.181237
            ],
            [
              79.018246,
              13.190207
            ],
            [
              79.017277,
              13.196761
            ],
            [
              79.02135,
              13.199185
            ],
            [
              79.019174,
              13.205951
            ],
            [
              79.041535,
              13.208287
            ],
            [
              79.060011,
              13.212691
            ],
            [
              79.066543,
              13.200574
            ],
            [
              79.069115,
              13.20015
            ],
            [
              79.068337,
              13.196543
            ],
            [
              79.063943,
              13.196454
            ],
            [
              79.061578,
              13.192166
            ],
            [
              79.064127,
              13.1877
            ],
            [
              79.067874,
              13.185448
            ],
            [
              79.068873,
              13.187643
            ],
            [
              79.087297,
              13.187373
            ],
            [
              79.090738,
              13.179356
            ],
            [
              79.078871,
              13.164022
            ],
            [
              79.07644,
              13.146575
            ],
            [
              79.061076,
              13.141098
            ],
            [
              79.060375,
              13.137237
            ],
            [
              79.072604,
              13.136433
            ],
            [
              79.072263,
              13.125444
            ],
            [
              79.06028,
              13.11067
            ],
            [
              79.053537,
              13.109458
            ],
            [
              79.051096,
              13.105661
            ],
            [
              79.046532,
              13.111175
            ],
            [
              79.046482,
              13.098094
            ],
            [
              79.041073,
              13.096735
            ],
            [
              79.04086,
              13.089879
            ],
            [
              79.0362,
              13.08292
            ],
            [
              79.036944,
              13.070519
            ]
          ]
        ]
      }
    },
    {
      "type": "Feature",
      "properties": {
        "OBJECTID_1": "       688",
        "OBJECTID_2": "       688",
        "OBJECTID_3": "       689",
        "OBJECTID": "       117",
        "DNAME": "CHITTOOR",
        "DMNAME": "BAIREDDIPALLE",
        "SHAPE_LENG": "  9.07608200000e+04",
        "Shape_Le_1": "  9.07608078547e+04",
        "Shape_Le_2": "  8.97274652859e+04",
        "Shape_Le_3": "  1.00000000000e+02",
        "Shape_Area": "  1.00000000000e+02",
        "MaxSimpTol": "  0.00000000000e+00",
        "MinSimpTol": "  1.79864409215e-03"
      },
      "geometry": {
        "type": "Polygon",
        "coordinates": [
          [
            [
              78.6466,
              13.152766
            ],
            [
              78.64383,
              13.151471
            ],
            [
              78.643038,
              13.143156
            ],
            [
              78.681823,
              13.127884
            ],
            [
              78.68538,
              13.116205
            ],
            [
              78.696818,
              13.109218
            ],
            [
              78.714191,
              13.068618
            ],
            [
              78.705176,
              13.015505
            ],
            [
              78.656352,
              13.031151
            ],
            [
              78.655826,
              13.0153
            ],
            [
              78.630915,
              12.995147
            ],
            [
              78.622862,
              12.991686
            ],
            [
              78.605662,
              13.03308
            ],
            [
              78.601273,
              13.036158
            ],
            [
              78.602647,
              13.039919
            ],
            [
              78.590337,
              13.060324
            ],
            [
              78.587529,
              13.069879
            ],
            [
              78.591191,
              13.079528
            ],
            [
              78.579623,
              13.081347
            ],
            [
              78.577624,
              13.077109
            ],
            [
              78.57461,
              13.078221
            ],
            [
              78.571237,
              13.073748
            ],
            [
              78.565621,
              13.073972
            ],
            [
              78.563317,
              13.067874
            ],
            [
              78.567873,
              13.056865
            ],
            [
              78.562737,
              13.05933
            ],
            [
              78.553778,
              13.076719
            ],
            [
              78.537127,
              13.087341
            ],
            [
              78.534128,
              13.086815
            ],
            [
              78.523754,
              13.095456
            ],
            [
              78.523938,
              13.100152
            ],
            [
              78.538629,
              13.107634
            ],
            [
              78.523058,
              13.114953
            ],
            [
              78.52352,
              13.118248
            ],
            [
              78.518984,
              13.11983
            ],
            [
              78.51763,
              13.131339
            ],
            [
              78.52403,
              13.130314
            ],
            [
              78.527334,
              13.138833
            ],
            [
              78.531357,
              13.141212
            ],
            [
              78.545316,
              13.142024
            ],
            [
              78.548813,
              13.148267
            ],
            [
              78.541105,
              13.153228
            ],
            [
              78.550362,
              13.163797
            ],
            [
              78.568597,
              13.161414
            ],
            [
              78.569048,
              13.165253
            ],
            [
              78.573753,
              13.168655
            ],
            [
              78.580025,
              13.167226
            ],
            [
              78.589944,
              13.167669
            ],
            [
              78.58586,
              13.1816
            ],
            [
              78.587081,
              13.186464
            ],
            [
              78.590942,
              13.187427
            ],
            [
              78.604754,
              13.179202
            ],
            [
              78.611057,
              13.167595
            ],
            [
              78.6172,
              13.169014
            ],
            [
              78.619106,
              13.174177
            ],
            [
              78.623074,
              13.175484
            ],
            [
              78.626928,
              13.165376
            ],
            [
              78.628545,
              13.173459
            ],
            [
              78.637114,
              13.173759
            ],
            [
              78.641289,
              13.162969
            ],
            [
              78.631102,
              13.16733
            ],
            [
              78.630408,
              13.165036
            ],
            [
              78.63633,
              13.159736
            ],
            [
              78.64328,
              13.158231
            ],
            [
              78.642648,
              13.153269
            ],
            [
              78.6466,
              13.152766
            ]
          ]
        ]
      }
    },
    {
      "type": "Feature",
      "properties": {
        "OBJECTID_1": "       689",
        "OBJECTID_2": "       689",
        "OBJECTID_3": "       690",
        "OBJECTID": "       126",
        "DNAME": "CHITTOOR",
        "DMNAME": "GUDIPALA",
        "SHAPE_LENG": "  7.79014450000e+04",
        "Shape_Le_1": "  7.79014461677e+04",
        "Shape_Le_2": "  7.61960751518e+04",
        "Shape_Le_3": "  1.00000000000e+02",
        "Shape_Area": "  1.00000000000e+02",
        "MaxSimpTol": "  0.00000000000e+00",
        "MinSimpTol": "  1.79864409215e-03"
      },
      "geometry": {
        "type": "Polygon",
        "coordinates": [
          [
            [
              79.211124,
              13.148362
            ],
            [
              79.221973,
              13.146239
            ],
            [
              79.228289,
              13.139982
            ],
            [
              79.232873,
              13.13937
            ],
            [
              79.229365,
              13.131584
            ],
            [
              79.230377,
              13.126373
            ],
            [
              79.238411,
              13.118551
            ],
            [
              79.234269,
              13.114661
            ],
            [
              79.234426,
              13.105229
            ],
            [
              79.212769,
              13.092442
            ],
            [
              79.200863,
              13.088834
            ],
            [
              79.198293,
              13.081341
            ],
            [
              79.193097,
              13.082287
            ],
            [
              79.190687,
              13.088733
            ],
            [
              79.187656,
              13.083464
            ],
            [
              79.180658,
              13.084243
            ],
            [
              79.181367,
              13.079904
            ],
            [
              79.183239,
              13.081932
            ],
            [
              79.185327,
              13.079672
            ],
            [
              79.184007,
              13.072731
            ],
            [
              79.190798,
              13.073353
            ],
            [
              79.19212,
              13.067431
            ],
            [
              79.18809,
              13.065661
            ],
            [
              79.187315,
              13.060658
            ],
            [
              79.180289,
              13.064424
            ],
            [
              79.178407,
              13.059792
            ],
            [
              79.182976,
              13.056966
            ],
            [
              79.191343,
              13.058565
            ],
            [
              79.192099,
              13.056146
            ],
            [
              79.17966,
              13.054499
            ],
            [
              79.181522,
              13.047638
            ],
            [
              79.192996,
              13.046695
            ],
            [
              79.188495,
              13.041946
            ],
            [
              79.184832,
              13.029853
            ],
            [
              79.182201,
              13.031874
            ],
            [
              79.171856,
              13.027279
            ],
            [
              79.17109,
              13.02398
            ],
            [
              79.160013,
              13.020258
            ],
            [
              79.14713,
              13.025334
            ],
            [
              79.137339,
              13.034811
            ],
            [
              79.114484,
              13.039273
            ],
            [
              79.107468,
              13.038277
            ],
            [
              79.09831,
              13.026065
            ],
            [
              79.086818,
              13.028006
            ],
            [
              79.080909,
              13.025727
            ],
            [
              79.062867,
              13.040638
            ],
            [
              79.06362,
              13.052853
            ],
            [
              79.067262,
              13.060791
            ],
            [
              79.077607,
              13.063206
            ],
            [
              79.07875,
              13.071191
            ],
            [
              79.090773,
              13.074489
            ],
            [
              79.090892,
              13.092892
            ],
            [
              79.096017,
              13.09983
            ],
            [
              79.082999,
              13.112287
            ],
            [
              79.092748,
              13.119381
            ],
            [
              79.102723,
              13.137306
            ],
            [
              79.106738,
              13.131225
            ],
            [
              79.119721,
              13.132666
            ],
            [
              79.12181,
              13.140973
            ],
            [
              79.134823,
              13.148567
            ],
            [
              79.139675,
              13.148536
            ],
            [
              79.143635,
              13.144907
            ],
            [
              79.154284,
              13.149617
            ],
            [
              79.163743,
              13.149055
            ],
            [
              79.168825,
              13.144608
            ],
            [
              79.174576,
              13.147359
            ],
            [
              79.177054,
              13.155799
            ],
            [
              79.182653,
              13.157992
            ],
            [
              79.197551,
              13.157853
            ],
            [
              79.189322,
              13.147952
            ],
            [
              79.195616,
              13.14481
            ],
            [
              79.207845,
              13.143236
            ],
            [
              79.211124,
              13.148362
            ]
          ]
        ]
      }
    },
    {
      "type": "Feature",
      "properties": {
        "OBJECTID_1": "       690",
        "OBJECTID_2": "       690",
        "OBJECTID_3": "       691",
        "OBJECTID": "       177",
        "DNAME": "CHITTOOR",
        "DMNAME": "VENKATAGIRIKOTA",
        "SHAPE_LENG": "  1.06583555000e+05",
        "Shape_Le_1": "  1.06583557966e+05",
        "Shape_Le_2": "  1.05211471017e+05",
        "Shape_Le_3": "  1.00000000000e+02",
        "Shape_Area": "  1.00000000000e+02",
        "MaxSimpTol": "  0.00000000000e+00",
        "MinSimpTol": "  1.79864409215e-03"
      },
      "geometry": {
        "type": "Polygon",
        "coordinates": [
          [
            [
              78.523754,
              13.095456
            ],
            [
              78.534128,
              13.086815
            ],
            [
              78.537127,
              13.087341
            ],
            [
              78.553778,
              13.076719
            ],
            [
              78.562737,
              13.05933
            ],
            [
              78.567873,
              13.056865
            ],
            [
              78.563317,
              13.067874
            ],
            [
              78.565621,
              13.073972
            ],
            [
              78.571237,
              13.073748
            ],
            [
              78.57461,
              13.078221
            ],
            [
              78.577624,
              13.077109
            ],
            [
              78.579623,
              13.081347
            ],
            [
              78.591191,
              13.079528
            ],
            [
              78.587529,
              13.069879
            ],
            [
              78.590337,
              13.060324
            ],
            [
              78.602647,
              13.039919
            ],
            [
              78.601273,
              13.036158
            ],
            [
              78.605662,
              13.03308
            ],
            [
              78.622862,
              12.991686
            ],
            [
              78.620895,
              12.991243
            ],
            [
              78.647164,
              12.966245
            ],
            [
              78.638053,
              12.964766
            ],
            [
              78.646107,
              12.945906
            ],
            [
              78.657004,
              12.93212
            ],
            [
              78.652253,
              12.929115
            ],
            [
              78.633425,
              12.931759
            ],
            [
              78.626845,
              12.907336
            ],
            [
              78.622842,
              12.904267
            ],
            [
              78.616668,
              12.888601
            ],
            [
              78.613077,
              12.867961
            ],
            [
              78.601544,
              12.85083
            ],
            [
              78.602311,
              12.847238
            ],
            [
              78.589133,
              12.866915
            ],
            [
              78.586782,
              12.878045
            ],
            [
              78.597433,
              12.914198
            ],
            [
              78.575967,
              12.920752
            ],
            [
              78.570992,
              12.925128
            ],
            [
              78.563246,
              12.923559
            ],
            [
              78.555134,
              12.926804
            ],
            [
              78.532622,
              12.928084
            ],
            [
              78.527173,
              12.925521
            ],
            [
              78.516642,
              12.936437
            ],
            [
              78.491329,
              12.931355
            ],
            [
              78.487834,
              12.936089
            ],
            [
              78.480966,
              12.930082
            ],
            [
              78.474975,
              12.937699
            ],
            [
              78.457606,
              12.944905
            ],
            [
              78.454782,
              12.939313
            ],
            [
              78.44728,
              12.936615
            ],
            [
              78.449707,
              12.935077
            ],
            [
              78.445769,
              12.934107
            ],
            [
              78.44735,
              12.931801
            ],
            [
              78.443564,
              12.932545
            ],
            [
              78.434582,
              12.935314
            ],
            [
              78.431926,
              12.941248
            ],
            [
              78.438046,
              12.951286
            ],
            [
              78.429099,
              12.957439
            ],
            [
              78.437909,
              12.963954
            ],
            [
              78.43265,
              12.967765
            ],
            [
              78.434679,
              12.971408
            ],
            [
              78.432412,
              12.97793
            ],
            [
              78.435262,
              12.981006
            ],
            [
              78.46739,
              12.974988
            ],
            [
              78.468504,
              12.982678
            ],
            [
              78.474734,
              12.991407
            ],
            [
              78.467624,
              12.998497
            ],
            [
              78.471241,
              13.043976
            ],
            [
              78.477223,
              13.052396
            ],
            [
              78.4875,
              13.053606
            ],
            [
              78.491467,
              13.061785
            ],
            [
              78.514248,
              13.061868
            ],
            [
              78.515164,
              13.070005
            ],
            [
              78.508698,
              13.079082
            ],
            [
              78.509902,
              13.091444
            ],
            [
              78.517124,
              13.096741
            ],
            [
              78.523754,
              13.095456
            ]
          ]
        ]
      }
    },
    {
      "type": "Feature",
      "properties": {
        "OBJECTID_1": "       691",
        "OBJECTID_2": "       691",
        "OBJECTID_3": "       692",
        "OBJECTID": "       158",
        "DNAME": "CHITTOOR",
        "DMNAME": "RAMAKUPPAM",
        "SHAPE_LENG": "  9.30468520000e+04",
        "Shape_Le_1": "  9.30468493456e+04",
        "Shape_Le_2": "  9.13039341173e+04",
        "Shape_Le_3": "  1.00000000000e+02",
        "Shape_Area": "  1.00000000000e+02",
        "MaxSimpTol": "  0.00000000000e+00",
        "MinSimpTol": "  1.79864409215e-03"
      },
      "geometry": {
        "type": "Polygon",
        "coordinates": [
          [
            [
              78.429099,
              12.957439
            ],
            [
              78.438046,
              12.951286
            ],
            [
              78.431926,
              12.941248
            ],
            [
              78.434582,
              12.935314
            ],
            [
              78.443564,
              12.932545
            ],
            [
              78.44735,
              12.931801
            ],
            [
              78.445769,
              12.934107
            ],
            [
              78.449707,
              12.935077
            ],
            [
              78.44728,
              12.936615
            ],
            [
              78.454782,
              12.939313
            ],
            [
              78.457606,
              12.944905
            ],
            [
              78.474975,
              12.937699
            ],
            [
              78.480966,
              12.930082
            ],
            [
              78.487834,
              12.936089
            ],
            [
              78.491329,
              12.931355
            ],
            [
              78.516642,
              12.936437
            ],
            [
              78.527173,
              12.925521
            ],
            [
              78.532622,
              12.928084
            ],
            [
              78.555134,
              12.926804
            ],
            [
              78.563246,
              12.923559
            ],
            [
              78.570992,
              12.925128
            ],
            [
              78.575967,
              12.920752
            ],
            [
              78.597433,
              12.914198
            ],
            [
              78.586782,
              12.878045
            ],
            [
              78.589133,
              12.866915
            ],
            [
              78.602311,
              12.847238
            ],
            [
              78.607743,
              12.821927
            ],
            [
              78.600374,
              12.818446
            ],
            [
              78.60115,
              12.803703
            ],
            [
              78.593055,
              12.798255
            ],
            [
              78.592509,
              12.782699
            ],
            [
              78.57604,
              12.77193
            ],
            [
              78.576552,
              12.767401
            ],
            [
              78.568379,
              12.766952
            ],
            [
              78.565577,
              12.759381
            ],
            [
              78.561524,
              12.761472
            ],
            [
              78.556203,
              12.756888
            ],
            [
              78.558328,
              12.750021
            ],
            [
              78.563152,
              12.75224
            ],
            [
              78.560582,
              12.747862
            ],
            [
              78.547318,
              12.749134
            ],
            [
              78.518875,
              12.757721
            ],
            [
              78.495293,
              12.769629
            ],
            [
              78.491966,
              12.767533
            ],
            [
              78.483189,
              12.782571
            ],
            [
              78.477595,
              12.785896
            ],
            [
              78.475267,
              12.793419
            ],
            [
              78.463216,
              12.791594
            ],
            [
              78.459324,
              12.793164
            ],
            [
              78.456883,
              12.799271
            ],
            [
              78.442474,
              12.803284
            ],
            [
              78.451624,
              12.827121
            ],
            [
              78.449067,
              12.828207
            ],
            [
              78.449632,
              12.83145
            ],
            [
              78.453166,
              12.834147
            ],
            [
              78.451311,
              12.844972
            ],
            [
              78.454776,
              12.852961
            ],
            [
              78.454379,
              12.860592
            ],
            [
              78.464672,
              12.86682
            ],
            [
              78.46945,
              12.889949
            ],
            [
              78.46664,
              12.905379
            ],
            [
              78.459194,
              12.908705
            ],
            [
              78.452208,
              12.917699
            ],
            [
              78.444471,
              12.919607
            ],
            [
              78.437959,
              12.928987
            ],
            [
              78.42813,
              12.932063
            ],
            [
              78.422769,
              12.923323
            ],
            [
              78.418771,
              12.9217
            ],
            [
              78.415155,
              12.93334
            ],
            [
              78.413043,
              12.933377
            ],
            [
              78.4111,
              12.94545
            ],
            [
              78.413707,
              12.948323
            ],
            [
              78.420326,
              12.947713
            ],
            [
              78.421442,
              12.954601
            ],
            [
              78.41921,
              12.958652
            ],
            [
              78.429099,
              12.957439
            ]
          ]
        ]
      }
    },
    {
      "type": "Feature",
      "properties": {
        "OBJECTID_1": "       692",
        "OBJECTID_2": "       692",
        "OBJECTID_3": "       693",
        "OBJECTID": "       162",
        "DNAME": "CHITTOOR",
        "DMNAME": "SANTHIPURAM",
        "SHAPE_LENG": "  7.66215080000e+04",
        "Shape_Le_1": "  7.66215066541e+04",
        "Shape_Le_2": "  7.49912906811e+04",
        "Shape_Le_3": "  1.00000000000e+02",
        "Shape_Area": "  1.00000000000e+02",
        "MaxSimpTol": "  0.00000000000e+00",
        "MinSimpTol": "  1.79864409215e-03"
      },
      "geometry": {
        "type": "Polygon",
        "coordinates": [
          [
            [
              78.464672,
              12.86682
            ],
            [
              78.454379,
              12.860592
            ],
            [
              78.454776,
              12.852961
            ],
            [
              78.451311,
              12.844972
            ],
            [
              78.453166,
              12.834147
            ],
            [
              78.449632,
              12.83145
            ],
            [
              78.449067,
              12.828207
            ],
            [
              78.451624,
              12.827121
            ],
            [
              78.442474,
              12.803284
            ],
            [
              78.437338,
              12.80404
            ],
            [
              78.426637,
              12.824686
            ],
            [
              78.4217,
              12.825907
            ],
            [
              78.426294,
              12.832769
            ],
            [
              78.424318,
              12.83713
            ],
            [
              78.418678,
              12.839457
            ],
            [
              78.410184,
              12.838585
            ],
            [
              78.405475,
              12.834748
            ],
            [
              78.402277,
              12.82399
            ],
            [
              78.397728,
              12.823741
            ],
            [
              78.396515,
              12.816838
            ],
            [
              78.386861,
              12.81015
            ],
            [
              78.386944,
              12.804232
            ],
            [
              78.378145,
              12.803681
            ],
            [
              78.376343,
              12.805838
            ],
            [
              78.372398,
              12.801179
            ],
            [
              78.363628,
              12.805697
            ],
            [
              78.359462,
              12.804963
            ],
            [
              78.357355,
              12.812758
            ],
            [
              78.346861,
              12.808369
            ],
            [
              78.311067,
              12.816491
            ],
            [
              78.305663,
              12.822998
            ],
            [
              78.297787,
              12.843842
            ],
            [
              78.303018,
              12.858593
            ],
            [
              78.313476,
              12.860006
            ],
            [
              78.315581,
              12.867546
            ],
            [
              78.313679,
              12.87621
            ],
            [
              78.331005,
              12.875567
            ],
            [
              78.332223,
              12.880689
            ],
            [
              78.337058,
              12.882352
            ],
            [
              78.337969,
              12.886196
            ],
            [
              78.334498,
              12.889197
            ],
            [
              78.329163,
              12.884578
            ],
            [
              78.320313,
              12.887247
            ],
            [
              78.32405,
              12.892896
            ],
            [
              78.323509,
              12.90177
            ],
            [
              78.326283,
              12.90448
            ],
            [
              78.331039,
              12.90185
            ],
            [
              78.339704,
              12.903171
            ],
            [
              78.344175,
              12.907912
            ],
            [
              78.341941,
              12.911878
            ],
            [
              78.346567,
              12.914027
            ],
            [
              78.349012,
              12.928973
            ],
            [
              78.353811,
              12.93023
            ],
            [
              78.349672,
              12.935692
            ],
            [
              78.355838,
              12.940718
            ],
            [
              78.378213,
              12.913827
            ],
            [
              78.385594,
              12.911415
            ],
            [
              78.388657,
              12.906838
            ],
            [
              78.3961,
              12.906959
            ],
            [
              78.398623,
              12.917287
            ],
            [
              78.412169,
              12.903211
            ],
            [
              78.428604,
              12.902052
            ],
            [
              78.433654,
              12.904518
            ],
            [
              78.434899,
              12.91181
            ],
            [
              78.438785,
              12.913633
            ],
            [
              78.445528,
              12.91177
            ],
            [
              78.443912,
              12.90298
            ],
            [
              78.44918,
              12.898216
            ],
            [
              78.447193,
              12.892184
            ],
            [
              78.455838,
              12.887443
            ],
            [
              78.464064,
              12.877675
            ],
            [
              78.461999,
              12.871035
            ],
            [
              78.464672,
              12.86682
            ]
          ]
        ]
      }
    },
    {
      "type": "Feature",
      "properties": {
        "OBJECTID_1": "       693",
        "OBJECTID_2": "       693",
        "OBJECTID_3": "       694",
        "OBJECTID": "       127",
        "DNAME": "CHITTOOR",
        "DMNAME": "GUDUPALLE",
        "SHAPE_LENG": "  1.00695563000e+05",
        "Shape_Le_1": "  1.00695559671e+05",
        "Shape_Le_2": "  9.86637189271e+04",
        "Shape_Le_3": "  1.00000000000e+02",
        "Shape_Area": "  1.00000000000e+02",
        "MaxSimpTol": "  0.00000000000e+00",
        "MinSimpTol": "  1.79864409215e-03"
      },
      "geometry": {
        "type": "Polygon",
        "coordinates": [
          [
            [
              78.303018,
              12.858593
            ],
            [
              78.297787,
              12.843842
            ],
            [
              78.305663,
              12.822998
            ],
            [
              78.311067,
              12.816491
            ],
            [
              78.346861,
              12.808369
            ],
            [
              78.357355,
              12.812758
            ],
            [
              78.359462,
              12.804963
            ],
            [
              78.363628,
              12.805697
            ],
            [
              78.372398,
              12.801179
            ],
            [
              78.376343,
              12.805838
            ],
            [
              78.378145,
              12.803681
            ],
            [
              78.386944,
              12.804232
            ],
            [
              78.386051,
              12.791716
            ],
            [
              78.393843,
              12.780317
            ],
            [
              78.400995,
              12.781363
            ],
            [
              78.400048,
              12.77816
            ],
            [
              78.368276,
              12.773187
            ],
            [
              78.367139,
              12.777817
            ],
            [
              78.362285,
              12.780687
            ],
            [
              78.354478,
              12.77537
            ],
            [
              78.353218,
              12.777637
            ],
            [
              78.340847,
              12.778237
            ],
            [
              78.336504,
              12.773885
            ],
            [
              78.338999,
              12.770892
            ],
            [
              78.339373,
              12.753328
            ],
            [
              78.330627,
              12.755429
            ],
            [
              78.32214,
              12.751951
            ],
            [
              78.319216,
              12.761431
            ],
            [
              78.312202,
              12.758299
            ],
            [
              78.30931,
              12.762917
            ],
            [
              78.307417,
              12.761009
            ],
            [
              78.303952,
              12.763901
            ],
            [
              78.301754,
              12.760281
            ],
            [
              78.306104,
              12.749936
            ],
            [
              78.300272,
              12.742335
            ],
            [
              78.294342,
              12.74986
            ],
            [
              78.288824,
              12.74349
            ],
            [
              78.281932,
              12.745217
            ],
            [
              78.279933,
              12.749424
            ],
            [
              78.272667,
              12.748453
            ],
            [
              78.264911,
              12.72888
            ],
            [
              78.269841,
              12.717582
            ],
            [
              78.281091,
              12.712086
            ],
            [
              78.297059,
              12.714266
            ],
            [
              78.306301,
              12.702183
            ],
            [
              78.307873,
              12.693066
            ],
            [
              78.305957,
              12.691104
            ],
            [
              78.31049,
              12.686524
            ],
            [
              78.295404,
              12.675545
            ],
            [
              78.276497,
              12.701548
            ],
            [
              78.271086,
              12.705058
            ],
            [
              78.244088,
              12.705422
            ],
            [
              78.239114,
              12.701372
            ],
            [
              78.237733,
              12.687062
            ],
            [
              78.235269,
              12.686431
            ],
            [
              78.210977,
              12.686342
            ],
            [
              78.20926,
              12.690651
            ],
            [
              78.199311,
              12.694371
            ],
            [
              78.20852,
              12.699711
            ],
            [
              78.205292,
              12.705562
            ],
            [
              78.206872,
              12.708062
            ],
            [
              78.225808,
              12.714792
            ],
            [
              78.230729,
              12.713411
            ],
            [
              78.240273,
              12.729682
            ],
            [
              78.23568,
              12.738331
            ],
            [
              78.230951,
              12.760662
            ],
            [
              78.23898,
              12.768379
            ],
            [
              78.245639,
              12.788267
            ],
            [
              78.251357,
              12.818126
            ],
            [
              78.252616,
              12.861021
            ],
            [
              78.264801,
              12.86169
            ],
            [
              78.268399,
              12.867686
            ],
            [
              78.282248,
              12.859405
            ],
            [
              78.303018,
              12.858593
            ]
          ]
        ]
      }
    },
    {
      "type": "Feature",
      "properties": {
        "OBJECTID_1": "       694",
        "OBJECTID_2": "       694",
        "OBJECTID_3": "       695",
        "OBJECTID": "       135",
        "DNAME": "CHITTOOR",
        "DMNAME": "KUPPAM",
        "SHAPE_LENG": "  1.42093984000e+05",
        "Shape_Le_1": "  1.42093989222e+05",
        "Shape_Le_2": "  1.38962026978e+05",
        "Shape_Le_3": "  1.00000000000e+02",
        "Shape_Area": "  1.00000000000e+02",
        "MaxSimpTol": "  0.00000000000e+00",
        "MinSimpTol": "  1.79864409215e-03"
      },
      "geometry": {
        "type": "Polygon",
        "coordinates": [
          [
            [
              78.442474,
              12.803284
            ],
            [
              78.456883,
              12.799271
            ],
            [
              78.459324,
              12.793164
            ],
            [
              78.463216,
              12.791594
            ],
            [
              78.475267,
              12.793419
            ],
            [
              78.477595,
              12.785896
            ],
            [
              78.483189,
              12.782571
            ],
            [
              78.491966,
              12.767533
            ],
            [
              78.495293,
              12.769629
            ],
            [
              78.518875,
              12.757721
            ],
            [
              78.547318,
              12.749134
            ],
            [
              78.560582,
              12.747862
            ],
            [
              78.560812,
              12.743338
            ],
            [
              78.556319,
              12.738997
            ],
            [
              78.564177,
              12.736759
            ],
            [
              78.555212,
              12.717058
            ],
            [
              78.561728,
              12.709219
            ],
            [
              78.555792,
              12.705879
            ],
            [
              78.557242,
              12.700328
            ],
            [
              78.540999,
              12.689808
            ],
            [
              78.53501,
              12.690549
            ],
            [
              78.529799,
              12.705498
            ],
            [
              78.531843,
              12.710977
            ],
            [
              78.534827,
              12.708197
            ],
            [
              78.54315,
              12.708519
            ],
            [
              78.537573,
              12.714397
            ],
            [
              78.526999,
              12.714058
            ],
            [
              78.527434,
              12.718617
            ],
            [
              78.523817,
              12.718467
            ],
            [
              78.520583,
              12.727654
            ],
            [
              78.518813,
              12.724438
            ],
            [
              78.512419,
              12.725758
            ],
            [
              78.513647,
              12.732098
            ],
            [
              78.505827,
              12.741278
            ],
            [
              78.493165,
              12.747149
            ],
            [
              78.489088,
              12.74198
            ],
            [
              78.496961,
              12.731337
            ],
            [
              78.501641,
              12.731127
            ],
            [
              78.505971,
              12.722525
            ],
            [
              78.509271,
              12.724234
            ],
            [
              78.52024,
              12.718685
            ],
            [
              78.51753,
              12.714693
            ],
            [
              78.520012,
              12.712013
            ],
            [
              78.511778,
              12.707698
            ],
            [
              78.503069,
              12.716769
            ],
            [
              78.501933,
              12.704448
            ],
            [
              78.496575,
              12.703253
            ],
            [
              78.499408,
              12.69925
            ],
            [
              78.503984,
              12.698641
            ],
            [
              78.50291,
              12.691907
            ],
            [
              78.50744,
              12.691407
            ],
            [
              78.503358,
              12.68991
            ],
            [
              78.503859,
              12.681914
            ],
            [
              78.49982,
              12.676647
            ],
            [
              78.484501,
              12.67166
            ],
            [
              78.4679,
              12.675893
            ],
            [
              78.470515,
              12.650563
            ],
            [
              78.474776,
              12.647632
            ],
            [
              78.470563,
              12.644592
            ],
            [
              78.471723,
              12.632041
            ],
            [
              78.464918,
              12.624011
            ],
            [
              78.458459,
              12.629645
            ],
            [
              78.434826,
              12.629551
            ],
            [
              78.427067,
              12.635243
            ],
            [
              78.41261,
              12.626856
            ],
            [
              78.373768,
              12.626316
            ],
            [
              78.355648,
              12.636457
            ],
            [
              78.343592,
              12.64874
            ],
            [
              78.33221,
              12.649262
            ],
            [
              78.331072,
              12.653027
            ],
            [
              78.318367,
              12.661924
            ],
            [
              78.300994,
              12.665869
            ],
            [
              78.295404,
              12.675545
            ],
            [
              78.31049,
              12.686524
            ],
            [
              78.305957,
              12.691104
            ],
            [
              78.307873,
              12.693066
            ],
            [
              78.306301,
              12.702183
            ],
            [
              78.297059,
              12.714266
            ],
            [
              78.281091,
              12.712086
            ],
            [
              78.269841,
              12.717582
            ],
            [
              78.264911,
              12.72888
            ],
            [
              78.272667,
              12.748453
            ],
            [
              78.279933,
              12.749424
            ],
            [
              78.281932,
              12.745217
            ],
            [
              78.288824,
              12.74349
            ],
            [
              78.294342,
              12.74986
            ],
            [
              78.300272,
              12.742335
            ],
            [
              78.306104,
              12.749936
            ],
            [
              78.301754,
              12.760281
            ],
            [
              78.303952,
              12.763901
            ],
            [
              78.307417,
              12.761009
            ],
            [
              78.30931,
              12.762917
            ],
            [
              78.312202,
              12.758299
            ],
            [
              78.319216,
              12.761431
            ],
            [
              78.32214,
              12.751951
            ],
            [
              78.330627,
              12.755429
            ],
            [
              78.339373,
              12.753328
            ],
            [
              78.338999,
              12.770892
            ],
            [
              78.336504,
              12.773885
            ],
            [
              78.340847,
              12.778237
            ],
            [
              78.353218,
              12.777637
            ],
            [
              78.354478,
              12.77537
            ],
            [
              78.362285,
              12.780687
            ],
            [
              78.367139,
              12.777817
            ],
            [
              78.368276,
              12.773187
            ],
            [
              78.400048,
              12.77816
            ],
            [
              78.400995,
              12.781363
            ],
            [
              78.393843,
              12.780317
            ],
            [
              78.386051,
              12.791716
            ],
            [
              78.386944,
              12.804232
            ],
            [
              78.386861,
              12.81015
            ],
            [
              78.396515,
              12.816838
            ],
            [
              78.397728,
              12.823741
            ],
            [
              78.402277,
              12.82399
            ],
            [
              78.405475,
              12.834748
            ],
            [
              78.410184,
              12.838585
            ],
            [
              78.418678,
              12.839457
            ],
            [
              78.424318,
              12.83713
            ],
            [
              78.426294,
              12.832769
            ],
            [
              78.4217,
              12.825907
            ],
            [
              78.426637,
              12.824686
            ],
            [
              78.437338,
              12.80404
            ],
            [
              78.442474,
              12.803284
            ]
          ]
        ]
      }
    }
  ]
}